controller,seed,step,phase,J_full,J_control,coverage,concentration,entropy,eig,movement,latency,zone_accuracy,infeasible_proposals,baseline_coverage
Fixed,0,0,before,1.727369811877861,1.727369811877861,0.875,0.8049518091562529,0.3704254127433162,0.2946669731973569,0.0,0.15,0.55,0,0.85
Fixed,0,1,before,1.6502618550888453,1.6502618550888453,0.8416666666666667,0.7686714485966701,0.4320598422056386,0.31181643028162853,0.0,0.15,0.5,0,0.85
Fixed,0,2,before,1.73976178412392,1.73976178412392,0.875,0.806772069031936,0.3621832565327646,0.3083228545175847,0.0,0.15,0.5583333333333333,0,0.85
Fixed,0,3,before,1.698831925033317,1.698831925033317,0.8583333333333333,0.7939860193834513,0.4036115476825581,0.30911707995660254,0.0,0.15,0.49166666666666664,0,0.85
Fixed,0,4,before,1.7083238921295718,1.7083238921295718,0.8833333333333333,0.7845675571187731,0.40693234897689956,0.30056476341119875,0.0,0.15,0.5583333333333333,0,0.85
Fixed,0,5,before,1.6754975926667321,1.6754975926667321,0.825,0.7900569326673867,0.3815224571627768,0.3217079523110789,0.0,0.15,0.5333333333333333,0,0.85
Fixed,0,6,before,1.6808632324114443,1.6808632324114443,0.8666666666666667,0.7816920550548162,0.4013914413348373,0.2847026651062832,0.0,0.15,0.5333333333333333,0,0.85
Fixed,0,7,before,1.7459415472665314,1.7459415472665314,0.8833333333333333,0.7907430463772881,0.3974685276295586,0.34841723716671724,0.0,0.15,0.525,0,0.85
Fixed,0,8,before,1.6849807036317066,1.6849807036317066,0.8166666666666667,0.795519200543053,0.3721653197515041,0.337798414435428,0.0,0.15,0.4666666666666667,0,0.85
Fixed,0,9,before,1.684347827222063,1.684347827222063,0.875,0.7711162184026821,0.42477880883753183,0.30549477502717803,0.0,0.15,0.525,0,0.85
Fixed,0,10,before,1.725718487625648,1.725718487625648,0.85,0.7918038354520462,0.38841173172159943,0.3641443133486186,0.0,0.15,0.55,0,0.85
Fixed,0,11,before,1.7177738756280247,1.7177738756280247,0.8666666666666667,0.8044314815551882,0.3645130931212558,0.2905866229386602,0.0,0.15,0.525,0,0.85
Fixed,0,12,after,1.4378157537518623,1.4378157537518623,0.6583333333333333,0.7456917819264919,0.42650563460137075,0.29892358547026127,0.0,0.15,0.35,0,0.85
Fixed,0,13,after,1.4506376914946149,1.4506376914946149,0.6333333333333333,0.7402578991957031,0.42864971229296744,0.3720477030104794,0.0,0.15,0.375,0,0.85
Fixed,0,14,after,1.4099044441632473,1.4099044441632473,0.625,0.7319112062961023,0.44741335718053554,0.3409824069891889,0.0,0.15,0.3416666666666667,0,0.85
Fixed,0,15,after,1.4782589290373491,1.4782589290373491,0.6666666666666666,0.749196670469522,0.42439501609326136,0.34558351486718064,0.0,0.15,0.4083333333333333,0,0.85
Fixed,0,16,after,1.4691078416186618,1.4691078416186618,0.65,0.7438211022556346,0.4276440221608372,0.3686312022841286,0.0,0.15,0.38333333333333336,0,0.85
Fixed,0,17,after,1.4326204092177106,1.4326204092177106,0.65,0.7319072415729712,0.4546601275203956,0.3406672498291054,0.0,0.15,0.3333333333333333,0,0.85
Fixed,0,18,after,1.4961861556226526,1.4961861556226526,0.6666666666666666,0.7503978694194885,0.42662347598048184,0.37453189026877987,0.0,0.15,0.36666666666666664,0,0.85
Fixed,0,19,after,1.5019171091683996,1.5019171091683996,0.675,0.7586110110489327,0.40526558950015995,0.34623504893738544,0.0,0.15,0.4166666666666667,0,0.85
Fixed,0,20,after,1.4082316094081566,1.4082316094081566,0.625,0.7372112885635064,0.4355352786304254,0.32364873027851954,0.0,0.15,0.36666666666666664,0,0.85
Fixed,0,21,after,1.4698563529520883,1.4698563529520883,0.6416666666666667,0.7541006799133702,0.4066069645642731,0.3565182944093491,0.0,0.15,0.3416666666666667,0,0.85
Fixed,0,22,after,1.4428774797105763,1.4428774797105763,0.6583333333333333,0.7318670703200821,0.4443621407325425,0.33898814569314917,0.0,0.15,0.36666666666666664,0,0.85
Fixed,0,23,after,1.4282129734299103,1.4282129734299103,0.6083333333333333,0.7407527365269181,0.41748365570753937,0.3701453725299189,0.0,0.15,0.325,0,0.85
Fixed,1,0,before,1.680556728071863,1.680556728071863,0.8333333333333334,0.8238697289258862,0.3232577891697611,0.23187691280905365,0.0,0.15,0.525,0,0.85
Fixed,1,1,before,1.7145225631247412,1.7145225631247412,0.8666666666666667,0.8255487794940064,0.3336289700986503,0.23512014849285173,0.0,0.15,0.5333333333333333,0,0.85
Fixed,1,2,before,1.6777407593355855,1.6777407593355855,0.8416666666666667,0.8020283387015428,0.36130247074862487,0.26799268421561684,0.0,0.15,0.525,0,0.85
Fixed,1,3,before,1.6883636999910636,1.6883636999910636,0.8666666666666667,0.7956312257519376,0.3867450004322981,0.26692804402485776,0.0,0.15,0.5333333333333333,0,0.85
Fixed,1,4,before,1.7125615715645877,1.7125615715645877,0.8416666666666667,0.8138107484874223,0.3514347756959567,0.30164466338165846,0.0,0.15,0.5,0,0.85
Fixed,1,5,before,1.7165505897984408,1.7165505897984408,0.8583333333333333,0.8128666514351223,0.355021362479787,0.2838135280697193,0.0,0.15,0.5083333333333333,0,0.85
Fixed,1,6,before,1.7376694973515177,1.7376694973515177,0.8583333333333333,0.8262156405345863,0.33653939936832394,0.28787544665014053,0.0,0.15,0.5333333333333333,0,0.85
Fixed,1,7,before,1.6436427601126313,1.6436427601126313,0.7916666666666666,0.8118610627715943,0.3450543450959499,0.27029444862632257,0.0,0.15,0.49166666666666664,0,0.85
Fixed,1,8,before,1.7128207679389207,1.7128207679389207,0.8666666666666667,0.8095043361704272,0.3544939405185402,0.26905849184013997,0.0,0.15,0.5,0,0.85
Fixed,1,9,before,1.67836072761079,1.67836072761079,0.85,0.7952420743037095,0.386252274172587,0.2784458356720924,0.0,0.15,0.4583333333333333,0,0.85
Fixed,1,10,before,1.7202238836350456,1.7202238836350456,0.8583333333333333,0.8172495936516136,0.3500453296272894,0.28023781479670895,0.0,0.15,0.5,0,0.85
Fixed,1,11,before,1.7039884463943606,1.7039884463943606,0.85,0.8151867022881735,0.34873298465071656,0.2698746893603107,0.0,0.15,0.5333333333333333,0,0.85
Fixed,1,12,after,1.5235202583112621,1.5235202583112621,0.7083333333333334,0.7877001597158115,0.3638966492038376,0.25830857250435807,0.0,0.15,0.4166666666666667,0,0.85
Fixed,1,13,after,1.4464379599885842,1.4464379599885842,0.6833333333333333,0.7600003273990966,0.4112620365265273,0.2404490656278292,0.0,0.15,0.4,0,0.85
Fixed,1,14,after,1.4767003473368974,1.4767003473368974,0.6666666666666666,0.7633615150101595,0.3989853624768237,0.3071583440443186,0.0,0.15,0.36666666666666664,0,0.85
Fixed,1,15,after,1.5560000275055896,1.5560000275055896,0.7,0.7928940632859346,0.3597443865510866,0.3156770878543902,0.0,0.15,0.475,0,0.85
Fixed,1,16,after,1.4777877493363207,1.4777877493363207,0.7,0.7597308204197198,0.40774102803041334,0.2636768678964832,0.0,0.15,0.4166666666666667,0,0.85
Fixed,1,17,after,1.4994535522865395,1.4994535522865395,0.6916666666666667,0.7760765059929082,0.3864047354301231,0.27617203123862477,0.0,0.15,0.49166666666666664,0,0.85
Fixed,1,18,after,1.5176568280444227,1.5176568280444227,0.7166666666666667,0.7729261977567383,0.3892896908479981,0.2714820415202313,0.0,0.15,0.4,0,0.85
Fixed,1,19,after,1.5409732013762791,1.5409732013762791,0.7166666666666667,0.7800117606492051,0.37141497121544476,0.2899374691288251,0.0,0.15,0.45,0,0.85
Fixed,1,20,after,1.5011119673640068,1.5011119673640068,0.6916666666666667,0.7756799739848029,0.38870481338230806,0.2807030467330037,0.0,0.15,0.4,0,0.85
Fixed,1,21,after,1.5264098239001764,1.5264098239001764,0.7166666666666667,0.7768810988188429,0.38225532882696395,0.27609605310845814,0.0,0.15,0.43333333333333335,0,0.85
Fixed,1,22,after,1.504939686327971,1.504939686327971,0.6916666666666667,0.7792532756708413,0.3827108416242204,0.2782445844193396,0.0,0.15,0.425,0,0.85
Fixed,1,23,after,1.4639244813792238,1.4639244813792238,0.675,0.7596996062438668,0.39887602054537225,0.2780269441490392,0.0,0.15,0.43333333333333335,0,0.85
Fixed,2,0,before,1.7429215891274763,1.7429215891274763,0.8833333333333333,0.8256477776244366,0.34122246842922316,0.258160784630421,0.0,0.15,0.5916666666666667,0,0.8916666666666667
Fixed,2,1,before,1.7234835442427714,1.7234835442427714,0.875,0.8302316583039295,0.32443985681975107,0.22394240073159621,0.0,0.15,0.575,0,0.8916666666666667
Fixed,2,2,before,1.7305606663321895,1.7305606663321895,0.875,0.8175417094402221,0.34463973522881564,0.2666016071225787,0.0,0.15,0.5416666666666666,0,0.8916666666666667
Fixed,2,3,before,1.7425565256130093,1.7425565256130093,0.8833333333333333,0.8180630176075527,0.35903021347428254,0.27875732728975644,0.0,0.15,0.6,0,0.8916666666666667
Fixed,2,4,before,1.7319291931355234,1.7319291931355234,0.8916666666666667,0.8102395446822617,0.364477549366993,0.2628149539733663,0.0,0.15,0.6083333333333333,0,0.8916666666666667
Fixed,2,5,before,1.692416683834279,1.692416683834279,0.8583333333333333,0.8137901408555658,0.358113022574504,0.24353797665763122,0.0,0.15,0.5333333333333333,0,0.8916666666666667
Fixed,2,6,before,1.7259311201585061,1.7259311201585061,0.8583333333333333,0.8206090438743483,0.34170203047250775,0.28013851319283295,0.0,0.15,0.6333333333333333,0,0.8916666666666667
Fixed,2,7,before,1.6816723128339361,1.6816723128339361,0.8583333333333333,0.8077850111967559,0.37123538406382905,0.24194976303687665,0.0,0.15,0.5833333333333334,0,0.8916666666666667
Fixed,2,8,before,1.746530851864346,1.746530851864346,0.875,0.8341270437974588,0.32882796721816765,0.2579725059818951,0.0,0.15,0.55,0,0.8916666666666667
Fixed,2,9,before,1.7110746823933214,1.7110746823933214,0.875,0.8027685787293473,0.37535063623454196,0.2735156732699874,0.0,0.15,0.5583333333333333,0,0.8916666666666667
Fixed,2,10,before,1.664500904022503,1.664500904022503,0.8166666666666667,0.8116439714696432,0.34811814930513746,0.26522655235897696,0.0,0.15,0.5666666666666667,0,0.8916666666666667
Fixed,2,11,before,1.6758023667627813,1.6758023667627813,0.8333333333333334,0.8066463624399361,0.3708800306163296,0.27556004529416134,0.0,0.15,0.525,0,0.8916666666666667
Fixed,2,12,after,1.5444835470013445,1.5444835470013445,0.7,0.789305772841935,0.37000153076519254,0.3073960814511053,0.0,0.15,0.475,0,0.8916666666666667
Fixed,2,13,after,1.4762109132471446,1.4762109132471446,0.6833333333333333,0.7854517342732446,0.36593870123461014,0.22585572591445105,0.0,0.15,0.39166666666666666,0,0.8916666666666667
Fixed,2,14,after,1.5004097503181086,1.5004097503181086,0.675,0.7889567279434487,0.35707610488454583,0.2699723458700606,0.0,0.15,0.4583333333333333,0,0.8916666666666667
Fixed,2,15,after,1.4925139902636118,1.4925139902636118,0.6916666666666667,0.780130011069684,0.37472071410626157,0.2522314261985934,0.0,0.15,0.475,0,0.8916666666666667
Fixed,2,16,after,1.526327796223076,1.526327796223076,0.6916666666666667,0.7896308120990215,0.36089168291660945,0.28610274284293447,0.0,0.15,0.45,0,0.8916666666666667
Fixed,2,17,after,1.5260491211719542,1.5260491211719542,0.6916666666666667,0.787792409647844,0.35750365589495453,0.28707299191551466,0.0,0.15,0.49166666666666664,0,0.8916666666666667
Fixed,2,18,after,1.4782755905918745,1.4782755905918745,0.6666666666666666,0.7725826692088511,0.38049804326524034,0.2855246378895001,0.0,0.15,0.48333333333333334,0,0.8916666666666667
Fixed,2,19,after,1.534207743772372,1.534207743772372,0.7083333333333334,0.7908944525529599,0.36584711574115614,0.27173520301123016,0.0,0.15,0.5,0,0.8916666666666667
Fixed,2,20,after,1.5557494977850357,1.5557494977850357,0.7166666666666667,0.7992075387201242,0.34814941643883185,0.27138329952530443,0.0,0.15,0.44166666666666665,0,0.8916666666666667
Fixed,2,21,after,1.4734759185673794,1.4734759185673794,0.675,0.7680398376589523,0.3963167999419948,0.2788148954798113,0.0,0.15,0.475,0,0.8916666666666667
Fixed,2,22,after,1.4483505121844236,1.4483505121844236,0.6666666666666666,0.7757767254627498,0.37368454018506964,0.2270494777523028,0.0,0.15,0.48333333333333334,0,0.8916666666666667
Fixed,2,23,after,1.4989349758940258,1.4989349758940258,0.7083333333333334,0.7645053175312228,0.4089659644057068,0.2776649312959445,0.0,0.15,0.49166666666666664,0,0.8916666666666667
Fixed,3,0,before,1.7143293433194016,1.7143293433194016,0.875,0.8123449026781887,0.3563110264369836,0.25382345135358564,0.0,0.15,0.5666666666666667,0,0.8666666666666667
Fixed,3,1,before,1.680658719528738,1.680658719528738,0.85,0.7969236512628051,0.3863162658066329,0.2795039674078785,0.0,0.15,0.5416666666666666,0,0.8666666666666667
Fixed,3,2,before,1.7172366260004943,1.7172366260004943,0.9,0.790203509742219,0.40381872574375305,0.2767509514466631,0.0,0.15,0.575,0,0.8666666666666667
Fixed,3,3,before,1.7547429855870262,1.7547429855870262,0.875,0.8151282319152983,0.3591682980948473,0.3179146969548684,0.0,0.15,0.6,0,0.8666666666666667
Fixed,3,4,before,1.6828899051358324,1.6828899051358324,0.8333333333333334,0.8129460843044952,0.35208620198812024,0.2678351516879033,0.0,0.15,0.55,0,0.8666666666666667
Fixed,3,5,before,1.7521389707808532,1.7521389707808532,0.9,0.8279460882633755,0.3352320984055839,0.2390340328346418,0.0,0.15,0.625,0,0.8666666666666667
Fixed,3,6,before,1.73508780722546,1.73508780722546,0.8833333333333333,0.8208460569541669,0.347430206036566,0.2560926399979281,0.0,0.15,0.575,0,0.8666666666666667
Fixed,3,7,before,1.7225501352546713,1.7225501352546713,0.875,0.827968020167059,0.34216501203141114,0.23468344715383033,0.0,0.15,0.5833333333333334,0,0.8666666666666667
Fixed,3,8,before,1.6565519775945923,1.6565519775945923,0.8583333333333333,0.8073186990144126,0.37253496548435144,0.20148469116541567,0.0,0.15,0.6,0,0.8666666666666667
Fixed,3,9,before,1.69245543743543,1.69245543743543,0.825,0.8089098747473654,0.35783211531583575,0.30715681055909555,0.0,0.15,0.575,0,0.8666666666666667
Fixed,3,10,before,1.738337017947051,1.738337017947051,0.875,0.8149575823870036,0.3521643305320023,0.287487637012246,0.0,0.15,0.525,0,0.8666666666666667
Fixed,3,11,before,1.6822443283794235,1.6822443283794235,0.8833333333333333,0.7980219788170418,0.40330200123373694,0.23292895943524933,0.0,0.15,0.5833333333333334,0,0.8666666666666667
Fixed,3,12,after,1.565459026251789,1.565459026251789,0.7,0.7904804837303151,0.3580469140450813,0.33464840663526824,0.0,0.15,0.45,0,0.8666666666666667
Fixed,3,13,after,1.4452030784095005,1.4452030784095005,0.675,0.7540443632992065,0.4223694114026017,0.26754794360173134,0.0,0.15,0.44166666666666665,0,0.8666666666666667
Fixed,3,14,after,1.549269983223953,1.549269983223953,0.725,0.7666083187156822,0.3997345829033195,0.3258344743225973,0.0,0.15,0.43333333333333335,0,0.8666666666666667
Fixed,3,15,after,1.5538865863312288,1.5538865863312288,0.7166666666666667,0.7938044167003556,0.36322775182010564,0.2845347970283819,0.0,0.15,0.4666666666666667,0,0.8666666666666667
Fixed,3,16,after,1.5009064537870669,1.5009064537870669,0.7166666666666667,0.7751096063511759,0.3933313006951156,0.2418693402617902,0.0,0.15,0.4666666666666667,0,0.8666666666666667
Fixed,3,17,after,1.492690438114046,1.492690438114046,0.7083333333333334,0.7707964954836423,0.3989655619574751,0.2519628947356263,0.0,0.15,0.4666666666666667,0,0.8666666666666667
Fixed,3,18,after,1.5647280920925903,1.5647280920925903,0.725,0.7740317061045608,0.3933117082060122,0.33613692696417596,0.0,0.15,0.45,0,0.8666666666666667
Fixed,3,19,after,1.5306435868120443,1.5306435868120443,0.725,0.7666181559760243,0.41654955109877284,0.3028603752782741,0.0,0.15,0.475,0,0.8666666666666667
Fixed,3,20,after,1.5836001216445987,1.5836001216445987,0.7333333333333333,0.7912340419451416,0.3734183658073996,0.3154641854526053,0.0,0.15,0.44166666666666665,0,0.8666666666666667
Fixed,3,21,after,1.4756338006662024,1.4756338006662024,0.6916666666666667,0.7539987262914027,0.4242425688944206,0.2914648962728802,0.0,0.15,0.45,0,0.8666666666666667
Fixed,3,22,after,1.5396155742097082,1.5396155742097082,0.7,0.7796976383225596,0.3867911148523656,0.3233704342310545,0.0,0.15,0.49166666666666664,0,0.8666666666666667
Fixed,3,23,after,1.519779914446985,1.519779914446985,0.7083333333333334,0.7720301858463348,0.4018708426460447,0.2964530160333004,0.0,0.15,0.5,0,0.8666666666666667
Fixed,4,0,before,1.7392556448494152,1.7392556448494152,0.8833333333333333,0.8332265237659392,0.32591199910586016,0.23205685454231506,0.0,0.15,0.5416666666666666,0,0.875
Fixed,4,1,before,1.7759432324734117,1.7759432324734117,0.9,0.8389988278478921,0.31721541321478564,0.25162237555537065,0.0,0.15,0.5666666666666667,0,0.875
Fixed,4,2,before,1.7545846490873533,1.7545846490873533,0.9166666666666666,0.8276846962380191,0.3457992755969715,0.2208497769866945,0.0,0.15,0.6,0,0.875
Fixed,4,3,before,1.7863426653666388,1.7863426653666388,0.9,0.8417976849261152,0.31541793792894324,0.26342559902004214,0.0,0.15,0.55,0,0.875
Fixed,4,4,before,1.729328949238823,1.729328949238823,0.8833333333333333,0.817845040921156,0.3519020983150114,0.2536467623463857,0.0,0.15,0.5833333333333334,0,0.875
Fixed,4,5,before,1.7623586439759211,1.7623586439759211,0.875,0.8328495218647667,0.31394391583324255,0.2793236470152178,0.0,0.15,0.55,0,0.875
Fixed,4,6,before,1.7791614526210642,1.7791614526210642,0.9166666666666666,0.8364021732641961,0.33148406739284214,0.24039782787078795,0.0,0.15,0.5666666666666667,0,0.875
Fixed,4,7,before,1.6991115673299342,1.6991115673299342,0.875,0.8261697438748923,0.3393449589588128,0.19726013557191904,0.0,0.15,0.5416666666666666,0,0.875
Fixed,4,8,before,1.6845384073244263,1.6845384073244263,0.85,0.8202589536880784,0.34444302028279244,0.22694116847084694,0.0,0.15,0.5666666666666667,0,0.875
Fixed,4,9,before,1.770359966842787,1.770359966842787,0.9083333333333333,0.8306849249796335,0.3315747350271531,0.2491899228522823,0.0,0.15,0.5666666666666667,0,0.875
Fixed,4,10,before,1.7730950577315863,1.7730950577315863,0.9166666666666666,0.8340222279517452,0.32918329951766806,0.23314730977449277,0.0,0.15,0.5583333333333333,0,0.875
Fixed,4,11,before,1.7880081125781373,1.7880081125781373,0.9083333333333333,0.84360151299747,0.3118141944655736,0.24757304109031336,0.0,0.15,0.55,0,0.875
Fixed,4,12,after,1.5395819002739672,1.5395819002739672,0.7583333333333333,0.7980762671486418,0.36481316459095753,0.18489188078878116,0.0,0.15,0.4666666666666667,0,0.875
Fixed,4,13,after,1.4966415463786105,1.4966415463786105,0.6916666666666667,0.7837120190878903,0.3655036387343414,0.24870819671639105,0.0,0.15,0.49166666666666664,0,0.875
Fixed,4,14,after,1.5727973190106088,1.5727973190106088,0.7416666666666667,0.7922941046773111,0.3632882914904508,0.2769323182931509,0.0,0.15,0.5,0,0.875
Fixed,4,15,after,1.5348031154278798,1.5348031154278798,0.7166666666666667,0.8005342782713377,0.3443348040698286,0.2324269888954638,0.0,0.15,0.44166666666666665,0,0.875
Fixed,4,16,after,1.6110945649546373,1.6110945649546373,0.7583333333333333,0.8137790379433097,0.33523431162739536,0.26368394910354687,0.0,0.15,0.4666666666666667,0,0.875
Fixed,4,17,after,1.5268869367212738,1.5268869367212738,0.7166666666666667,0.7761217533550491,0.3786993317129319,0.2764467437826674,0.0,0.15,0.4583333333333333,0,0.875
Fixed,4,18,after,1.6248760694264426,1.6248760694264426,0.775,0.8006301021887386,0.3666155682019245,0.2958814327820419,0.0,0.15,0.425,0,0.875
Fixed,4,19,after,1.553424806619804,1.553424806619804,0.7416666666666667,0.7988539320434876,0.3527222230572956,0.22863054718811354,0.0,0.15,0.475,0,0.875
Fixed,4,20,after,1.5966621357300212,1.5966621357300212,0.7583333333333333,0.8027614060534657,0.34793717382437006,0.2641014056444835,0.0,0.15,0.4583333333333333,0,0.875
Fixed,4,21,after,1.5592454440949317,1.5592454440949317,0.7416666666666667,0.7920855589198037,0.36189956517295035,0.2540256001723981,0.0,0.15,0.44166666666666665,0,0.875
Fixed,4,22,after,1.5552417273800032,1.5552417273800032,0.7333333333333333,0.8077527414603499,0.343892278275385,0.2264699824665017,0.0,0.15,0.4583333333333333,0,0.875
Fixed,4,23,after,1.5311005861849372,1.5311005861849372,0.7333333333333333,0.7822479391867899,0.3850826327942402,0.24855112432959525,0.0,0.15,0.425,0,0.875
Random,0,0,before,0.5395438240347803,0.5395438240347803,0.2833333333333333,0.5751070499311989,0.8426209429161143,0.29427550916291145,0.6243772459350759,0.43346453205415897,0.225,0,0.85
Random,0,1,before,1.2360272786055486,1.2360272786055486,0.5833333333333334,0.6797955684885594,0.6832127082756794,0.6293986865067998,0.5072369021744689,0.36957498165170116,0.4083333333333333,0,0.85
Random,0,2,before,0.6781945421421505,0.6781945421421505,0.375,0.5944599775632912,0.848044286193973,0.29851822635758213,0.536297422723283,0.4319552479296796,0.26666666666666666,0,0.85
Random,0,3,before,1.3566974554418745,1.3566974554418745,0.6666666666666666,0.7871119231440485,0.5072019843899308,0.4256528217379206,0.4807891067113421,0.4125902525100747,0.4583333333333333,0,0.85
Random,0,4,before,1.2943700620631147,1.2943700620631147,0.6666666666666666,0.7601601579818087,0.4896913866959683,0.2968240766704351,0.3976706885803615,0.33303289988700585,0.4,0,0.85
Random,0,5,before,1.028617209733381,1.028617209733381,0.4666666666666667,0.7442174806490561,0.5838961490639465,0.27461318740774454,0.4237650111097943,0.3428568730953769,0.325,0,0.85
Random,0,6,before,0.48422611864008247,0.48422611864008247,0.31666666666666665,0.5686689632549905,0.8876808879287246,0.13784739903316562,0.5908756534352357,0.33616461126377944,0.25833333333333336,0,0.85
Random,0,7,before,0.6844479727174527,0.6844479727174527,0.2916666666666667,0.5973386578894891,0.8495294277822335,0.35417311744057356,0.381049878511722,0.3841592015959819,0.275,0,0.85
Random,0,8,before,0.3946552646576582,0.3946552646576582,0.23333333333333334,0.4852347259577011,1.0110332273733595,0.20769635847986667,0.3652943763901947,0.31479848095423896,0.18333333333333332,0,0.85
Random,0,9,before,1.1890871514834442,1.1890871514834442,0.6583333333333333,0.6158029207595781,0.7632843929979367,0.6130500595840938,0.5902816114197368,0.3703822214719277,0.21666666666666667,0,0.85
Random,0,10,before,0.5798479834539304,0.5798479834539304,0.375,0.5323951669323251,0.8721996347982969,0.26606554507803454,0.5636106395255425,0.4429313407321274,0.2916666666666667,0,0.85
Random,0,11,before,0.1482135504884769,0.1482135504884769,0.19166666666666668,0.4326383951124606,1.1888665593595997,0.14593325173842864,0.5556769249100307,0.35942671311556323,0.16666666666666666,0,0.85
Random,0,12,after,0.4389469768930977,0.4389469768930977,0.24166666666666667,0.48241085617930585,1.1266375952432095,0.3870744448337675,0.4542739344349749,0.37342758810235815,0.225,0,0.85
Random,0,13,after,0.20818037363731895,0.20818037363731895,0.14166666666666666,0.43062666012241435,1.2306703952291058,0.36731488830429493,0.550825529470901,0.4277187470659367,0.13333333333333333,0,0.85
Random,0,14,after,1.2005288983498617,1.2005288983498617,0.5666666666666667,0.67748360512059,0.6461998038941404,0.7072406859500623,0.7277643344059207,0.42121756123571086,0.26666666666666666,0,0.85
Random,0,15,after,0.38353371557344457,0.38353371557344457,0.25,0.49761555045419836,1.0664807055372296,0.3269999087267171,0.6228185606420453,0.4380995127180377,0.275,0,0.85
Random,0,16,after,0.36687670044531656,0.36687670044531656,0.26666666666666666,0.46595651373963265,1.1157459415028204,0.334013932333339,0.5955012029543734,0.4371216742336852,0.275,0,0.85
Random,0,17,after,0.7348653512613035,0.7348653512613035,0.3416666666666667,0.5440293955935809,0.8996419016038477,0.4800402359425969,0.4213354753289603,0.352482853079043,0.2833333333333333,0,0.85
Random,0,18,after,0.05999021309812369,0.05999021309812369,0.2,0.37197465567080373,1.3844822554911702,0.16523309681584053,0.5010134367392122,0.4089542186749668,0.20833333333333334,0,0.85
Random,0,19,after,0.483173335258425,0.483173335258425,0.225,0.4286997468150694,1.1615584059506483,0.49691804132995887,0.2781697394582323,0.3338093608238141,0.2,0,0.85
Random,0,20,after,1.0509480507922229,1.0509480507922229,0.4666666666666667,0.6048889088072599,0.6942829400695297,0.6792691234806802,0.5606659725765598,0.3976099738314661,0.275,0,0.85
Random,0,21,after,0.05774326636009108,0.05774326636009108,0.15,0.38698787359011116,1.4112156796758362,0.15885741859317914,0.35569934857143837,0.40438987517253705,0.15833333333333333,0,0.85
Random,0,22,after,0.9627045847948315,0.9627045847948315,0.3333333333333333,0.5721709084557705,0.8129626636146389,0.8444744795849823,0.49514454418617115,0.4424636056297723,0.25,0,0.85
Random,0,23,after,0.36058876835901926,0.36058876835901926,0.2,0.4917935257903772,1.1291702380312596,0.24984297962218438,0.37630000853325213,0.28273921399514174,0.24166666666666667,0,0.85
Random,1,0,before,0.8863228507127736,0.8863228507127736,0.44166666666666665,0.6304794901573533,0.8332691510142602,0.48397266634141206,0.5884956210981543,0.394850434718942,0.31666666666666665,0,0.85
Random,1,1,before,1.6906204077351301,1.6906204077351301,0.7166666666666667,0.8969073117349879,0.26570712146928666,0.6815938078719443,0.6355791679024521,0.4304615714962061,0.4166666666666667,0,0.85
Random,1,2,before,1.1088649816218834,1.1088649816218834,0.6583333333333333,0.7510179884414998,0.5787790609764216,0.07837511941117617,0.40806665283469756,0.3872738649402351,0.475,0,0.85
Random,1,3,before,0.7866739745001035,0.7866739745001035,0.375,0.5956968131559255,0.740291716146338,0.39497784201542563,0.496566101692133,0.3895778387889138,0.31666666666666665,0,0.85
Random,1,4,before,0.5626533508560145,0.5626533508560145,0.23333333333333334,0.5837716865927546,0.739935942478687,0.2663426316251518,0.462986607172189,0.4124058862373808,0.21666666666666667,0,0.85
Random,1,5,before,1.2919083671724734,1.2919083671724734,0.7583333333333333,0.8018225775221459,0.38584146632334254,0.17329736064635726,0.6485014816058428,0.44230134388176695,0.39166666666666666,0,0.85
Random,1,6,before,0.38457465136777513,0.38457465136777513,0.2916666666666667,0.5066828109500924,1.061420094146063,0.12094569368567476,0.3773061107294595,0.4459287201111103,0.23333333333333334,0,0.85
Random,1,7,before,0.8247744090074949,0.8247744090074949,0.35,0.6188237916015391,0.7275638079969285,0.5357394193391474,0.6426946251864347,0.4183607139740694,0.26666666666666666,0,0.85
Random,1,8,before,0.17919050826760285,0.17919050826760285,0.18333333333333332,0.46428675780924106,1.272439093393981,0.17570806456846688,0.4736849097558899,0.43067089809823783,0.20833333333333334,0,0.85
Random,1,9,before,1.8781118884179946,1.8781118884179946,0.75,0.8434672696608677,0.36725683413036947,0.938733267760856,0.39638302597626923,0.3580834096000881,0.49166666666666664,0,0.85
Random,1,10,before,1.4462722214761758,1.4462722214761758,0.7333333333333333,0.8600529727148554,0.3613766120437452,0.23138362220565253,0.4266301433529771,0.3578931044783854,0.3333333333333333,0,0.85
Random,1,11,before,0.1313075240082089,0.1313075240082089,0.21666666666666667,0.4608405767487159,1.213104833718782,0.10321314102565676,0.6688612913879464,0.38294100712853574,0.16666666666666666,0,0.85
Random,1,12,after,1.688532898431292,1.688532898431292,0.6083333333333333,0.883409199742991,0.3347369069928667,0.8381838095620244,0.5305651501898402,0.33577146787380696,0.3416666666666667,0,0.85
Random,1,13,after,0.5785924051897859,0.5785924051897859,0.36666666666666664,0.5719111990047062,0.8427754757425469,0.19437595633005691,0.5661998272301749,0.4238499081549776,0.225,0,0.85
Random,1,14,after,1.4317435189920906,1.4317435189920906,0.49166666666666664,0.8756129581202022,0.3796425822564837,0.6453097008793217,0.49899621947106054,0.42320910889807617,0.3,0,0.85
Random,1,15,after,0.5027235856582222,0.5027235856582222,0.2833333333333333,0.6119647532756678,1.0321499725964858,0.18587938409226204,0.5102462380214863,0.3547515374397624,0.225,0,0.85
Random,1,16,after,1.5679975247529097,1.5679975247529097,0.6833333333333333,0.791822784492831,0.5180509567864867,0.7379166588305173,0.4971764724987328,0.3418515824347734,0.31666666666666665,0,0.85
Random,1,17,after,1.144518896191756,1.144518896191756,0.6833333333333333,0.6206367146772599,0.8339020740912121,0.3715835544412215,0.3186447767301194,0.30796382725901167,0.2833333333333333,0,0.85
Random,1,18,after,1.050669043798707,1.050669043798707,0.6,0.621455651759611,0.7985380998994478,0.4195294703299656,0.43949222353610184,0.4016482117392453,0.35,0,0.85
Random,1,19,after,-0.10268382065231474,-0.10268382065231474,0.14166666666666666,0.35754048895449375,1.5784600694468571,0.1134801362029162,0.5042125574793422,0.4217865857665082,0.16666666666666666,0,0.85
Random,1,20,after,1.899682937755393,1.899682937755393,0.5666666666666667,0.8642580580943563,0.36225226627576296,1.285070472676381,0.46718194555102677,0.38403718216522764,0.35,0,0.85
Random,1,21,after,1.1374633550510544,1.1374633550510544,0.525,0.8141855044169558,0.44321557641876513,0.2339737487035181,0.5319781704664343,0.3641864307950854,0.3416666666666667,0,0.85
Random,1,22,after,1.1328426633322555,1.1328426633322555,0.5583333333333333,0.8164070018473719,0.4449678225639146,0.12087103002430555,0.43269408228003287,0.37480993990266215,0.30833333333333335,0,0.85
Random,1,23,after,1.1148118008239214,1.1148118008239214,0.675,0.7019493497641777,0.5869912605927079,0.2585776904780099,0.6370968284351521,0.37856825704042907,0.39166666666666666,0,0.85
Random,2,0,before,0.974720155653559,0.974720155653559,0.5,0.597044932799683,0.9441227127191811,0.5934222174675325,0.4872343384781674,0.3986104997138254,0.325,0,0.8916666666666667
Random,2,1,before,1.1458154596143844,1.1458154596143844,0.5083333333333333,0.6412370266562467,0.702733424930079,0.6209883892605172,0.43886677742063007,0.2794793017507253,0.35833333333333334,0,0.8916666666666667
Random,2,2,before,1.3292955205268226,1.3292955205268226,0.6583333333333333,0.7884817783451598,0.4782812612362546,0.28554653814308767,0.3657261822712805,0.2741790573933741,0.43333333333333335,0,0.8916666666666667
Random,2,3,before,0.21373003260461282,0.21373003260461282,0.21666666666666667,0.44564798991809673,1.1279950033300326,0.1654709453707402,0.561391604467624,0.3598610024796926,0.275,0,0.8916666666666667
Random,2,4,before,1.71813404781888,1.71813404781888,0.7583333333333333,0.8141187308967183,0.4522365036579787,0.7480062107200387,0.4263881196914799,0.29811623138990273,0.44166666666666665,0,0.8916666666666667
Random,2,5,before,1.06228443911116,1.06228443911116,0.5,0.795245456990416,0.5627219307772857,0.26463199744274557,0.5500072022772293,0.4291388525024253,0.35833333333333334,0,0.8916666666666667
Random,2,6,before,0.5833228763309115,0.5833228763309115,0.35,0.5632153658682325,0.9567777549310883,0.1444104944283257,0.3026818532171431,0.33111017183188024,0.30833333333333335,0,0.8916666666666667
Random,2,7,before,0.9174600928734629,0.9174600928734629,0.39166666666666666,0.6448644112180375,0.8587231887523895,0.5605184151439231,0.49418661578824163,0.39567274786157824,0.39166666666666666,0,0.8916666666666667
Random,2,8,before,1.4458257722413708,1.4458257722413708,0.7083333333333334,0.7956781575762863,0.4635622484575847,0.48564105393783313,0.5321875208956329,0.3743886890909337,0.39166666666666666,0,0.8916666666666667
Random,2,9,before,0.6123021025804449,0.6123021025804449,0.4083333333333333,0.5770541661741989,0.9596824808889023,0.2928712131752158,0.6814000702842051,0.4498818169711189,0.3333333333333333,0,0.8916666666666667
Random,2,10,before,0.44127004587704916,0.44127004587704916,0.16666666666666666,0.4963047021011265,1.0520023086126298,0.4082327014213747,0.3644662789829287,0.3583823821390252,0.20833333333333334,0,0.8916666666666667
Random,2,11,before,1.2976987557200057,1.2976987557200057,0.4083333333333333,0.7885755800852259,0.5870700905825558,0.8157090974213999,0.516365316736805,0.42888932975209604,0.3416666666666667,0,0.8916666666666667
Random,2,12,after,0.3596856805305005,0.3596856805305005,0.25833333333333336,0.478781727235976,1.2697535190903546,0.24683224244518492,0.3482111935598484,0.3646129760624831,0.25,0,0.8916666666666667
Random,2,13,after,0.9091112484461141,0.9091112484461141,0.325,0.5816985339008871,0.9007229507944703,0.7557891829706925,0.46067172165214393,0.353103812508893,0.2916666666666667,0,0.8916666666666667
Random,2,14,after,0.30903697961316773,0.30903697961316773,0.30833333333333335,0.463782080680981,1.0386965565118373,0.15423559182824187,0.6602853523050949,0.3855313972863275,0.25833333333333336,0,0.8916666666666667
Random,2,15,after,1.1498026405817372,1.1498026405817372,0.5166666666666667,0.6861417186399105,0.8071655071975313,0.5756617220165265,0.3829467324077288,0.337466822202245,0.26666666666666666,0,0.8916666666666667
Random,2,16,after,0.970744702538813,0.970744702538813,0.49166666666666664,0.6715355956167557,0.685718238906077,0.40817781103693995,0.5767648387938222,0.44318889456829763,0.35,0,0.8916666666666667
Random,2,17,after,0.6108146085102595,0.6108146085102595,0.325,0.534897458865112,0.8449670141402431,0.32822709590421356,0.46129408766952634,0.42549958262364046,0.3333333333333333,0,0.8916666666666667
Random,2,18,after,0.3200990737481221,0.3200990737481221,0.175,0.4670536419922781,1.1530489777947783,0.4898140670246621,0.7274301105728119,0.4327624456919107,0.25,0,0.8916666666666667
Random,2,19,after,0.8301869432548532,0.8301869432548532,0.3,0.5634127217356111,0.7456427933966441,0.7528373627329319,0.6857274309913172,0.4270862317435693,0.24166666666666667,0,0.8916666666666667
Random,2,20,after,0.2689893844039281,0.2689893844039281,0.25833333333333336,0.48596778700088195,0.9618276876839525,0.166027291298402,0.7722740806392375,0.43814052983526464,0.23333333333333334,0,0.8916666666666667
Random,2,21,after,-0.13812153738962657,-0.13812153738962657,0.125,0.33178365027240536,1.2960079129715611,-0.03217384002691159,0.47238286056622475,0.3995812511775476,0.20833333333333334,0,0.8916666666666667
Random,2,22,after,0.3227157177569148,0.3227157177569148,0.275,0.42145909206319554,1.2310039070578653,0.32160542174811624,0.5424135971031521,0.32526601212493844,0.26666666666666666,0,0.8916666666666667
Random,2,23,after,0.48004531168602244,0.48004531168602244,0.24166666666666667,0.4518159247341552,1.1450776206713236,0.6303752939128787,0.6633051517951661,0.4151423304592427,0.23333333333333334,0,0.8916666666666667
Random,3,0,before,0.6929950234081718,0.6929950234081718,0.44166666666666665,0.599936323791225,0.8194016965914789,0.22817062673312094,0.6223531358479115,0.41583366334342065,0.21666666666666667,0,0.8666666666666667
Random,3,1,before,1.2354380743959021,1.2354380743959021,0.5,0.797043560106111,0.5618921897088694,0.5586462988801337,0.5665383055946085,0.431359721589741,0.30833333333333335,0,0.8666666666666667
Random,3,2,before,0.9139236100175117,0.9139236100175117,0.5166666666666667,0.6318895672174356,0.6405139503756092,0.30110684159641904,0.5615461135028774,0.4134642320544053,0.3,0,0.8666666666666667
Random,3,3,before,-0.006352193277681384,-0.006352193277681384,0.14166666666666666,0.394664586571016,1.3014828004278922,0.13847582979019613,0.643867711155671,0.3805338309790692,0.175,0,0.8666666666666667
Random,3,4,before,1.5866138790378996,1.5866138790378996,0.6333333333333333,0.7906227439700281,0.5384167901426051,0.9738200754411583,0.6862160348736601,0.4027679096936069,0.4166666666666667,0,0.8666666666666667
Random,3,5,before,0.2963255829817593,0.2963255829817593,0.21666666666666667,0.4512953262224144,1.2441707314257964,0.18487046756220554,0.287534421911578,0.2487105001448903,0.23333333333333334,0,0.8666666666666667
Random,3,6,before,1.0744674151184086,1.0744674151184086,0.4166666666666667,0.6252678961037109,0.8032651785803591,0.7480613394339335,0.4181468136385144,0.39391046192960316,0.26666666666666666,0,0.8666666666666667
Random,3,7,before,-0.04764624688895169,-0.04764624688895169,0.14166666666666666,0.34715785879146505,1.5064990974814634,0.15943199229735594,0.4893921520647319,0.33752377798690747,0.175,0,0.8666666666666667
Random,3,8,before,0.7650376887348715,0.7650376887348715,0.23333333333333334,0.4762666843870702,0.9795644019294334,0.7819623387199413,0.29783055362436733,0.2783201676746335,0.26666666666666666,0,0.8666666666666667
Random,3,9,before,0.8474032779070462,0.8474032779070462,0.35833333333333334,0.6424506646692544,0.6455833867602687,0.4992959213595347,0.6826151566169247,0.4126515720954444,0.2833333333333333,0,0.8666666666666667
Random,3,10,before,0.3226215564889284,0.3226215564889284,0.2,0.4899771351364089,1.129410248017744,0.16903039419940735,0.3261013017865083,0.3004300789486525,0.25833333333333336,0,0.8666666666666667
Random,3,11,before,1.4859579788709718,1.4859579788709718,0.7166666666666667,0.730742271037626,0.5721817569231523,0.596489337368239,0.3294157112824634,0.3694872748632793,0.39166666666666666,0,0.8666666666666667
Random,3,12,after,0.5622806400557118,0.5622806400557118,0.31666666666666665,0.581937281087377,0.8872316458435379,0.1931505558453595,0.44605578228178144,0.4159731160357872,0.2833333333333333,0,0.8666666666666667
Random,3,13,after,0.2325381925958529,0.2325381925958529,0.1,0.3620273442763565,1.3547832521906993,0.5932134773922452,0.45414387786429417,0.3884417258238244,0.2,0,0.8666666666666667
Random,3,14,after,0.9452839381665379,0.9452839381665379,0.30833333333333335,0.5547804691769284,1.2666226127364093,1.0841742785259925,0.4865876234202422,0.37925408012479134,0.30833333333333335,0,0.8666666666666667
Random,3,15,after,0.4815030439329516,0.4815030439329516,0.23333333333333334,0.423247203693512,1.4971354954686062,0.7660133764030798,0.47315310528978016,0.4050506425235181,0.175,0,0.8666666666666667
Random,3,16,after,1.960312025304366,1.960312025304366,0.6416666666666667,0.8711135002472232,0.34079040328881766,1.16812760514877,0.3133293340826844,0.40676386341676984,0.35,0,0.8666666666666667
Random,3,17,after,0.7440426989861484,0.7440426989861484,0.35,0.7311973857170422,0.81900967161888,0.1871111517512906,0.5068832093589644,0.40693451091365007,0.2916666666666667,0,0.8666666666666667
Random,3,18,after,1.157538398341532,1.157538398341532,0.5416666666666666,0.6801585295189236,0.6613509697798601,0.584126833079459,0.5716678897587667,0.34957985257601154,0.4,0,0.8666666666666667
Random,3,19,after,1.4286857716778987,1.4286857716778987,0.675,0.8061102958742002,0.5278798241438664,0.488506875455479,0.44486874176272595,0.39836070696821685,0.49166666666666664,0,0.8666666666666667
Random,3,20,after,0.3653093081749811,0.3653093081749811,0.23333333333333334,0.5107669444074262,1.0625484642969154,0.19381320052293854,0.421370623237878,0.4138734858607293,0.2916666666666667,0,0.8666666666666667
Random,3,21,after,1.280652186076006,1.280652186076006,0.5833333333333334,0.7197575625615893,0.5167318135165391,0.5871557345501432,0.5281524024367297,0.4479276323467289,0.4166666666666667,0,0.8666666666666667
Random,3,22,after,1.0319996254681845,1.0319996254681845,0.6583333333333333,0.6881535856367438,0.6307382911827684,0.12106589661858963,0.4995219730840758,0.3685175906012777,0.38333333333333336,0,0.8666666666666667
Random,3,23,after,0.789300658259465,0.789300658259465,0.45,0.6533880226250176,0.9389771556446681,0.2576349049751126,0.4771344409913192,0.3639762524127132,0.375,0,0.8666666666666667
Random,4,0,before,0.8232101111221873,0.8232101111221873,0.4666666666666667,0.645226322563873,0.6782668474053414,0.2588704820266262,0.6029095784608549,0.44950566903904277,0.3,0,0.875
Random,4,1,before,0.14266828735747533,0.14266828735747533,0.20833333333333334,0.4119332636066204,1.2607349362895184,0.1814130126340609,0.5228048622038792,0.43888966939787366,0.275,0,0.875
Random,4,2,before,0.08412714644690739,0.08412714644690739,0.18333333333333332,0.39496522590303923,1.2958312014240045,0.12335235115094112,0.441683960965099,0.41186523710520184,0.225,0,0.875
Random,4,3,before,1.307283072167102,1.307283072167102,0.575,0.7000459764228649,0.7002569704038369,0.718609864022164,0.49170089945534146,0.3291140074836633,0.3416666666666667,0,0.875
Random,4,4,before,1.0772434734478076,1.0772434734478076,0.5833333333333334,0.7116509830110516,0.7258311713680801,0.29794004476026253,0.44429356412918447,0.35857462815272034,0.35833333333333334,0,0.875
Random,4,5,before,0.8465702161893176,0.8465702161893176,0.44166666666666665,0.6552686083314533,0.7182340432364968,0.4500807228764376,0.822258205846562,0.44331661537141154,0.375,0,0.875
Random,4,6,before,1.2694229957230356,1.2694229957230356,0.6333333333333333,0.7562891553576174,0.5206493235123657,0.4073545996163429,0.5214939931030415,0.3862427692807458,0.4583333333333333,0,0.875
Random,4,7,before,0.040887557692342424,0.040887557692342424,0.125,0.37303357738891935,1.3572319690731907,0.12557199938933788,0.28695637295073917,0.3652529414759126,0.26666666666666666,0,0.875
Random,4,8,before,1.2735742391481768,1.2735742391481768,0.6,0.6964771555605014,0.6722172525501456,0.6671120398305295,0.5507504632428192,0.4265606800465115,0.30833333333333335,0,0.875
Random,4,9,before,-0.042897619879662174,-0.042897619879662174,0.15,0.3758452372471182,1.331522905263376,0.0463055667177148,0.5004789043294608,0.41457484938575656,0.2,0,0.875
Random,4,10,before,1.3626268799398875,1.3626268799398875,0.575,0.6981091787119795,0.6304211731390331,0.7627047897041216,0.4085780113472096,0.4242044610572318,0.3416666666666667,0,0.875
Random,4,11,before,0.6749577034422938,0.6749577034422938,0.225,0.6877567550339992,0.8437862103710893,0.4459034485853087,0.6613202349204973,0.423198760081128,0.31666666666666665,0,0.875
Random,4,12,after,0.9263518706322184,0.9263518706322184,0.4666666666666667,0.6030810677415469,0.861562726902761,0.5487540605616203,0.5523268557390981,0.3890385912517381,0.325,0,0.875
Random,4,13,after,0.3948491451924609,0.3948491451924609,0.225,0.4985558444802404,1.0406510571825585,0.24588322648927974,0.3928870659942769,0.3873472765629156,0.2916666666666667,0,0.875
Random,4,14,after,1.2579906066138606,1.2579906066138606,0.5333333333333333,0.7653044223375703,0.6739996882909879,0.682076346714384,0.6411595419261408,0.420465952908053,0.375,0,0.875
Random,4,15,after,0.6524800704889423,0.6524800704889423,0.45,0.5236618030523829,0.9919230559527982,0.3540825491197565,0.6210506259079716,0.40738386339731675,0.30833333333333335,0,0.875
Random,4,16,after,1.2489598747572501,1.2489598747572501,0.65,0.6657995681653707,0.8021319112229589,0.5336363244588822,0.3712254385543323,0.29471673616747,0.3416666666666667,0,0.875
Random,4,17,after,0.9607799406147957,0.9607799406147957,0.5083333333333333,0.6689273320143331,0.9723179496677707,0.41642432409115543,0.4063276043318055,0.4259025403827913,0.225,0,0.875
Random,4,18,after,1.0508603555414027,1.0508603555414027,0.5666666666666667,0.6167468345221171,0.7420577113890064,0.5002892003990262,0.5077603614713609,0.4419064092701454,0.35833333333333334,0,0.875
Random,4,19,after,-0.13261531885146566,-0.13261531885146566,0.10833333333333334,0.31095158075258417,1.5978701169458005,0.21797846152597722,0.5611192205222032,0.35535789970555776,0.18333333333333332,0,0.875
Random,4,20,after,1.4519217283612351,1.4519217283612351,0.5,0.7361755141806103,0.6929722713155336,1.1090877215320758,0.6121968415570267,0.4406522294094419,0.325,0,0.875
Random,4,21,after,0.07853128286237959,0.07853128286237959,0.14166666666666666,0.3372457682809084,1.440342677074456,0.2596406716510346,0.32197409226771795,0.29318853277527024,0.175,0,0.875
Random,4,22,after,1.2711815280008596,1.2711815280008596,0.525,0.6574598476012865,0.8239404583813299,0.9068843740615311,0.5305853017849596,0.38996260561968654,0.275,0,0.875
Random,4,23,after,0.9879669246845375,0.9879669246845375,0.475,0.6931183439007796,0.8467304791430936,0.37779374991841636,0.3804860616664717,0.3224471868099659,0.35,0,0.875
SimulatedAnnealing,0,0,before,1.654790950810755,1.654790950810755,0.875,0.802577907822926,0.4110382692054702,0.32974534804406064,0.2035377918698424,0.2731483583866122,0.55,0,0.85
SimulatedAnnealing,0,1,before,1.5922442891165378,1.5922442891165378,0.75,0.8499246118220843,0.3730143008056164,0.3104539531016033,0.15771499687912688,0.2600601274145674,0.48333333333333334,0,0.85
SimulatedAnnealing,0,2,before,1.4821314926210125,1.4821314926210125,0.7583333333333333,0.8101658945503473,0.42431289710620634,0.29521100471469786,0.3141567349253626,0.31210996750538234,0.475,0,0.85
SimulatedAnnealing,0,3,before,1.4730617719054366,1.4730617719054366,0.7333333333333333,0.838063591071897,0.40088844143713914,0.28591617304654043,0.3434216910603811,0.3412426381826027,0.48333333333333334,0,0.85
SimulatedAnnealing,0,4,before,1.6393304297983993,1.6393304297983993,0.8,0.8500835099628431,0.38669968227596063,0.2987390274061968,0.14768305846198287,0.22742424188662475,0.38333333333333336,0,0.85
SimulatedAnnealing,0,5,before,1.6621532382127826,1.6621532382127826,0.8083333333333333,0.8690781141910572,0.3349352380272695,0.28218669770319416,0.17209224514286392,0.24200448670989605,0.475,0,0.85
SimulatedAnnealing,0,6,before,1.6546893732738162,1.6546893732738162,0.7916666666666666,0.8653031974341119,0.3470669148704105,0.2599530087659126,0.09650738061443348,0.1943849234276353,0.4666666666666667,0,0.85
SimulatedAnnealing,0,7,before,1.5084848323736246,1.5084848323736246,0.7416666666666667,0.8362985312759134,0.3996209641782675,0.23845793966955076,0.19829473033686265,0.25173649079051125,0.44166666666666665,0,0.85
SimulatedAnnealing,0,8,before,1.5838460520416344,1.5838460520416344,0.7416666666666667,0.8262192594460571,0.4358585514827864,0.3182512447921745,0.06583275473281751,0.19652400250597424,0.43333333333333335,0,0.85
SimulatedAnnealing,0,9,before,1.5438490514509076,1.5438490514509076,0.725,0.8392354166170226,0.4054125344339828,0.3178576848832249,0.18325532732000754,0.2609803154108093,0.35,0,0.85
SimulatedAnnealing,0,10,before,1.5930453838821188,1.5930453838821188,0.7166666666666667,0.8550371897076572,0.36557908969361547,0.30262633481091306,0.08221449463982802,0.2005739802404536,0.38333333333333336,0,0.85
SimulatedAnnealing,0,11,before,1.4472896298811349,1.4472896298811349,0.7083333333333334,0.8382051845941767,0.45375841141257295,0.22052223998727702,0.21234971880105194,0.2462020961140759,0.35,0,0.85
SimulatedAnnealing,0,12,after,1.3822198164512483,1.3822198164512483,0.55,0.8805552970442098,0.3503868491552668,0.3059418646074285,0.29285864664989775,0.286284876190979,0.3333333333333333,0,0.85
SimulatedAnnealing,0,13,after,1.301890276805053,1.301890276805053,0.5416666666666666,0.8537827281824827,0.39323895487667854,0.21766606655886742,0.22653513633258973,0.2848895937510065,0.275,0,0.85
SimulatedAnnealing,0,14,after,1.1889207939202833,1.1889207939202833,0.5333333333333333,0.7735382433056941,0.532486382470805,0.281860725749517,0.30891920196173006,0.2716557660908553,0.3333333333333333,0,0.85
SimulatedAnnealing,0,15,after,1.43808859422258,1.43808859422258,0.5083333333333333,0.9082472798900968,0.29175257661108633,0.34692797831538513,0.22241347566596065,0.23828509467743117,0.325,0,0.85
SimulatedAnnealing,0,16,after,1.3468414457027422,1.3468414457027422,0.5083333333333333,0.8979539121916754,0.3335762015943088,0.1548591181968287,0.08933462618872294,0.19540757682672877,0.26666666666666666,0,0.85
SimulatedAnnealing,0,17,after,1.3623530806674795,1.3623530806674795,0.525,0.8867197421656603,0.2986128736974553,0.21805161721106187,0.19174489334233688,0.24341800944221684,0.3333333333333333,0,0.85
SimulatedAnnealing,0,18,after,1.3411195720201137,1.3411195720201137,0.5083333333333333,0.8939923494574648,0.3005868286216113,0.20647860032606064,0.19351672190301653,0.26871485995751787,0.325,0,0.85
SimulatedAnnealing,0,19,after,1.4092366493291373,1.4092366493291373,0.5833333333333334,0.8787243850063808,0.31791187895542733,0.15237334932114158,0.07828079802318763,0.19353907303045276,0.3,0,0.85
SimulatedAnnealing,0,20,after,1.3241927762471313,1.3241927762471313,0.5166666666666667,0.8783019794538192,0.3438531646008947,0.19297043666061908,0.17521719369879768,0.23185281791566387,0.35833333333333334,0,0.85
SimulatedAnnealing,0,21,after,1.3068891286862492,1.3068891286862492,0.5,0.8826576676135385,0.39402639040269655,0.2369383393655231,0.21186192875146126,0.27120653358996594,0.31666666666666665,0,0.85
SimulatedAnnealing,0,22,after,1.3699658870700653,1.3699658870700653,0.5583333333333333,0.8626902680416083,0.3828491321686063,0.2530320395890655,0.17864209964858033,0.258782661907221,0.2916666666666667,0,0.85
SimulatedAnnealing,0,23,after,1.403573483366644,1.403573483366644,0.5083333333333333,0.9063891332725831,0.2874646169146858,0.2543683113691604,0.1602202947651874,0.21839417453626594,0.3,0,0.85
SimulatedAnnealing,1,0,before,1.5815443479525106,1.5815443479525106,0.875,0.8230012451542426,0.3794804045290745,0.2301011955009678,0.29304971602555296,0.38071866765946644,0.49166666666666664,0,0.85
SimulatedAnnealing,1,1,before,1.6245616746457379,1.6245616746457379,0.8416666666666667,0.8629474980055071,0.33920519881709565,0.17896780917596,0.18558685929173432,0.22588790739370382,0.4166666666666667,1,0.85
SimulatedAnnealing,1,2,before,1.4645884107311156,1.4645884107311156,0.8333333333333334,0.8139281448726597,0.43069352294319807,0.1367625411992018,0.3144805422375549,0.30743031723001657,0.4666666666666667,1,0.85
SimulatedAnnealing,1,3,before,1.6677296001558612,1.6677296001558612,0.7916666666666666,0.900290452453373,0.2959133402399577,0.2577720615110828,0.19782178548449453,0.22774452350709495,0.425,1,0.85
SimulatedAnnealing,1,4,before,1.3992230562825259,1.3992230562825259,0.7416666666666667,0.810485762854713,0.3984752124379475,0.12051503914465261,0.2189192977120389,0.29724643221168723,0.49166666666666664,1,0.85
SimulatedAnnealing,1,5,before,1.4682348068993465,1.4682348068993465,0.7666666666666667,0.8292818281166701,0.41593769105285666,0.23354293778193894,0.31215455630635525,0.3611922321406329,0.475,1,0.85
SimulatedAnnealing,1,6,before,1.5835363550093393,1.5835363550093393,0.725,0.868030107459879,0.35708783791614873,0.2778437158868067,0.13301579244417983,0.221743157764611,0.48333333333333334,1,0.85
SimulatedAnnealing,1,7,before,1.5518773863362751,1.5518773863362751,0.725,0.8635462551265773,0.3483596375321795,0.2289710396948542,0.1346374267617198,0.22096613517325495,0.5083333333333333,1,0.85
SimulatedAnnealing,1,8,before,1.4914653631272077,1.4914653631272077,0.7333333333333333,0.8790705515714557,0.32960523319463975,0.1154981541750211,0.19999971135514671,0.234223558665723,0.48333333333333334,1,0.85
SimulatedAnnealing,1,9,before,1.5134019785672066,1.5134019785672066,0.7166666666666667,0.8745566571939722,0.32419940141547865,0.13670992314992803,0.11565078011630696,0.2107192760816055,0.5083333333333333,1,0.85
SimulatedAnnealing,1,10,before,1.5576783359970818,1.5576783359970818,0.7416666666666667,0.8729235749494652,0.33707951967717814,0.179265143485187,0.11389362873427944,0.22028208536785812,0.5,1,0.85
SimulatedAnnealing,1,11,before,1.46291339857394,1.46291339857394,0.7166666666666667,0.809782207874576,0.43429913374403,0.1842188246628002,0.07069285105854722,0.18364449429627924,0.425,1,0.85
SimulatedAnnealing,1,12,after,1.526040180358519,1.526040180358519,0.65,0.8730271934393007,0.35919103463684754,0.2798734618146898,0.10509170172592222,0.1982863651423192,0.375,2,0.85
SimulatedAnnealing,1,13,after,1.3842905001720622,1.3842905001720622,0.6,0.8525458159158227,0.37456693338831354,0.2386685238521189,0.22968549510736905,0.2298240671117311,0.31666666666666665,3,0.85
SimulatedAnnealing,1,14,after,1.4289874217386591,1.4289874217386591,0.6666666666666666,0.8695787912200055,0.3402206888653715,0.2169103810215575,0.3125400278345891,0.30316877522527363,0.375,4,0.85
SimulatedAnnealing,1,15,after,1.3635978972544325,1.3635978972544325,0.6333333333333333,0.8442998615038829,0.406499919664665,0.16828303350103022,0.1918433746645717,0.26774014426423703,0.4166666666666667,4,0.85
SimulatedAnnealing,1,16,after,1.3762877864151133,1.3762877864151133,0.6333333333333333,0.8221222846089979,0.43814684717064456,0.2644580989271448,0.23573358914480513,0.27133438280812266,0.375,4,0.85
SimulatedAnnealing,1,17,after,1.3767917825116363,1.3767917825116363,0.65,0.8064524145343881,0.43834152113380115,0.24442363119759214,0.20568414217471145,0.25420626891868,0.4,5,0.85
SimulatedAnnealing,1,18,after,1.4928565683142345,1.4928565683142345,0.6416666666666667,0.8872597569958168,0.3296025448780856,0.2854420088631946,0.22342620625696774,0.3013600493138412,0.38333333333333336,5,0.85
SimulatedAnnealing,1,19,after,1.4879743910479344,1.4879743910479344,0.6666666666666666,0.8598582041536358,0.37385536612503684,0.22814067669440513,0.12108972504331729,0.20824074488234762,0.375,5,0.85
SimulatedAnnealing,1,20,after,1.484499117608408,1.484499117608408,0.6416666666666667,0.8849373302982213,0.3202003538843464,0.25257999615732935,0.20211605439252117,0.2708517880343592,0.38333333333333336,5,0.85
SimulatedAnnealing,1,21,after,1.4947164946766087,1.4947164946766087,0.6,0.9275959300884185,0.22327017012586362,0.21999408567004974,0.20075686675620108,0.26817782228783676,0.36666666666666664,5,0.85
SimulatedAnnealing,1,22,after,1.457798735311742,1.457798735311742,0.6666666666666666,0.8765607827407613,0.33942423115557824,0.13067897895509092,0.11014162334572566,0.21904322303921706,0.4,5,0.85
SimulatedAnnealing,1,23,after,1.4782610925852726,1.4782610925852726,0.6,0.8915929785444807,0.312164937351788,0.2614874015135307,0.15065020286284492,0.23305003064737023,0.4083333333333333,6,0.85
SimulatedAnnealing,2,0,before,1.5122693899007786,1.5122693899007786,0.8333333333333334,0.8789257121316931,0.32045361999039546,0.21881288329734966,0.5710467195454854,0.45,0.49166666666666664,1,0.8916666666666667
SimulatedAnnealing,2,1,before,1.5348270771733434,1.5348270771733434,0.8,0.8270708752906073,0.4420245114256273,0.1882825768573022,0.15549809618045562,0.20681734173656618,0.39166666666666666,2,0.8916666666666667
SimulatedAnnealing,2,2,before,1.44915239422049,1.44915239422049,0.8,0.7658655081943405,0.487562368499927,0.25961965059473424,0.2902864835446395,0.29812131357009675,0.425,2,0.8916666666666667
SimulatedAnnealing,2,3,before,1.6647011129251252,1.6647011129251252,0.825,0.8866555327441581,0.3170504922161198,0.2939050696451648,0.28894864123081526,0.30087623113711254,0.475,3,0.8916666666666667
SimulatedAnnealing,2,4,before,1.6201258792643052,1.6201258792643052,0.8083333333333333,0.8663557486087476,0.3538567498699747,0.20819987064641504,0.15305104286171528,0.2097755770840692,0.425,3,0.8916666666666667
SimulatedAnnealing,2,5,before,1.5207159382822795,1.5207159382822795,0.7916666666666666,0.8396218679180705,0.4180127810181993,0.1728366877705926,0.19797810224298623,0.22845456700856773,0.475,3,0.8916666666666667
SimulatedAnnealing,2,6,before,1.6215627161976611,1.6215627161976611,0.8166666666666667,0.828236780585833,0.3782260172853283,0.2891017208843436,0.16302687347348763,0.25840494432568806,0.48333333333333334,3,0.8916666666666667
SimulatedAnnealing,2,7,before,1.601272675338779,1.601272675338779,0.825,0.832091191742463,0.4060578090241446,0.2206973673123745,0.1336823942205687,0.20645800697509387,0.44166666666666665,3,0.8916666666666667
SimulatedAnnealing,2,8,before,1.6587997731574344,1.6587997731574344,0.85,0.8470910268238003,0.33262935161251844,0.22155909443472815,0.1425505201373578,0.21656674053931582,0.525,3,0.8916666666666667
SimulatedAnnealing,2,9,before,1.451765945713536,1.451765945713536,0.8,0.8203054762221185,0.3759461107209075,0.042119219030384625,0.16337571045813978,0.24215487249107995,0.4583333333333333,3,0.8916666666666667
SimulatedAnnealing,2,10,before,1.528064965895117,1.528064965895117,0.7916666666666666,0.8339506449238532,0.4179364954900834,0.13663776128862423,0.10300657835443022,0.18694698048157837,0.44166666666666665,4,0.8916666666666667
SimulatedAnnealing,2,11,before,1.4889232365748295,1.4889232365748295,0.7833333333333333,0.8182909759801247,0.43599426007190206,0.10748840720253855,0.07716615072179689,0.18828613647503492,0.43333333333333335,5,0.8916666666666667
SimulatedAnnealing,2,12,after,1.3828245412805957,1.3828245412805957,0.6583333333333333,0.8351111140365416,0.4186609309052419,0.14258687629548927,0.138097903591351,0.22628434015318355,0.4166666666666667,6,0.8916666666666667
SimulatedAnnealing,2,13,after,1.282360534958725,1.282360534958725,0.6583333333333333,0.7492613829645556,0.513243230323266,0.12716972156863998,0.07982838483689764,0.19664537465224816,0.3416666666666667,6,0.8916666666666667
SimulatedAnnealing,2,14,after,1.2650655576841745,1.2650655576841745,0.6166666666666667,0.7911509462972529,0.48548913600269644,0.15121901514589597,0.16610170844754252,0.29046932033139006,0.3,6,0.8916666666666667
SimulatedAnnealing,2,15,after,1.3262028885505583,1.3262028885505583,0.65,0.8120739374129224,0.44810096034647223,0.12670462559591988,0.1640312360298759,0.22259897832710607,0.36666666666666664,6,0.8916666666666667
SimulatedAnnealing,2,16,after,1.319013508785146,1.319013508785146,0.6833333333333333,0.7729818226305718,0.45243621122755295,0.10637870142072531,0.13017972525671187,0.21019636535242725,0.4,6,0.8916666666666667
SimulatedAnnealing,2,17,after,1.2611703766598088,1.2611703766598088,0.65,0.7853299022591997,0.5027670821034008,0.10812891683963316,0.1838754027514112,0.2587089310879275,0.39166666666666666,6,0.8916666666666667
SimulatedAnnealing,2,18,after,1.3512583840418577,1.3512583840418577,0.675,0.8233679889092684,0.4358716439032932,0.1446315184599551,0.2083124970336932,0.30419196672397286,0.4083333333333333,7,0.8916666666666667
SimulatedAnnealing,2,19,after,1.268309558063844,1.268309558063844,0.65,0.7386934939561708,0.4895920029859653,0.15940977453084687,0.13984472643416027,0.21873327818158367,0.35,7,0.8916666666666667
SimulatedAnnealing,2,20,after,1.4400347562762779,1.4400347562762779,0.6583333333333333,0.8636810022723014,0.3933812719835665,0.1975906745244016,0.1731164546027288,0.2339547040621504,0.35833333333333334,7,0.8916666666666667
SimulatedAnnealing,2,21,after,1.3375975766452755,1.3375975766452755,0.6666666666666666,0.83012714385866,0.43092274164805944,0.1406834959882819,0.25884416098543156,0.2774337513400319,0.3333333333333333,8,0.8916666666666667
SimulatedAnnealing,2,22,after,1.3959605651208675,1.3959605651208675,0.675,0.8476114495591488,0.40226820349581466,0.1346907189397759,0.1901736379940512,0.22895437297191137,0.35,9,0.8916666666666667
SimulatedAnnealing,2,23,after,1.3673912036043407,1.3673912036043407,0.6833333333333333,0.8371594741976867,0.42569458810418864,0.11531307457258877,0.21081306025574348,0.241440242368485,0.4166666666666667,10,0.8916666666666667
SimulatedAnnealing,3,0,before,1.6807472341492884,1.6807472341492884,0.8666666666666667,0.8841934006758548,0.2757352062461945,0.17476267405449625,0.21188885114027506,0.2122894623591481,0.5416666666666666,1,0.8666666666666667
SimulatedAnnealing,3,1,before,1.567145030265311,1.567145030265311,0.7833333333333333,0.8979459545020486,0.294547476588329,0.17482738112537483,0.2903446709452495,0.3129256547043536,0.475,1,0.8666666666666667
SimulatedAnnealing,3,2,before,1.5862014083756917,1.5862014083756917,0.8333333333333334,0.8433656612167478,0.351258235911586,0.18930468537013612,0.22972231791259634,0.22541332678988013,0.5666666666666667,1,0.8666666666666667
SimulatedAnnealing,3,3,before,1.5956361263699697,1.5956361263699697,0.8333333333333334,0.8235478892672652,0.41014221555466457,0.2168710576856078,0.14265534942929578,0.20152731950146324,0.55,1,0.8666666666666667
SimulatedAnnealing,3,4,before,1.591448639676517,1.591448639676517,0.775,0.8556508933216358,0.36351009775289334,0.24421512928536185,0.1536842124284237,0.23159482946384422,0.5583333333333333,1,0.8666666666666667
SimulatedAnnealing,3,5,before,1.49529371765782,1.49529371765782,0.7666666666666667,0.8301128214072198,0.3961832396234942,0.22349712433541002,0.2718572732040331,0.26475029358982916,0.5083333333333333,1,0.8666666666666667
SimulatedAnnealing,3,6,before,1.5508333774453038,1.5508333774453038,0.7833333333333333,0.8156440824744426,0.40990799827004254,0.22611879549106953,0.11755887553873531,0.20182137153673912,0.43333333333333335,1,0.8666666666666667
SimulatedAnnealing,3,7,before,1.4912635250582982,1.4912635250582982,0.7,0.8458754709781147,0.36355653352463085,0.19482346281355098,0.11875410916634546,0.20653032838859886,0.39166666666666666,1,0.8666666666666667
SimulatedAnnealing,3,8,before,1.4663791507997,1.4663791507997,0.775,0.8168521350335012,0.41679410549501306,0.16014688616755585,0.20262318879037935,0.270085343222264,0.4666666666666667,1,0.8666666666666667
SimulatedAnnealing,3,9,before,1.523369053361242,1.523369053361242,0.8,0.7922663680501589,0.4898939232861481,0.24262465059064767,0.1308831883743666,0.22569094529121897,0.45,1,0.8666666666666667
SimulatedAnnealing,3,10,before,1.6607536325764487,1.6607536325764487,0.8,0.8511848070554761,0.3706010129293141,0.3053244746607904,0.1195494548487237,0.2055211608038327,0.45,1,0.8666666666666667
SimulatedAnnealing,3,11,before,1.5718143137320493,1.5718143137320493,0.7583333333333333,0.8488692789234782,0.3960156754148218,0.20406167367486136,0.053486168916963936,0.18342321231692332,0.4666666666666667,1,0.8666666666666667
SimulatedAnnealing,3,12,after,1.4640201838552898,1.4640201838552898,0.6416666666666667,0.8707932560583609,0.3984297326237328,0.2442293406078511,0.154252810432921,0.22492653483184952,0.375,2,0.8666666666666667
SimulatedAnnealing,3,13,after,1.472446690316518,1.472446690316518,0.65,0.8689263326942012,0.39806027874789623,0.255239087684785,0.17251602384580433,0.22008246539946158,0.35833333333333334,3,0.8666666666666667
SimulatedAnnealing,3,14,after,1.471504378344147,1.471504378344147,0.6333333333333333,0.8540575085720967,0.39354781403468725,0.24589177868770554,0.07595613495793876,0.18053862902945,0.4,4,0.8666666666666667
SimulatedAnnealing,3,15,after,1.4345753316334657,1.4345753316334657,0.6666666666666666,0.8402309584784757,0.39937231857844835,0.20545231396597277,0.15653762501189078,0.2226526779426809,0.4,5,0.8666666666666667
SimulatedAnnealing,3,16,after,1.5458493567824465,1.5458493567824465,0.6833333333333333,0.8989969449853916,0.3222315406638418,0.27337611153926245,0.2342538032965463,0.2483605221608361,0.4083333333333333,5,0.8666666666666667
SimulatedAnnealing,3,17,after,1.5658754121290148,1.5658754121290148,0.65,0.9251854178940261,0.2239739411587038,0.23797473425291976,0.17549232596279993,0.232146197922129,0.35833333333333334,5,0.8666666666666667
SimulatedAnnealing,3,18,after,1.4900740515304083,1.4900740515304083,0.65,0.9061735689466058,0.2643931106983851,0.1465839860277841,0.1406810896153547,0.2370523747887212,0.4083333333333333,6,0.8666666666666667
SimulatedAnnealing,3,19,after,1.4150122175386388,1.4150122175386388,0.575,0.9050594926757689,0.317324154689488,0.16869646017805473,0.13780177269143717,0.22242815047713477,0.4083333333333333,6,0.8666666666666667
SimulatedAnnealing,3,20,after,1.5141771875028125,1.5141771875028125,0.65,0.8873519076346221,0.31272646996254105,0.2492434382771153,0.1457908460158984,0.2583316254625032,0.35833333333333334,6,0.8666666666666667
SimulatedAnnealing,3,21,after,1.4977499868810935,1.4977499868810935,0.6416666666666667,0.8976625434649852,0.29477297859750906,0.2135173174961677,0.17079148064805866,0.2226577778113487,0.4083333333333333,6,0.8666666666666667
SimulatedAnnealing,3,22,after,1.5133921594854667,1.5133921594854667,0.625,0.9176538066554415,0.24137419940802562,0.21849970674930738,0.17560041034708262,0.2535698401235614,0.43333333333333335,6,0.8666666666666667
SimulatedAnnealing,3,23,after,1.4562150798674793,1.4562150798674793,0.6083333333333333,0.9115663380005269,0.26026026057600343,0.18312212246595339,0.18013042202205654,0.29615667256427985,0.35,6,0.8666666666666667
SimulatedAnnealing,4,0,before,1.6554680450670554,1.6554680450670554,0.875,0.8641750258215872,0.3280679114415355,0.23584326602300298,0.28293166984031665,0.30448699755958586,0.5583333333333333,0,0.875
SimulatedAnnealing,4,1,before,1.7992967559295023,1.7992967559295023,0.925,0.9027107575904482,0.2526116468795173,0.2382493247445408,0.18521012978329912,0.28608162351937433,0.5416666666666666,0,0.875
SimulatedAnnealing,4,2,before,1.6304451633381354,1.6304451633381354,0.875,0.8503957483129078,0.3533285249944978,0.16571892831802065,0.1702269873603754,0.2757652239642475,0.5166666666666667,0,0.875
SimulatedAnnealing,4,3,before,1.5714919820186286,1.5714919820186286,0.8416666666666667,0.8457415403189115,0.39110759102033005,0.19999133726921697,0.23201034932099104,0.3563875075224708,0.49166666666666664,1,0.875
SimulatedAnnealing,4,4,before,1.7704062173929782,1.7704062173929782,0.85,0.9142553770837585,0.23353170292468572,0.2929200248280425,0.2151458291867794,0.2511627992774125,0.5666666666666667,1,0.875
SimulatedAnnealing,4,5,before,1.6864356116690866,1.6864356116690866,0.8583333333333333,0.8953822076312832,0.2753415106078571,0.15019445123816766,0.14905042095905832,0.2215647157983099,0.55,1,0.875
SimulatedAnnealing,4,6,before,1.6692799902256712,1.6692799902256712,0.85,0.896315329152679,0.27279994137395286,0.17359793649294208,0.19720250770408554,0.2887994933103151,0.5083333333333333,1,0.875
SimulatedAnnealing,4,7,before,1.7482105643374883,1.7482105643374883,0.8833333333333333,0.9034770442077554,0.25613704764769624,0.17417402025137857,0.11269638453672756,0.23593186871703295,0.5916666666666667,1,0.875
SimulatedAnnealing,4,8,before,1.6511562090359904,1.6511562090359904,0.8083333333333333,0.8947855114282738,0.28420132886335653,0.14015151992980446,0.08281571182085296,0.19470443056133355,0.525,1,0.875
SimulatedAnnealing,4,9,before,1.7077698170180704,1.7077698170180704,0.85,0.9052801573381669,0.25016520414570725,0.15226056924820655,0.12042212178843077,0.20371750298462743,0.575,2,0.875
SimulatedAnnealing,4,10,before,1.6935194148067516,1.6935194148067516,0.8583333333333333,0.903627193067046,0.2639208738794532,0.15025263242310616,0.155991023591611,0.23762611188942911,0.5583333333333333,3,0.875
SimulatedAnnealing,4,11,before,1.6576697135026786,1.6576697135026786,0.8166666666666667,0.8918445440307311,0.27455768871584246,0.1783683112237191,0.14632620514145567,0.23162679464571898,0.4666666666666667,3,0.875
SimulatedAnnealing,4,12,after,1.59545162175642,1.59545162175642,0.7583333333333333,0.9217307772906503,0.21176010211876756,0.19395377743584513,0.31769180667582286,0.2971744232623085,0.44166666666666665,4,0.875
SimulatedAnnealing,4,13,after,1.5511771467248994,1.5511771467248994,0.725,0.911005229113208,0.2062089178357941,0.12139284725071785,0.19163246788040708,0.27116489163240837,0.4583333333333333,5,0.875
SimulatedAnnealing,4,14,after,1.5809027832038673,1.5809027832038673,0.7333333333333333,0.910409947312235,0.22062324507386447,0.11450413376002332,0.11865344078400672,0.21525688765289247,0.4666666666666667,5,0.875
SimulatedAnnealing,4,15,after,1.5873301147164822,1.5873301147164822,0.7416666666666667,0.8939226164584715,0.24030150857044183,0.12833168123715952,0.09215681557107117,0.18849849022058507,0.43333333333333335,5,0.875
SimulatedAnnealing,4,16,after,1.5141905046891666,1.5141905046891666,0.7333333333333333,0.8794527779350225,0.28829537058219223,0.10299373106813439,0.15376454499147973,0.20718680955060478,0.44166666666666665,6,0.875
SimulatedAnnealing,4,17,after,1.5237634090934988,1.5237634090934988,0.725,0.8878223829246518,0.26648459294697224,0.08324970408002608,0.10734918317431688,0.19941894122194306,0.48333333333333334,6,0.875
SimulatedAnnealing,4,18,after,1.4943548505207973,1.4943548505207973,0.7083333333333334,0.8776010984686243,0.2792937927256295,0.07485661764956134,0.09101826271016368,0.1906727940972061,0.425,6,0.875
SimulatedAnnealing,4,19,after,1.4136289195529508,1.4136289195529508,0.6583333333333333,0.8463715585723669,0.32009984793097324,0.12126956988959367,0.13639750232807446,0.20371447298811987,0.43333333333333335,6,0.875
SimulatedAnnealing,4,20,after,1.5159451646386555,1.5159451646386555,0.7333333333333333,0.8621355459173929,0.2963268423072053,0.15299745484822636,0.15992056846904973,0.25229442536342506,0.4583333333333333,7,0.875
SimulatedAnnealing,4,21,after,1.5289409096049267,1.5289409096049267,0.7166666666666667,0.8709260874828637,0.28213368203405126,0.14143631430409315,0.11014283334479615,0.19376140223977883,0.4583333333333333,8,0.875
SimulatedAnnealing,4,22,after,1.4845821780951654,1.4845821780951654,0.7333333333333333,0.8530259757452612,0.3291590228923196,0.1332951072203215,0.16730624805251793,0.24391401934496884,0.43333333333333335,9,0.875
SimulatedAnnealing,4,23,after,1.5362107297193859,1.5362107297193859,0.7583333333333333,0.8642165660131077,0.30833768032546016,0.15530167018469496,0.19017373006375252,0.2233373616919785,0.4666666666666667,10,0.875
ReadRateBO,0,0,before,0.36297851853703345,0.6061075296758855,0.2833333333333333,0.5751070499311989,0.8426209429161143,0.0,0.6243772459350759,0.43346453205415897,0.225,0,0.85
ReadRateBO,0,1,before,0.8797322498523833,1.0717990096369678,0.5916666666666667,0.6877396608703971,0.6656526651198452,0.0,0.5072369021744689,0.36957498165170116,0.4083333333333333,0,0.85
ReadRateBO,0,2,before,0.4521295733457586,0.702239125463026,0.3416666666666667,0.5862549728027963,0.866813654405973,0.0,0.536297422723283,0.4319552479296796,0.2833333333333333,0,0.85
ReadRateBO,0,3,before,1.099881826907615,1.2380571753521297,0.6416666666666667,0.8025157785753768,0.4788792659860173,0.0,0.4807891067113421,0.4125902525100747,0.425,0,0.85
ReadRateBO,0,4,before,1.1024410776592464,1.2471578505556609,0.6666666666666666,0.7497473254461534,0.501550115564418,0.0,0.3976706885803615,0.33303289988700585,0.35833333333333334,0,0.85
ReadRateBO,0,5,before,0.8742154729024627,1.04406122170099,0.48333333333333334,0.7392859226649013,0.5886405095489592,0.0,0.4237650111097943,0.3428568730953769,0.35,0,0.85
ReadRateBO,0,6,before,0.29390202297553536,0.5826984183565235,0.25833333333333336,0.5089486551883364,1.0008920360710356,0.0,0.43837318613447174,0.3538107621653655,0.25,0,0.85
ReadRateBO,0,7,before,0.592566757815502,0.8272705724748851,0.4,0.6642545663868186,0.8134214369890765,0.0,0.5806323848105247,0.41862852312517373,0.325,0,0.85
ReadRateBO,0,8,before,0.20886468581649476,0.5201512070207795,0.3,0.47063039118091426,1.0788368725953181,0.0,0.6204715495663924,0.42891812860144685,0.25,0,0.85
ReadRateBO,0,9,before,0.9825362093666148,1.1283826211607666,0.5666666666666667,0.8227167866094068,0.5054651456495052,0.0,0.657036480726211,0.42593258598295736,0.275,0,0.85
ReadRateBO,0,10,before,0.6965082016206278,0.9111235906139576,0.4666666666666667,0.6984784848188631,0.7438002589275124,0.0,0.6573980548784845,0.3786809627201782,0.25,0,0.85
ReadRateBO,0,11,before,0.40743363806299066,0.6516333362383749,0.23333333333333334,0.5753282914863385,0.8463316614192861,0.0,0.3499916172989717,0.3468720226107024,0.21666666666666667,0,0.85
ReadRateBO,0,12,after,0.6821499568567784,0.875249313981766,0.3333333333333333,0.7057198209042729,0.6692313747956159,0.0,0.3993943797793244,0.2932368421469532,0.23333333333333334,0,0.85
ReadRateBO,0,13,after,0.8597530876477739,0.9917529812295506,0.44166666666666665,0.8360183133882632,0.45747677035210643,0.0,0.7295508513149979,0.44711162287253287,0.225,0,0.85
ReadRateBO,0,14,after,1.080956506760633,1.1970165189490738,0.525,0.8382845268332487,0.40223335112085296,0.0,0.3854586242766006,0.33753613734129795,0.275,0,0.85
ReadRateBO,0,15,after,0.047866311390164396,0.4215410580198584,0.10833333333333334,0.4210981224572512,1.2950579853641215,0.0,0.23533807163606785,0.2485931751993718,0.14166666666666666,0,0.85
ReadRateBO,0,16,after,0.7034486938355347,0.9121404327281847,0.275,0.7863000372955421,0.7232704520979631,0.0,0.33705432727493956,0.32028870923250335,0.225,0,0.85
ReadRateBO,0,17,after,-0.1469379365842533,0.2692732186962643,0.1,0.3699243759299442,1.442477944001442,0.0,0.48131316968009186,0.37504804219768245,0.15833333333333333,0,0.85
ReadRateBO,0,18,after,0.32265094856903814,0.6347014602937037,0.2,0.6702314471668053,1.0814846619712002,0.0,0.5606089916481701,0.44898192919100455,0.175,0,0.85
ReadRateBO,0,19,after,0.6276723626680161,0.841141637591331,0.38333333333333336,0.6905368519943934,0.739828130246358,0.0,0.5675024675775554,0.4165187164208618,0.2916666666666667,0,0.85
ReadRateBO,0,20,after,1.1698456915370665,1.281272523065231,0.5583333333333333,0.8184159733546811,0.38617597056237635,0.0,0.19636817353675384,0.24377554374504698,0.35833333333333334,0,0.85
ReadRateBO,0,21,after,0.7909436413417941,0.996357029088772,0.45,0.6641015280449493,0.7119085528304228,0.0,0.267640049230084,0.2496832279143483,0.30833333333333335,0,0.85
ReadRateBO,0,22,after,-0.1466623735302371,0.25066988260665624,0.075,0.35920198366763134,1.377048665434048,0.0,0.4502892276124012,0.3229688851816984,0.11666666666666667,0,0.85
ReadRateBO,0,23,after,0.18329792671721534,0.4860365035319839,0.19166666666666668,0.592139449687668,1.0492119548294363,0.0,0.7734124538830645,0.4383058443828759,0.21666666666666667,0,0.85
ReadRateBO,1,0,before,0.5959392509079264,0.8363699052867324,0.44166666666666665,0.6304794901573533,0.8332691510142602,0.0,0.5884956210981543,0.394850434718942,0.31666666666666665,0,0.85
ReadRateBO,1,1,before,1.2390409948392038,1.3171619129002037,0.675,0.8974048989953702,0.27074647048368305,0.0,0.6355791679024521,0.4304615714962061,0.475,0,0.85
ReadRateBO,1,2,before,1.0832601090716105,1.2453716226089095,0.6666666666666666,0.7592160315336874,0.5618356927234207,0.0,0.40806665283469756,0.3872738649402351,0.48333333333333334,0,0.85
ReadRateBO,1,3,before,0.6030026411083648,0.8115690872702132,0.4083333333333333,0.6106422602628567,0.722836220582464,0.0,0.496566101692133,0.3895778387889138,0.2916666666666667,0,0.85
ReadRateBO,1,4,before,0.3219884852515269,0.5458765050173618,0.18333333333333332,0.5633000367712923,0.7759367483091888,0.0,0.462986607172189,0.4124058862373808,0.15833333333333333,0,0.85
ReadRateBO,1,5,before,1.1517161205373259,1.280170379871216,0.7666666666666667,0.7743993592685672,0.44518853844101014,0.0,0.6485014816058428,0.44230134388176695,0.4166666666666667,0,0.85
ReadRateBO,1,6,before,1.1730820110124713,1.2913467625653567,0.7083333333333334,0.7777279617189145,0.4098743954925247,0.0,0.46843730571003594,0.3612222718258689,0.35,0,0.85
ReadRateBO,1,7,before,0.9621645175710445,1.1332965784796365,0.49166666666666664,0.7939948121574157,0.5930985276110167,0.0,0.3538308223916943,0.30810435751291754,0.30833333333333335,0,0.85
ReadRateBO,1,8,before,1.1933845696578862,1.3301377246205732,0.6666666666666666,0.8123569161186457,0.47395031897531886,0.0,0.34276094896550957,0.3070504898339079,0.375,0,0.85
ReadRateBO,1,9,before,1.0710564574738632,1.242692824463782,0.6666666666666666,0.7676785335286378,0.5948463193030712,0.0,0.4691056981213208,0.3394711086341736,0.31666666666666665,0,0.85
ReadRateBO,1,10,before,0.9867899166098824,1.1674157101468254,0.7,0.699964537994907,0.6260012976326746,0.0,0.5609382943680361,0.42844893025113817,0.3416666666666667,0,0.85
ReadRateBO,1,11,before,0.5644039104091534,0.8009058035690428,0.4,0.5926395630751745,0.819653102204334,0.0,0.4410083714185094,0.39620832053719257,0.2916666666666667,0,0.85
ReadRateBO,1,12,after,0.20178815886242868,0.5185638426958773,0.2,0.4899231854063994,1.0978608605955178,0.0,0.3639173677534121,0.4145608825633236,0.24166666666666667,0,0.85
ReadRateBO,1,13,after,-0.016730970659644573,0.31935790641254164,0.125,0.43056239729884344,1.1647952878007195,0.0,0.5713162422605509,0.43206412138757744,0.20833333333333334,0,0.85
ReadRateBO,1,14,after,0.17556305874558864,0.47839102825306445,0.23333333333333334,0.49103512623691825,1.0495217662939997,0.0,0.6178071664909708,0.40423520913263894,0.26666666666666666,0,0.85
ReadRateBO,1,15,after,1.2746439370338887,1.3434754603084458,0.65,0.9171115337873922,0.2385518814570275,0.0,0.5302406999112274,0.43042575670385547,0.475,0,0.85
ReadRateBO,1,16,after,1.2356792498004665,1.3175858476433724,0.7,0.8730108356692784,0.28386663682033786,0.0,0.6452672359303344,0.4122987816453708,0.4166666666666667,0,0.85
ReadRateBO,1,17,after,0.4781235793817229,0.6968446624661585,0.325,0.6009970665321364,0.7580295103449705,0.0,0.5761844177913189,0.3753138581905485,0.30833333333333335,0,0.85
ReadRateBO,1,18,after,0.8187652358999788,0.9704009583870707,0.4666666666666667,0.765627024366588,0.5255293675704903,0.0,0.6518676207051975,0.4422163095641644,0.36666666666666664,0,0.85
ReadRateBO,1,19,after,0.5149289805584722,0.7514685248746433,0.3416666666666667,0.6018839234639669,0.819783591168441,0.0,0.46972022521621126,0.3411066512741792,0.26666666666666666,0,0.85
ReadRateBO,1,20,after,0.9149525702054674,1.0529223448404996,0.5416666666666666,0.7308855324393877,0.4781668014538181,0.0,0.5550160622264804,0.35416690398407197,0.475,0,0.85
ReadRateBO,1,21,after,0.18542814908635452,0.4922561889723951,0.225,0.46780207161816667,1.0633849538187172,0.0,0.48009951217216695,0.3767735266274762,0.24166666666666667,0,0.85
ReadRateBO,1,22,after,0.3724504900793867,0.6178289449843751,0.30833333333333335,0.6002685739325683,0.850416920937742,0.0,0.7572821247402348,0.42392216572970715,0.25,0,0.85
ReadRateBO,1,23,after,1.0958384274778934,1.2153915675822902,0.5666666666666667,0.8677069354668473,0.41433960995225383,0.0,0.5304887929202177,0.3989026445010566,0.4166666666666667,0,0.85
ReadRateBO,2,0,before,0.6186668251730394,0.891083056299159,0.5,0.597044932799683,0.9441227127191811,0.0,0.4872343384781674,0.3986104997138254,0.325,0,0.8916666666666667
ReadRateBO,2,1,before,0.7459286851487019,0.9526278250212739,0.49166666666666664,0.634543086843405,0.7163646301341952,0.0,0.43886677742063007,0.2794793017507253,0.35,0,0.8916666666666667
ReadRateBO,2,2,before,1.188319577406417,1.325383402683115,0.6833333333333333,0.792894782640172,0.4750270202365209,0.0,0.3657261822712805,0.2741790573933741,0.425,0,0.8916666666666667
ReadRateBO,2,3,before,0.05409723693698565,0.39283413848598625,0.19166666666666668,0.4235641035315607,1.1739726413015077,0.0,0.561391604467624,0.3598610024796926,0.26666666666666666,0,0.8916666666666667
ReadRateBO,2,4,before,1.1875681360940185,1.3299451757604956,0.7166666666666667,0.7859123797097581,0.4934412181064504,0.0,0.4263881196914799,0.29811623138990273,0.43333333333333335,0,0.8916666666666667
ReadRateBO,2,5,before,0.96877761268838,1.1238264290321658,0.5583333333333333,0.7948660842573652,0.5373582494892593,0.0,0.5500072022772293,0.4291388525024253,0.4166666666666667,0,0.8916666666666667
ReadRateBO,2,6,before,-0.07434618322868619,0.3729315001618719,0.125,0.32732702950975073,1.550146325847746,0.0,0.15219271175745486,0.2249181054709494,0.16666666666666666,0,0.8916666666666667
ReadRateBO,2,7,before,-0.014931100953163301,0.36027027038322995,0.18333333333333332,0.3735368561973271,1.3003488634202303,0.0,0.4509931285995134,0.40867987045051,0.225,0,0.8916666666666667
ReadRateBO,2,8,before,0.3149245729696009,0.6212768850524484,0.375,0.5232959695282328,1.0617362068912308,0.0,0.7109698300234133,0.4248542364584026,0.35833333333333334,0,0.8916666666666667
ReadRateBO,2,9,before,0.8885668186887815,1.0894384512859234,0.5583333333333333,0.7384702417950544,0.6961680289459107,0.0,0.49993823889591654,0.3825576811579282,0.3333333333333333,0,0.8916666666666667
ReadRateBO,2,10,before,0.7744315330896379,1.0390035962384698,0.5333333333333333,0.5976813742454827,0.9169368981327033,0.0,0.1950312616565151,0.22334488562260973,0.3333333333333333,0,0.8916666666666667
ReadRateBO,2,11,before,0.8933578484569136,1.0974570820078482,0.5666666666666667,0.6767157481202344,0.7073540414513807,0.0,0.29279446273578114,0.3872466263887894,0.3416666666666667,0,0.8916666666666667
ReadRateBO,2,12,after,0.4195898282588099,0.7021025672190946,0.43333333333333335,0.5297999192367,0.9791145424129456,0.0,0.6485001663143356,0.44320423637758743,0.35833333333333334,0,0.8916666666666667
ReadRateBO,2,13,after,0.3540646025594295,0.6545041447922095,0.31666666666666665,0.5544319484945153,1.0412441081368604,0.0,0.5405298466390467,0.3629034425150562,0.3,0,0.8916666666666667
ReadRateBO,2,14,after,0.8660544252010126,1.0492889741307718,0.49166666666666664,0.7489745375312917,0.6350425548591795,0.0,0.4351839168623096,0.4053137000566247,0.375,0,0.8916666666666667
ReadRateBO,2,15,after,0.7150323857268761,0.9212569927976577,0.48333333333333334,0.6572136485624891,0.7147200247659741,0.0,0.5489250939246614,0.36408307280510854,0.35,0,0.8916666666666667
ReadRateBO,2,16,after,0.5506627182635272,0.8168133441966374,0.375,0.5782003047753039,0.922407779849,0.0,0.2977390216015583,0.31376836065466024,0.2916666666666667,0,0.8916666666666667
ReadRateBO,2,17,after,0.583698299506658,0.835381031973155,0.4583333333333333,0.5693057737619734,0.8722658820238771,0.0,0.43638057369031885,0.40895935343370765,0.36666666666666664,0,0.8916666666666667
ReadRateBO,2,18,after,-0.14800711703052327,0.308576953920568,0.09166666666666666,0.3182820085204161,1.5823998073416548,0.0,0.21383054216932718,0.24815039077144396,0.18333333333333332,0,0.8916666666666667
ReadRateBO,2,19,after,0.13530767735680777,0.4804189687060254,0.23333333333333334,0.4085940830681604,1.1960645928905602,0.0,0.3563672213046659,0.36398854202712416,0.24166666666666667,0,0.8916666666666667
ReadRateBO,2,20,after,-0.1226737721890715,0.2970501710248467,0.14166666666666666,0.334811476215947,1.45465233926115,0.0,0.42270612403791236,0.3507742309759546,0.2,0,0.8916666666666667
ReadRateBO,2,21,after,-0.14123861425738704,0.2753094255149353,0.13333333333333333,0.3591535103857616,1.443645496679786,0.0,0.5104387198742513,0.4269720149458949,0.175,0,0.8916666666666667
ReadRateBO,2,22,after,0.8127539164670906,1.0248639798789063,0.4,0.7611014255357027,0.7351174621114563,0.0,0.29877767726917986,0.31069428317361664,0.24166666666666667,0,0.8916666666666667
ReadRateBO,2,23,after,1.2414895329023798,1.3598576072568846,0.6333333333333333,0.8367200684742743,0.4102324850356745,0.0,0.2380370118585184,0.25856460662111724,0.38333333333333336,0,0.8916666666666667
ReadRateBO,3,0,before,0.5560926473682992,0.7925220002020051,0.44166666666666665,0.599936323791225,0.8194016965914789,0.0,0.6223531358479115,0.41583366334342065,0.21666666666666667,0,0.8666666666666667
ReadRateBO,3,1,before,0.9388431132884417,1.0961188043728032,0.525,0.8057842542896468,0.5450760092287105,0.0,0.5665383055946085,0.431359721589741,0.31666666666666665,0,0.8666666666666667
ReadRateBO,3,2,before,0.7505560152514111,0.9338293466563742,0.5333333333333333,0.6309794821820648,0.6351769646758929,0.0,0.5615461135028774,0.4134642320544053,0.30833333333333335,0,0.8666666666666667
ReadRateBO,3,3,before,-0.17161006136319162,0.22163995931170566,0.10833333333333334,0.36354701397193395,1.3629007154297264,0.0,0.643867711155671,0.3805338309790692,0.15,0,0.8666666666666667
ReadRateBO,3,4,before,1.0602618539428263,1.2104067175957978,0.6833333333333333,0.7933533811786034,0.5203624445830726,0.0,0.6862160348736601,0.4027679096936069,0.45,0,0.8666666666666667
ReadRateBO,3,5,before,0.06076087971067151,0.44570356219247664,0.15833333333333333,0.41093713045435015,1.3341096751972272,0.0,0.287534421911578,0.2487105001448903,0.20833333333333334,0,0.8666666666666667
ReadRateBO,3,6,before,1.2516744545900158,1.3720408589187174,0.7416666666666667,0.8236159492286027,0.4171581689728897,0.0,0.43867567109060396,0.41092703766247174,0.5416666666666666,0,0.8666666666666667
ReadRateBO,3,7,before,0.2962501115599567,0.5728770423990895,0.25833333333333336,0.5190860164799466,0.9587158858904795,0.0,0.46833245488055797,0.426950473000154,0.25,0,0.8666666666666667
ReadRateBO,3,8,before,1.3751720575186779,1.4790073553462786,0.8583333333333333,0.8606917918097398,0.35986571965901853,0.0,0.6183577728044187,0.363402919703125,0.36666666666666664,0,0.8666666666666667
ReadRateBO,3,9,before,0.6796181669898078,0.8901230659718947,0.5083333333333333,0.6766723469085396,0.7295543861174482,0.0,0.7663281612186357,0.43322777269591695,0.3416666666666667,0,0.8666666666666667
ReadRateBO,3,10,before,0.7917877321712383,1.023583883527548,0.575,0.6211562108885893,0.8033442438863616,0.0,0.41336460201124525,0.3237529783844522,0.31666666666666665,0,0.8666666666666667
ReadRateBO,3,11,before,0.42926992256553725,0.7307973887090768,0.35833333333333334,0.5089994179059664,1.045014565093894,0.0,0.31917945662962616,0.2718768369422332,0.3416666666666667,0,0.8666666666666667
ReadRateBO,3,12,after,0.9318598063186242,1.1025267489924695,0.5916666666666667,0.7031697702469877,0.5914865506458082,0.0,0.4275516339863189,0.42696131816859373,0.44166666666666665,0,0.8666666666666667
ReadRateBO,3,13,after,0.48943682091167245,0.766668617147535,0.375,0.5776698069878511,0.9608121896122868,0.0,0.42412775555385984,0.3917524211610541,0.275,0,0.8666666666666667
ReadRateBO,3,14,after,-0.2727830089246884,0.15694729712403643,0.09166666666666666,0.30879236294580614,1.4893317501941798,0.0,0.6004454017679753,0.42252074638695875,0.2,0,0.8666666666666667
ReadRateBO,3,15,after,1.1517401074852036,1.2997564860480044,0.675,0.806140380032268,0.5129856773874945,0.0,0.4292167024483112,0.35079255499846906,0.39166666666666666,0,0.8666666666666667
ReadRateBO,3,16,after,0.3549284697037905,0.6235075201186777,0.2916666666666667,0.5745436026807899,0.9308240577627324,0.0,0.602141338157419,0.41373565187702044,0.23333333333333334,0,0.8666666666666667
ReadRateBO,3,17,after,1.1796712848230437,1.293600874996861,0.625,0.8439727117809526,0.3948498710566573,0.0,0.4074550095060453,0.3542355595485205,0.4166666666666667,0,0.8666666666666667
ReadRateBO,3,18,after,0.4575876745991711,0.7312367815660018,0.4,0.5467509723595038,0.9483955347840278,0.0,0.5035443828021986,0.4296725063522825,0.2833333333333333,0,0.8666666666666667
ReadRateBO,3,19,after,0.9463109588104199,1.1043654117082848,0.675,0.7426895367376614,0.5477749920054985,0.0,0.8241036178160199,0.4406202645638054,0.4166666666666667,0,0.8666666666666667
ReadRateBO,3,20,after,1.0381251618394343,1.1991690066822187,0.6833333333333333,0.7763580533897961,0.5581354349965462,0.0,0.6559805557903818,0.42485475535864053,0.35833333333333334,0,0.8666666666666667
ReadRateBO,3,21,after,0.26595759817475156,0.5478315360542417,0.2833333333333333,0.48056669706990424,0.9769006265724888,0.0,0.4954495674913864,0.4495574940105323,0.24166666666666667,0,0.8666666666666667
ReadRateBO,3,22,after,0.8203507081871764,0.9856386662221398,0.49166666666666664,0.7492837832054126,0.5728444104622274,0.0,0.6410746771989244,0.41992920326841343,0.4,0,0.8666666666666667
ReadRateBO,3,23,after,0.15389149375544647,0.45665666809934735,0.2916666666666667,0.4637499268034805,1.0493041348410759,0.0,0.780637987192325,0.4304568614206822,0.2916666666666667,0,0.8666666666666667
ReadRateBO,4,0,before,0.6678878219062115,0.863594265336427,0.4666666666666667,0.645226322563873,0.6782668474053414,0.0,0.6029095784608549,0.44950566903904277,0.3,0,0.875
ReadRateBO,4,1,before,-0.003525131164164752,0.3682918910627777,0.19166666666666668,0.3993001334669558,1.2886196032039985,0.0,0.5228048622038792,0.43888966939787366,0.25,0,0.875
ReadRateBO,4,2,before,0.04617474340840144,0.4126429866230617,0.2,0.40692796047837165,1.2700821477449902,0.0,0.441683960965099,0.41186523710520184,0.225,0,0.875
ReadRateBO,4,3,before,0.8835749845264461,1.0829684908431338,0.5583333333333333,0.7215125284689523,0.6910452336268688,0.0,0.49170089945534146,0.3291140074836633,0.3416666666666667,0,0.875
ReadRateBO,4,4,before,0.8868577973492537,1.0965932741815836,0.5666666666666667,0.7170008709765803,0.726887772148626,0.0,0.44429356412918447,0.35857462815272034,0.31666666666666665,0,0.875
ReadRateBO,4,5,before,0.6036310748165594,0.8031226098844522,0.45,0.6662975639441323,0.6913849753894264,0.0,0.822258205846562,0.44331661537141154,0.375,0,0.875
ReadRateBO,4,6,before,0.034944682714520614,0.4508325809831042,0.19166666666666668,0.39178132176659425,1.4413576205693504,0.0,0.30981862680517963,0.26446546272401933,0.3,0,0.875
ReadRateBO,4,7,before,0.8645879773959086,1.073858439842755,0.4666666666666667,0.7295969431478375,0.7252761550975376,0.0,0.24183679489854384,0.33236087668124126,0.44166666666666665,0,0.875
ReadRateBO,4,8,before,0.9669712219863789,1.1529007430266343,0.625,0.7650381551200389,0.6443826164595701,0.0,0.5828734671849667,0.41516914625276546,0.4166666666666667,0,0.875
ReadRateBO,4,9,before,1.1967596075411822,1.2889260350757092,0.6333333333333333,0.8951631401129528,0.31942449693919955,0.0,0.6027245244762179,0.3916872068514117,0.5166666666666667,0,0.875
ReadRateBO,4,10,before,1.206278175360599,1.3718484867031222,0.775,0.7731940575327821,0.5738229724575118,0.0,0.4351543242023834,0.30532849045963245,0.5333333333333333,0,0.875
ReadRateBO,4,11,before,1.0411711664766967,1.2062279058514394,0.5583333333333333,0.7914794996282298,0.5720430676501029,0.0,0.3369385647373326,0.28335571792616177,0.3,0,0.875
ReadRateBO,4,12,after,0.38028762847479025,0.6912899678304398,0.30833333333333335,0.5453567841216744,1.077851973359579,0.0,0.38916414821339107,0.3043393677370041,0.25833333333333336,0,0.875
ReadRateBO,4,13,after,0.34061448846736625,0.6502786073122766,0.275,0.5377880764048438,1.0732140544896471,0.0,0.3602235089122154,0.3629494427926844,0.25,0,0.875
ReadRateBO,4,14,after,0.9296043497676408,1.0590272813155615,0.4,0.8448350462108093,0.4485457005112198,0.0,0.44234884473692404,0.35402074316113785,0.2833333333333333,0,0.875
ReadRateBO,4,15,after,1.0502988505179032,1.2293000689161222,0.675,0.7466880683052395,0.6203709492476027,0.0,0.46224668226222343,0.3580932980696684,0.31666666666666665,0,0.875
ReadRateBO,4,16,after,0.08104668597291503,0.42288932912789845,0.15833333333333333,0.46571546872160424,1.1847363214901812,0.0,0.48885240472152564,0.36335834340387585,0.19166666666666668,0,0.875
ReadRateBO,4,17,after,0.7434234898747063,0.9480034261506396,0.48333333333333334,0.6383070051116673,0.7090200301439822,0.0,0.3757557492780147,0.4060679167397119,0.3416666666666667,0,0.875
ReadRateBO,4,18,after,1.036611030033674,1.223772785181701,0.6416666666666667,0.7226381903637379,0.6486532144475294,0.0,0.3180566736636722,0.30076713166401275,0.2833333333333333,0,0.875
ReadRateBO,4,19,after,1.1181973120151407,1.2699154277380613,0.7083333333333334,0.8025917346523007,0.5258149207660495,0.0,0.601215084096489,0.4043007667908398,0.375,0,0.875
ReadRateBO,4,20,after,0.1371402737625546,0.43305894015677165,0.225,0.46648989397500135,1.0255759464310528,0.0,0.6420726845234958,0.4387276564078732,0.21666666666666667,0,0.875
ReadRateBO,4,21,after,0.9043283491717055,1.0677511391067434,0.5166666666666667,0.7724030620998548,0.5663802304135587,0.0,0.5294259075874578,0.416605449223605,0.35833333333333334,0,0.875
ReadRateBO,4,22,after,0.946930901823045,1.1273788853800752,0.6,0.7479634401867225,0.6253850552014145,0.0,0.5267455446009468,0.41707260950908775,0.36666666666666664,0,0.875
ReadRateBO,4,23,after,0.25015695101805474,0.5727672530215694,0.225,0.5311105487767714,1.118082106266643,0.0,0.43957829347084654,0.3431320514263206,0.275,0,0.875
InfoBO,0,0,before,0.5395438240347803,0.5395438240347803,0.2833333333333333,0.5751070499311989,0.8426209429161143,0.29427550916291145,0.6243772459350759,0.43346453205415897,0.225,0,0.85
InfoBO,0,1,before,1.2360272786055486,1.2360272786055486,0.5833333333333334,0.6797955684885594,0.6832127082756794,0.6293986865067998,0.5072369021744689,0.36957498165170116,0.4083333333333333,0,0.85
InfoBO,0,2,before,0.6781945421421505,0.6781945421421505,0.375,0.5944599775632912,0.848044286193973,0.29851822635758213,0.536297422723283,0.4319552479296796,0.26666666666666666,0,0.85
InfoBO,0,3,before,1.3566974554418745,1.3566974554418745,0.6666666666666666,0.7871119231440485,0.5072019843899308,0.4256528217379206,0.4807891067113421,0.4125902525100747,0.4583333333333333,0,0.85
InfoBO,0,4,before,1.2943700620631147,1.2943700620631147,0.6666666666666666,0.7601601579818087,0.4896913866959683,0.2968240766704351,0.3976706885803615,0.33303289988700585,0.4,0,0.85
InfoBO,0,5,before,1.028617209733381,1.028617209733381,0.4666666666666667,0.7442174806490561,0.5838961490639465,0.27461318740774454,0.4237650111097943,0.3428568730953769,0.325,0,0.85
InfoBO,0,6,before,0.46577246008357476,0.46577246008357476,0.30833333333333335,0.5282246657575188,0.9652382275174268,0.15384485330172964,0.43837318613447174,0.3538107621653655,0.26666666666666666,0,0.85
InfoBO,0,7,before,0.8923457449089857,0.8923457449089857,0.38333333333333336,0.6505237623464791,0.8386653487383721,0.562433851765265,0.5806323848105247,0.41862852312517373,0.31666666666666665,0,0.85
InfoBO,0,8,before,0.2752803090756481,0.2752803090756481,0.2916666666666667,0.47333591685279497,1.0642817923361059,0.11307287083110795,0.6204715495663924,0.42891812860144685,0.225,0,0.85
InfoBO,0,9,before,1.467555845871543,1.467555845871543,0.55,0.8468328640739742,0.4605507727510704,0.7743511284966429,0.657036480726211,0.42593258598295736,0.35833333333333334,0,0.85
InfoBO,0,10,before,0.8319543961491309,0.8319543961491309,0.5083333333333333,0.6985984309756664,0.7281760853303383,0.14858566358617814,0.6573980548784845,0.3786809627201782,0.2916666666666667,0,0.85
InfoBO,0,11,before,0.5610895335620865,0.5610895335620865,0.175,0.57412781515263,0.8656560829671535,0.3646092576552815,0.3499916172989717,0.3468720226107024,0.15833333333333333,0,0.85
InfoBO,0,12,after,0.9216066409301197,0.9216066409301197,0.3333333333333333,0.6990792612110089,0.6858701302675212,0.4181636229463027,0.3993943797793244,0.2932368421469532,0.225,0,0.85
InfoBO,0,13,after,1.1765442318606545,1.1765442318606545,0.4083333333333333,0.8488263676040771,0.4455933241202935,0.5564793092348974,0.7295508513149979,0.44711162287253287,0.24166666666666667,0,0.85
InfoBO,0,14,after,1.156852831164234,1.156852831164234,0.48333333333333334,0.849428606280004,0.3732271627893688,0.16341582468554616,0.3854586242766006,0.33753613734129795,0.275,0,0.85
InfoBO,0,15,after,0.00766225167601442,0.00766225167601442,0.058333333333333334,0.38970574911690287,1.3642278826841845,0.10191087865781512,0.23533807163606785,0.2485931751993718,0.13333333333333333,0,0.85
InfoBO,0,16,after,1.1218670851684935,1.1218670851684935,0.23333333333333334,0.7829826111635252,0.7366836154629554,0.7787878416425067,0.33705432727493956,0.32028870923250335,0.19166666666666668,0,0.85
InfoBO,0,17,after,-0.014557034109273503,-0.014557034109273503,0.1,0.3650052435105067,1.4502823714333373,0.23258652774168653,0.48131316968009186,0.37504804219768245,0.15,0,0.85
InfoBO,0,18,after,0.7171015801031554,0.7171015801031554,0.20833333333333334,0.6662711437481086,1.0911335159948925,0.6547694539825483,0.5606089916481701,0.44898192919100455,0.175,0,0.85
InfoBO,0,19,after,0.9223155318799089,0.9223155318799089,0.39166666666666666,0.6995571018721968,0.725680015897665,0.4553455051983305,0.5675024675775554,0.4165187164208618,0.275,0,0.85
InfoBO,0,20,after,1.36523888575099,1.36523888575099,0.5416666666666666,0.8281563702715234,0.3831289746892146,0.3357338113276399,0.19636817353675384,0.24377554374504698,0.3416666666666667,0,0.85
InfoBO,0,21,after,0.9211588394345382,0.9211588394345382,0.45,0.6638045938135548,0.7116030005664631,0.217373280961582,0.267640049230084,0.2496832279143483,0.3,0,0.85
InfoBO,0,22,after,-0.06816720897982781,-0.06816720897982781,0.08333333333333333,0.35927053153774463,1.377022103312366,0.11680936523119567,0.4502892276124012,0.3229688851816984,0.10833333333333334,0,0.85
InfoBO,0,23,after,0.6730265462134033,0.6730265462134033,0.2,0.5902213046075389,1.0539958275846635,0.8078229419050429,0.7734124538830645,0.4383058443828759,0.175,0,0.85
InfoBO,1,0,before,0.8863228507127736,0.8863228507127736,0.44166666666666665,0.6304794901573533,0.8332691510142602,0.48397266634141206,0.5884956210981543,0.394850434718942,0.31666666666666665,0,0.85
InfoBO,1,1,before,1.6906204077351301,1.6906204077351301,0.7166666666666667,0.8969073117349879,0.26570712146928666,0.6815938078719443,0.6355791679024521,0.4304615714962061,0.4166666666666667,0,0.85
InfoBO,1,2,before,1.1088649816218834,1.1088649816218834,0.6583333333333333,0.7510179884414998,0.5787790609764216,0.07837511941117617,0.40806665283469756,0.3872738649402351,0.475,0,0.85
InfoBO,1,3,before,0.7866739745001035,0.7866739745001035,0.375,0.5956968131559255,0.740291716146338,0.39497784201542563,0.496566101692133,0.3895778387889138,0.31666666666666665,0,0.85
InfoBO,1,4,before,0.5626533508560145,0.5626533508560145,0.23333333333333334,0.5837716865927546,0.739935942478687,0.2663426316251518,0.462986607172189,0.4124058862373808,0.21666666666666667,0,0.85
InfoBO,1,5,before,1.2919083671724734,1.2919083671724734,0.7583333333333333,0.8018225775221459,0.38584146632334254,0.17329736064635726,0.6485014816058428,0.44230134388176695,0.39166666666666666,0,0.85
InfoBO,1,6,before,1.2542101142799054,1.2542101142799054,0.7,0.7950080303146901,0.3749897556329803,0.10352631436546511,0.46843730571003594,0.3612222718258689,0.43333333333333335,0,0.85
InfoBO,1,7,before,1.096273445630849,1.096273445630849,0.475,0.7920082322639572,0.6090413371373172,0.2622704951136931,0.3538308223916943,0.30810435751291754,0.31666666666666665,0,0.85
InfoBO,1,8,before,1.338072396590305,1.338072396590305,0.6416666666666667,0.8056134681667648,0.4856639709312437,0.29968520066966914,0.34276094896550957,0.3070504898339079,0.38333333333333336,0,0.85
InfoBO,1,9,before,1.255998807275726,1.255998807275726,0.6666666666666666,0.7739965715629789,0.5841357627276242,0.2925564973270163,0.4691056981213208,0.3394711086341736,0.35833333333333334,0,0.85
InfoBO,1,10,before,1.2533459849524322,1.2533459849524322,0.725,0.7209560911763878,0.5945447630537987,0.35248012978828325,0.5609382943680361,0.42844893025113817,0.325,0,0.85
InfoBO,1,11,before,0.5481303704719283,0.5481303704719283,0.35,0.5448816438802084,0.9177597529371061,0.18298662492636686,0.4410083714185094,0.39620832053719257,0.275,0,0.85
InfoBO,1,12,after,0.3836634869970416,0.3836634869970416,0.19166666666666668,0.489662454793286,1.0980193876585627,0.3175252222043333,0.3639173677534121,0.4145608825633236,0.21666666666666667,0,0.85
InfoBO,1,13,after,0.24401930458259868,0.24401930458259868,0.15,0.4430893482608339,1.1423664638369062,0.3612528894318998,0.5713162422605509,0.43206412138757744,0.18333333333333332,0,0.85
InfoBO,1,14,after,0.4748254389840945,0.4748254389840945,0.25,0.5020825508122447,1.0277937170428997,0.44213149869327006,0.6178071664909708,0.40423520913263894,0.25,0,0.85
InfoBO,1,15,after,1.7869542639967437,1.7869542639967437,0.6416666666666667,0.903832833620555,0.26676740482313477,0.9034393993171657,0.5302406999112274,0.43042575670385547,0.43333333333333335,0,0.85
InfoBO,1,16,after,1.3340395913777763,1.3340395913777763,0.6916666666666667,0.9022257152432653,0.24955297675596425,0.1126299431578861,0.6452672359303344,0.4122987816453708,0.4,0,0.85
InfoBO,1,17,after,0.6426098598817891,0.6426098598817891,0.375,0.6341532789744849,0.6991280505304682,0.10722449877102869,0.5761844177913189,0.3753138581905485,0.3333333333333333,0,0.85
InfoBO,1,18,after,1.036513571937078,1.036513571937078,0.4666666666666667,0.7749256610462545,0.5153858064365043,0.3425381438140696,0.6518676207051975,0.4422163095641644,0.36666666666666664,0,0.85
InfoBO,1,19,after,0.5165096715885193,0.5165096715885193,0.3,0.5696642438582488,0.8825590217965643,0.15596699632300753,0.46972022521621126,0.3411066512741792,0.25833333333333336,0,0.85
InfoBO,1,20,after,1.1751292110339047,1.1751292110339047,0.5666666666666667,0.7358517023226441,0.4754454455894957,0.38237542270531755,0.5550160622264804,0.35416690398407197,0.44166666666666665,0,0.85
InfoBO,1,21,after,0.22538078909963438,0.22538078909963438,0.23333333333333334,0.4661803329992575,1.0690500868119421,0.05812609525652668,0.48009951217216695,0.3767735266274762,0.23333333333333334,0,0.85
InfoBO,1,22,after,0.6609492867115607,0.6609492867115607,0.3,0.6186942388510279,0.824722432636292,0.4516543381281857,0.7572821247402348,0.42392216572970715,0.25833333333333336,0,0.85
InfoBO,1,23,after,1.5423876418009996,1.5423876418009996,0.6,0.8630632831454474,0.4248307442045051,0.7014777246382957,0.5304887929202177,0.3989026445010566,0.425,0,0.85
InfoBO,2,0,before,0.974720155653559,0.974720155653559,0.5,0.597044932799683,0.9441227127191811,0.5934222174675325,0.4872343384781674,0.3986104997138254,0.325,0,0.8916666666666667
InfoBO,2,1,before,1.1458154596143844,1.1458154596143844,0.5083333333333333,0.6412370266562467,0.702733424930079,0.6209883892605172,0.43886677742063007,0.2794793017507253,0.35833333333333334,0,0.8916666666666667
InfoBO,2,2,before,1.3292955205268226,1.3292955205268226,0.6583333333333333,0.7884817783451598,0.4782812612362546,0.28554653814308767,0.3657261822712805,0.2741790573933741,0.43333333333333335,0,0.8916666666666667
InfoBO,2,3,before,0.21373003260461282,0.21373003260461282,0.21666666666666667,0.44564798991809673,1.1279950033300326,0.1654709453707402,0.561391604467624,0.3598610024796926,0.275,0,0.8916666666666667
InfoBO,2,4,before,1.71813404781888,1.71813404781888,0.7583333333333333,0.8141187308967183,0.4522365036579787,0.7480062107200387,0.4263881196914799,0.29811623138990273,0.44166666666666665,0,0.8916666666666667
InfoBO,2,5,before,1.06228443911116,1.06228443911116,0.5,0.795245456990416,0.5627219307772857,0.26463199744274557,0.5500072022772293,0.4291388525024253,0.35833333333333334,0,0.8916666666666667
InfoBO,2,6,before,0.011802299425050067,0.011802299425050067,0.13333333333333333,0.3335044407016691,1.5362543739713141,0.11271561352067544,0.15219271175745486,0.2249181054709494,0.19166666666666668,0,0.8916666666666667
InfoBO,2,7,before,0.2924667539128131,0.2924667539128131,0.15,0.3584571656070048,1.3370801118956281,0.6106821279897592,0.4509931285995134,0.40867987045051,0.225,0,0.8916666666666667
InfoBO,2,8,before,0.4775947191969612,0.4775947191969612,0.35,0.5184706286659159,1.0748309641846714,0.32712305895242566,0.7109698300234133,0.4248542364584026,0.3333333333333333,0,0.8916666666666667
InfoBO,2,9,before,1.1747684803492495,1.1747684803492495,0.5416666666666666,0.7149743819768202,0.7440615170824754,0.5669722128507807,0.49993823889591654,0.3825576811579282,0.3,0,0.8916666666666667
InfoBO,2,10,before,1.0069166728018917,1.0069166728018917,0.5166666666666667,0.6062184400516625,0.9024697560873929,0.3940673429263657,0.1950312616565151,0.22334488562260973,0.35833333333333334,0,0.8916666666666667
InfoBO,2,11,before,1.3133874386388187,1.3133874386388187,0.6166666666666667,0.6995396365484053,0.655676443448728,0.5538244981350637,0.29279446273578114,0.3872466263887894,0.44166666666666665,0,0.8916666666666667
InfoBO,2,12,after,0.5658420614701483,0.5658420614701483,0.4,0.5211574989205435,1.0052868453421544,0.3262995286495847,0.6485001663143356,0.44320423637758743,0.35,0,0.8916666666666667
InfoBO,2,13,after,0.6948364319251872,0.6948364319251872,0.3416666666666667,0.55858524697501,1.0295462052891486,0.5137387159997067,0.5405298466390467,0.3629034425150562,0.35833333333333334,0,0.8916666666666667
InfoBO,2,14,after,1.225450993381445,1.225450993381445,0.48333333333333334,0.7551000688675288,0.6257265004662644,0.5981938751381111,0.4351839168623096,0.4053137000566247,0.38333333333333336,0,0.8916666666666667
InfoBO,2,15,after,0.886803099104681,0.886803099104681,0.4666666666666667,0.6708740369819979,0.6878737690760005,0.27838466605815043,0.5489250939246614,0.36408307280510854,0.375,0,0.8916666666666667
InfoBO,2,16,after,0.7646599192465304,0.7646599192465304,0.4,0.6027054149630289,0.8772339881397401,0.25242948289976364,0.2977390216015583,0.31376836065466024,0.31666666666666665,0,0.8916666666666667
InfoBO,2,17,after,0.8192361600371306,0.8192361600371306,0.48333333333333334,0.5881162122664193,0.8427228248381678,0.3053384960118708,0.43638057369031885,0.40895935343370765,0.3333333333333333,0,0.8916666666666667
InfoBO,2,18,after,-0.014760104768746563,-0.014760104768746563,0.09166666666666666,0.315809272553042,1.588584385996094,0.2291737340335005,0.21383054216932718,0.24815039077144396,0.16666666666666666,0,0.8916666666666667
InfoBO,2,19,after,0.31771530100176254,0.31771530100176254,0.175,0.3704408415121538,1.269070132420506,0.4999319075029167,0.3563672213046659,0.36398854202712416,0.24166666666666667,0,0.8916666666666667
InfoBO,2,20,after,0.0007420794903188477,0.0007420794903188477,0.15833333333333333,0.3397188133088713,1.4458308634135861,0.16549418004679817,0.42270612403791236,0.3507742309759546,0.20833333333333334,0,0.8916666666666667
InfoBO,2,21,after,0.1967850053842955,0.1967850053842955,0.15833333333333333,0.37709170068753356,1.4043667981456847,0.4729199877039443,0.5104387198742513,0.4269720149458949,0.19166666666666668,0,0.8916666666666667
InfoBO,2,22,after,1.4089438338030291,1.4089438338030291,0.4,0.7717521378125286,0.7132505250381537,0.965382901206826,0.29877767726917986,0.31069428317361664,0.25833333333333336,0,0.8916666666666667
InfoBO,2,23,after,1.515407890951077,1.515407890951077,0.6083333333333333,0.8333744645777,0.4111426588804924,0.5042109710062078,0.2380370118585184,0.25856460662111724,0.36666666666666664,0,0.8916666666666667
InfoBO,3,0,before,0.6929950234081718,0.6929950234081718,0.44166666666666665,0.599936323791225,0.8194016965914789,0.22817062673312094,0.6223531358479115,0.41583366334342065,0.21666666666666667,0,0.8666666666666667
InfoBO,3,1,before,1.2354380743959021,1.2354380743959021,0.5,0.797043560106111,0.5618921897088694,0.5586462988801337,0.5665383055946085,0.431359721589741,0.30833333333333335,0,0.8666666666666667
InfoBO,3,2,before,0.9139236100175117,0.9139236100175117,0.5166666666666667,0.6318895672174356,0.6405139503756092,0.30110684159641904,0.5615461135028774,0.4134642320544053,0.3,0,0.8666666666666667
InfoBO,3,3,before,-0.006352193277681384,-0.006352193277681384,0.14166666666666666,0.394664586571016,1.3014828004278922,0.13847582979019613,0.643867711155671,0.3805338309790692,0.175,0,0.8666666666666667
InfoBO,3,4,before,1.5866138790378996,1.5866138790378996,0.6333333333333333,0.7906227439700281,0.5384167901426051,0.9738200754411583,0.6862160348736601,0.4027679096936069,0.4166666666666667,0,0.8666666666666667
InfoBO,3,5,before,0.2963255829817593,0.2963255829817593,0.21666666666666667,0.4512953262224144,1.2441707314257964,0.18487046756220554,0.287534421911578,0.2487105001448903,0.23333333333333334,0,0.8666666666666667
InfoBO,3,6,before,1.8593969816411309,1.8593969816411309,0.7416666666666667,0.8278437710303833,0.411327688985565,1.0030206405609858,0.43867567109060396,0.41092703766247174,0.5333333333333333,0,0.8666666666666667
InfoBO,3,7,before,0.41317318458620594,0.41317318458620594,0.25833333333333336,0.5288369249501642,0.9435640194784666,0.1713337667491117,0.46833245488055797,0.426950473000154,0.25,0,0.8666666666666667
InfoBO,3,8,before,1.855912517995035,1.855912517995035,0.8583333333333333,0.8729922599904384,0.3373781534221409,0.7699190870622294,0.6183577728044187,0.363402919703125,0.4,0,0.8666666666666667
InfoBO,3,9,before,0.7558097350494473,0.7558097350494473,0.48333333333333334,0.6690127418474394,0.7392979596836295,0.18610429028938819,0.7663281612186357,0.43322777269591695,0.31666666666666665,0,0.8666666666666667
InfoBO,3,10,before,1.0422868393276208,1.0422868393276208,0.6,0.6160462914887631,0.8127577571711633,0.3888753205714566,0.41336460201124525,0.3237529783844522,0.375,0,0.8666666666666667
InfoBO,3,11,before,0.6286573191025272,0.6286573191025272,0.3416666666666667,0.5061711704309337,1.048169438136456,0.36632102436219466,0.31917945662962616,0.2718768369422332,0.30833333333333335,0,0.8666666666666667
InfoBO,3,12,after,0.7738820558967703,0.7738820558967703,0.43333333333333335,0.5547373126898892,0.9346047416615663,0.36118531437007584,0.3838967787321488,0.3070721328770851,0.25,0,0.8666666666666667
InfoBO,3,13,after,0.9480167514590004,0.9480167514590004,0.39166666666666666,0.6703682009220054,0.8055941542899174,0.503881082052698,0.41712854638164004,0.39175242116105446,0.3,0,0.8666666666666667
InfoBO,3,14,after,1.41000895905599,1.41000895905599,0.6166666666666667,0.7470123466852567,0.6009623651863678,0.6031466421339146,0.33613631473892436,0.27544040234366635,0.38333333333333336,0,0.8666666666666667
InfoBO,3,15,after,0.2872870119196249,0.2872870119196249,0.225,0.4630991708787974,1.2033547674549727,0.21728198393864745,0.4339347856112506,0.35857415034339724,0.225,0,0.8666666666666667
InfoBO,3,16,after,1.8025924561847226,1.8025924561847226,0.6916666666666667,0.8701135600578077,0.3556265937417964,0.9851941461249181,0.6230399918236924,0.40520077351793626,0.4666666666666667,0,0.8666666666666667
InfoBO,3,17,after,0.7717371052290528,0.7717371052290528,0.4666666666666667,0.6400564121049396,0.8102385570993988,0.19884626094426114,0.5521016981090915,0.36585194015677514,0.23333333333333334,0,0.8666666666666667
InfoBO,3,18,after,-0.1713607874247292,-0.1713607874247292,0.09166666666666666,0.3208547095052808,1.5587894106056719,0.23711356875373102,0.7010988104362017,0.4403274081589874,0.16666666666666666,0,0.8666666666666667
InfoBO,3,19,after,1.8827389528399492,1.8827389528399492,0.6916666666666667,0.853315086778814,0.3760848588776097,1.1871641323139406,0.6660147231163506,0.4414780725850669,0.38333333333333336,0,0.8666666666666667
InfoBO,3,20,after,0.37782039977187487,0.37782039977187487,0.35,0.47799440912213065,1.0332566706219335,0.16381316149323732,0.637314190547886,0.3942186276499434,0.375,0,0.8666666666666667
InfoBO,3,21,after,0.10262523562315495,0.10262523562315495,0.18333333333333332,0.398028624880612,1.2623998335972895,0.12072834965535129,0.4538078101133319,0.3385319562668613,0.2916666666666667,0,0.8666666666666667
InfoBO,3,22,after,0.5829274274754994,0.5829274274754994,0.375,0.4741824986321797,1.0082717576729778,0.408955840405149,0.5234068333908556,0.4245386163324806,0.4,0,0.8666666666666667
InfoBO,3,23,after,0.1809170695268021,0.1809170695268021,0.2,0.3994483041309299,1.2058789361110398,0.16413906299843672,0.3653267743265265,0.39649018598173813,0.325,0,0.8666666666666667
InfoBO,4,0,before,0.8232101111221873,0.8232101111221873,0.4666666666666667,0.645226322563873,0.6782668474053414,0.2588704820266262,0.6029095784608549,0.44950566903904277,0.3,0,0.875
InfoBO,4,1,before,0.14266828735747533,0.14266828735747533,0.20833333333333334,0.4119332636066204,1.2607349362895184,0.1814130126340609,0.5228048622038792,0.43888966939787366,0.275,0,0.875
InfoBO,4,2,before,0.08412714644690739,0.08412714644690739,0.18333333333333332,0.39496522590303923,1.2958312014240045,0.12335235115094112,0.441683960965099,0.41186523710520184,0.225,0,0.875
InfoBO,4,3,before,1.307283072167102,1.307283072167102,0.575,0.7000459764228649,0.7002569704038369,0.718609864022164,0.49170089945534146,0.3291140074836633,0.3416666666666667,0,0.875
InfoBO,4,4,before,1.0772434734478076,1.0772434734478076,0.5833333333333334,0.7116509830110516,0.7258311713680801,0.29794004476026253,0.44429356412918447,0.35857462815272034,0.35833333333333334,0,0.875
InfoBO,4,5,before,0.8465702161893176,0.8465702161893176,0.44166666666666665,0.6552686083314533,0.7182340432364968,0.4500807228764376,0.822258205846562,0.44331661537141154,0.375,0,0.875
InfoBO,4,6,before,-0.030378123227548737,-0.030378123227548737,0.15833333333333333,0.3666506639160846,1.5002401152613674,0.01688513643207079,0.30981862680517963,0.26446546272401933,0.3,0,0.875
InfoBO,4,7,before,0.1751372383173947,0.1751372383173947,0.18333333333333332,0.37450421045076715,1.4371022098586783,0.47575918722021604,0.6339502686468996,0.42207127281352186,0.35833333333333334,0,0.875
InfoBO,4,8,before,1.8708469125111002,1.8708469125111002,0.675,0.845307036386505,0.3924118950154972,1.1681723786715659,0.5828734671849667,0.41516914625276546,0.36666666666666664,0,0.875
InfoBO,4,9,before,0.44107305583336126,0.44107305583336126,0.3,0.6086794790527333,0.9400467489717883,0.17891524733284456,0.7996011785612531,0.4255670764108309,0.24166666666666667,0,0.875
InfoBO,4,10,before,0.6777005965452015,0.6777005965452015,0.35833333333333334,0.5888086544678559,0.866892909384464,0.4349961348550506,0.709969774238274,0.44877146418254343,0.3,0,0.875
InfoBO,4,11,before,1.5369725883522627,1.5369725883522627,0.5083333333333333,0.8862851908285232,0.3411162990834542,0.7803660785742513,0.5504534492280789,0.4153612638326777,0.35833333333333334,0,0.875
InfoBO,4,12,after,0.6516343273495772,0.6516343273495772,0.2916666666666667,0.6353987354495902,0.9089584736613924,0.20039160837693068,0.28375233117678256,0.32180242649830043,0.26666666666666666,0,0.875
InfoBO,4,13,after,1.4545103079609605,1.4545103079609605,0.5666666666666667,0.8292290978409833,0.47887544425531403,0.633164101187955,0.4211076031121972,0.3785159373311675,0.48333333333333334,0,0.875
InfoBO,4,14,after,0.5532018901887912,0.5532018901887912,0.36666666666666664,0.5208475279975362,1.0528190376300497,0.19456023980586085,0.34609835477667406,0.2895972067830218,0.2833333333333333,0,0.875
InfoBO,4,15,after,0.6394722189501592,0.6394722189501592,0.21666666666666667,0.5586911847630034,1.0823238102273942,0.6794828823987829,0.5471110808525492,0.4476626595519605,0.25833333333333336,0,0.875
InfoBO,4,16,after,1.5322693303687174,1.5322693303687174,0.6083333333333333,0.8429070642531438,0.4154700053582607,0.6631743242758068,0.44656082475266684,0.42018740722499215,0.39166666666666666,0,0.875
InfoBO,4,17,after,1.1660645285062718,1.1660645285062718,0.6416666666666667,0.8038846019672901,0.4925245601659575,0.12219161592858374,0.5140867543527095,0.37642090190355654,0.35833333333333334,0,0.875
InfoBO,4,18,after,1.2003922518735402,1.2003922518735402,0.6416666666666667,0.7390005759107285,0.5765351945829674,0.10778984575989309,0.13698749934305082,0.24999836754877194,0.325,0,0.875
InfoBO,4,19,after,0.33412860770152625,0.33412860770152625,0.275,0.5105482395527445,1.0693655226706533,0.12462991304109095,0.5082976310649708,0.4343641537697625,0.26666666666666666,0,0.875
InfoBO,4,20,after,1.4702377017763166,1.4702377017763166,0.5583333333333333,0.8369471926074858,0.4369764390028201,0.617693949161179,0.3725517873809643,0.38539272759988774,0.3333333333333333,0,0.875
InfoBO,4,21,after,0.2592051030761069,0.2592051030761069,0.20833333333333334,0.4314731767245317,1.0578403402119154,0.21282973339769726,0.45427477020464657,0.4452574225585174,0.24166666666666667,0,0.875
InfoBO,4,22,after,0.4159478453662157,0.4159478453662157,0.30833333333333335,0.5033596323105213,1.0155332097040195,0.16617419406100986,0.4617244768368347,0.4260756570905759,0.2,0,0.875
InfoBO,4,23,after,0.07672538016892194,0.07672538016892194,0.15,0.3677530641458803,1.333145883032686,0.1272711450432139,0.2919044041923731,0.3010297259907723,0.2833333333333333,0,0.875
