asset_id,diag_class,sensing_anomaly,operational_anomaly,op_type,true_route,n_true_states,n_observed_events,failed_reader
0,2,0,1,unauthorized_jump,"[0, 1, 2, 5, 6, 7]",6,7,-1
1,0,0,0,none,"[0, 1, 2, 3, 4, 5, 6, 7]",8,8,-1
2,1,1,0,none,"[0, 1, 3, 4, 5, 6, 7]",7,6,-1
3,2,0,1,mandatory_skip,"[0, 1, 3, 4, 5, 6, 7]",7,7,-1
4,0,0,0,none,"[0, 1, 2, 3, 5, 6, 7]",7,7,-1
5,1,1,0,none,"[0, 1, 3, 4, 5, 6, 7]",7,6,-1
6,1,1,0,none,"[0, 1, 3, 4, 5, 6, 7]",7,6,6
7,0,0,0,none,"[0, 1, 2, 3, 4, 5, 6, 7]",8,8,-1
8,0,0,0,none,"[0, 1, 2, 3, 4, 5, 6, 7]",8,7,-1
9,2,0,1,reverse,"[0, 1, 2, 3, 2, 4, 5, 6, 7]",9,10,-1
10,0,0,0,none,"[0, 1, 2, 3, 4, 5, 6, 7]",8,8,-1
11,2,0,1,mandatory_skip,"[0, 1, 3, 4, 5, 6, 7]",7,6,-1
12,1,1,0,none,"[0, 1, 2, 3, 4, 5, 6, 7]",8,8,-1
13,2,0,1,reverse,"[0, 1, 2, 3, 4, 3, 5, 6, 7]",9,9,-1
14,1,1,0,none,"[0, 1, 2, 3, 4, 5, 6, 7]",8,7,1
15,1,1,0,none,"[0, 1, 2, 3, 4, 5, 6, 7]",8,7,-1
16,1,1,0,none,"[0, 1, 2, 3, 4, 5, 6, 7]",8,7,-1
17,2,0,1,reverse,"[0, 1, 2, 3, 4, 5, 4, 6, 7]",9,9,-1
18,1,1,0,none,"[0, 1, 2, 3, 4, 5, 6, 7]",8,5,-1
19,1,1,0,none,"[0, 1, 2, 3, 4, 5, 6, 7]",8,7,7
20,0,0,0,none,"[0, 1, 2, 3, 4, 5, 6, 7]",8,9,-1
21,2,0,1,unauthorized_jump,"[0, 1, 2, 3, 6, 7]",6,6,-1
22,0,0,0,none,"[0, 1, 2, 3, 4, 5, 6, 7]",8,8,-1
23,0,0,0,none,"[0, 1, 2, 3, 4, 5, 6, 7]",8,8,-1
24,2,0,1,excess_dwell,"[0, 1, 2, 3, 3, 3, 3, 4, 5, 6, 7]",11,11,-1
25,2,0,1,reverse,"[0, 1, 2, 3, 2, 4, 5, 6, 7]",9,7,-1
26,2,0,1,reverse,"[0, 1, 2, 3, 4, 5, 4, 6, 7]",9,9,-1
27,2,0,1,unauthorized_jump,"[0, 1, 2, 5, 6, 7]",6,5,-1
28,0,0,0,none,"[0, 1, 2, 3, 4, 5, 6, 7]",8,9,-1
29,2,0,1,unauthorized_jump,"[0, 1, 4, 5, 6, 7]",6,6,-1
30,1,1,0,none,"[0, 1, 3, 4, 5, 6, 7]",7,5,-1
31,1,1,0,none,"[0, 1, 2, 3, 5, 6, 7]",7,6,2
32,2,0,1,excess_dwell,"[0, 1, 2, 3, 4, 4, 4, 4, 5, 6, 7]",11,10,-1
33,0,0,0,none,"[0, 1, 2, 3, 4, 5, 6, 7]",8,8,-1
34,2,0,1,reverse,"[0, 1, 2, 3, 4, 5, 4, 6, 7]",9,8,-1
35,0,0,0,none,"[0, 1, 2, 3, 4, 5, 6, 7]",8,7,-1
36,0,0,0,none,"[0, 1, 2, 3, 4, 5, 6, 7]",8,9,-1
37,1,1,0,none,"[0, 1, 2, 3, 5, 6, 7]",7,6,-1
38,1,1,0,none,"[0, 1, 2, 3, 4, 5, 6, 7]",8,9,-1
39,2,0,1,excess_dwell,"[0, 1, 2, 2, 2, 2, 3, 4, 5, 6, 7]",11,12,-1
40,1,1,0,none,"[0, 1, 3, 4, 5, 6, 7]",7,5,-1
41,1,1,0,none,"[0, 1, 2, 3, 4, 5, 6, 7]",8,8,-1
42,0,0,0,none,"[0, 1, 2, 3, 4, 5, 6, 7]",8,7,-1
43,2,0,1,mandatory_skip,"[0, 1, 3, 4, 5, 6, 7]",7,8,-1
44,0,0,0,none,"[0, 1, 2, 3, 4, 5, 6, 7]",8,7,-1
45,0,0,0,none,"[0, 1, 3, 4, 5, 6, 7]",7,7,-1
46,1,1,0,none,"[0, 1, 2, 3, 4, 5, 6, 7]",8,9,-1
47,0,0,0,none,"[0, 1, 3, 4, 5, 6, 7]",7,5,-1
48,0,0,0,none,"[0, 1, 2, 3, 4, 5, 6, 7]",8,5,-1
49,2,0,1,unauthorized_jump,"[0, 1, 2, 3, 6, 7]",6,6,-1
50,0,0,0,none,"[0, 1, 3, 4, 5, 6, 7]",7,7,-1
51,2,0,1,unauthorized_jump,"[0, 1, 2, 3, 6, 7]",6,7,-1
52,0,0,0,none,"[0, 1, 2, 3, 5, 6, 7]",7,8,-1
53,2,0,1,unauthorized_jump,"[0, 1, 2, 3, 7]",5,5,-1
54,1,1,0,none,"[0, 1, 2, 3, 4, 5, 6, 7]",8,6,-1
55,1,1,0,none,"[0, 1, 2, 3, 4, 5, 6, 7]",8,5,-1
56,2,0,1,excess_dwell,"[0, 1, 2, 3, 4, 4, 4, 4, 5, 6, 7]",11,10,-1
57,0,0,0,none,"[0, 1, 2, 3, 4, 5, 6, 7]",8,8,-1
58,1,1,0,none,"[0, 1, 2, 3, 5, 6, 7]",7,7,-1
59,0,0,0,none,"[0, 1, 2, 3, 4, 5, 6, 7]",8,7,-1
60,2,0,1,reverse,"[0, 1, 2, 3, 2, 4, 5, 6, 7]",9,7,-1
61,1,1,0,none,"[0, 1, 2, 3, 4, 5, 6, 7]",8,5,5
62,2,0,1,excess_dwell,"[0, 1, 2, 3, 4, 4, 4, 4, 5, 6, 7]",11,12,-1
63,2,0,1,unauthorized_jump,"[0, 1, 5, 6, 7]",5,4,-1
64,0,0,0,none,"[0, 1, 2, 3, 4, 5, 6, 7]",8,5,-1
65,1,1,0,none,"[0, 1, 2, 3, 4, 5, 6, 7]",8,6,-1
66,0,0,0,none,"[0, 1, 2, 3, 4, 5, 6, 7]",8,9,-1
67,0,0,0,none,"[0, 1, 2, 3, 4, 5, 6, 7]",8,7,-1
68,2,0,1,unauthorized_jump,"[0, 1, 5, 6, 7]",5,5,-1
69,0,0,0,none,"[0, 1, 2, 3, 4, 5, 6, 7]",8,7,-1
70,0,0,0,none,"[0, 1, 2, 3, 5, 6, 7]",7,8,-1
71,1,1,0,none,"[0, 1, 3, 4, 5, 6, 7]",7,6,-1
72,0,0,0,none,"[0, 1, 2, 3, 4, 5, 6, 7]",8,8,-1
73,0,0,0,none,"[0, 1, 2, 3, 4, 5, 6, 7]",8,8,-1
74,0,0,0,none,"[0, 1, 2, 3, 4, 5, 6, 7]",8,8,-1
75,2,0,1,reverse,"[0, 1, 2, 3, 4, 5, 4, 6, 7]",9,9,-1
76,0,0,0,none,"[0, 1, 2, 3, 4, 5, 6, 7]",8,7,-1
77,2,0,1,excess_dwell,"[0, 1, 2, 3, 3, 3, 3, 4, 5, 6, 7]",11,10,-1
78,1,1,0,none,"[0, 1, 2, 3, 4, 5, 6, 7]",8,8,-1
79,0,0,0,none,"[0, 1, 2, 3, 4, 5, 6, 7]",8,8,-1
80,2,0,1,reverse,"[0, 1, 2, 1, 3, 4, 5, 6, 7]",9,11,-1
81,1,1,0,none,"[0, 1, 2, 3, 4, 5, 6, 7]",8,5,-1
82,1,1,0,none,"[0, 1, 2, 3, 4, 5, 6, 7]",8,5,3
83,2,0,1,excess_dwell,"[0, 1, 2, 3, 4, 4, 4, 4, 5, 6, 7]",11,9,-1
84,0,0,0,none,"[0, 1, 2, 3, 4, 5, 6, 7]",8,7,-1
85,2,0,1,unauthorized_jump,"[0, 1, 4, 5, 6, 7]",6,5,-1
86,0,0,0,none,"[0, 1, 3, 4, 5, 6, 7]",7,7,-1
87,2,0,1,unauthorized_jump,"[0, 1, 2, 3, 7]",5,5,-1
88,1,1,0,none,"[0, 1, 2, 3, 4, 5, 6, 7]",8,8,-1
89,2,0,1,reverse,"[0, 1, 2, 1, 3, 4, 5, 6, 7]",9,9,-1
90,0,0,0,none,"[0, 1, 2, 3, 4, 5, 6, 7]",8,9,-1
91,2,0,1,unauthorized_jump,"[0, 1, 2, 6, 7]",5,5,-1
92,2,0,1,reverse,"[0, 1, 2, 3, 4, 5, 4, 6, 7]",9,11,-1
93,1,1,0,none,"[0, 1, 2, 3, 4, 5, 6, 7]",8,7,-1
94,2,0,1,mandatory_skip,"[0, 1, 2, 3, 5, 6, 7]",7,8,-1
95,1,1,0,none,"[0, 1, 2, 3, 5, 6, 7]",7,5,2
96,1,1,0,none,"[0, 1, 2, 3, 4, 5, 6, 7]",8,8,-1
97,1,1,0,none,"[0, 1, 2, 3, 5, 6, 7]",7,7,2
98,2,0,1,mandatory_skip,"[0, 1, 2, 3, 5, 6, 7]",7,7,-1
99,0,0,0,none,"[0, 1, 2, 3, 4, 5, 6, 7]",8,5,-1
100,1,1,0,none,"[0, 1, 2, 3, 4, 5, 6, 7]",8,8,-1
101,0,0,0,none,"[0, 1, 2, 3, 4, 5, 6, 7]",8,8,-1
102,0,0,0,none,"[0, 1, 3, 4, 5, 6, 7]",7,7,-1
103,2,0,1,excess_dwell,"[0, 1, 2, 3, 4, 4, 4, 4, 5, 6, 7]",11,9,-1
104,0,0,0,none,"[0, 1, 2, 3, 4, 5, 6, 7]",8,8,-1
105,2,0,1,excess_dwell,"[0, 1, 2, 3, 4, 4, 4, 4, 5, 6, 7]",11,11,-1
106,2,0,1,unauthorized_jump,"[0, 1, 2, 3, 7]",5,4,-1
107,2,0,1,unauthorized_jump,"[0, 1, 2, 3, 7]",5,6,-1
108,2,0,1,reverse,"[0, 1, 2, 1, 3, 4, 5, 6, 7]",9,10,-1
109,0,0,0,none,"[0, 1, 2, 3, 4, 5, 6, 7]",8,7,-1
110,1,1,0,none,"[0, 1, 2, 3, 4, 5, 6, 7]",8,8,-1
111,0,0,0,none,"[0, 1, 2, 3, 4, 5, 6, 7]",8,11,-1
112,0,0,0,none,"[0, 1, 2, 3, 4, 5, 6, 7]",8,9,-1
113,2,0,1,excess_dwell,"[0, 1, 2, 3, 4, 4, 4, 4, 5, 6, 7]",11,12,-1
114,2,0,1,reverse,"[0, 1, 2, 1, 3, 4, 5, 6, 7]",9,9,-1
115,1,1,0,none,"[0, 1, 2, 3, 4, 5, 6, 7]",8,6,-1
116,0,0,0,none,"[0, 1, 3, 4, 5, 6, 7]",7,7,-1
117,2,0,1,mandatory_skip,"[0, 1, 2, 3, 4, 5, 7]",7,7,-1
118,0,0,0,none,"[0, 1, 2, 3, 4, 5, 6, 7]",8,8,-1
119,2,0,1,reverse,"[0, 1, 2, 3, 4, 5, 4, 6, 7]",9,9,-1
120,0,0,0,none,"[0, 1, 2, 3, 4, 5, 6, 7]",8,8,-1
121,0,0,0,none,"[0, 1, 2, 3, 4, 5, 6, 7]",8,9,-1
122,2,0,1,unauthorized_jump,"[0, 1, 2, 5, 6, 7]",6,7,-1
123,0,0,0,none,"[0, 1, 2, 3, 5, 6, 7]",7,7,-1
124,0,0,0,none,"[0, 1, 2, 3, 4, 5, 6, 7]",8,7,-1
125,1,1,0,none,"[0, 1, 2, 3, 4, 5, 6, 7]",8,10,-1
126,1,1,0,none,"[0, 1, 2, 3, 4, 5, 6, 7]",8,6,-1
127,1,1,0,none,"[0, 1, 2, 3, 4, 5, 6, 7]",8,11,-1
128,0,0,0,none,"[0, 1, 2, 3, 4, 5, 6, 7]",8,9,-1
129,2,0,1,mandatory_skip,"[0, 1, 3, 4, 5, 6, 7]",7,8,-1
130,0,0,0,none,"[0, 1, 2, 3, 4, 5, 6, 7]",8,8,-1
131,0,0,0,none,"[0, 1, 3, 4, 5, 6, 7]",7,6,-1
132,1,1,0,none,"[0, 1, 2, 3, 4, 5, 6, 7]",8,7,-1
133,1,1,0,none,"[0, 1, 2, 3, 4, 5, 6, 7]",8,7,-1
134,0,0,0,none,"[0, 1, 2, 3, 4, 5, 6, 7]",8,8,-1
135,1,1,0,none,"[0, 1, 2, 3, 4, 5, 6, 7]",8,7,-1
136,1,1,0,none,"[0, 1, 3, 4, 5, 6, 7]",7,7,2
137,0,0,0,none,"[0, 1, 2, 3, 5, 6, 7]",7,5,-1
138,0,0,0,none,"[0, 1, 2, 3, 5, 6, 7]",7,6,-1
139,0,0,0,none,"[0, 1, 2, 3, 4, 5, 6, 7]",8,7,-1
140,0,0,0,none,"[0, 1, 2, 3, 4, 5, 6, 7]",8,9,-1
141,0,0,0,none,"[0, 1, 2, 3, 4, 5, 6, 7]",8,8,-1
142,2,0,1,reverse,"[0, 1, 2, 3, 2, 4, 5, 6, 7]",9,12,-1
143,2,0,1,reverse,"[0, 1, 2, 3, 4, 5, 4, 6, 7]",9,7,-1
144,0,0,0,none,"[0, 1, 2, 3, 5, 6, 7]",7,8,-1
145,2,0,1,unauthorized_jump,"[0, 1, 4, 5, 6, 7]",6,5,-1
146,1,1,0,none,"[0, 1, 2, 3, 5, 6, 7]",7,6,-1
147,0,0,0,none,"[0, 1, 2, 3, 5, 6, 7]",7,7,-1
148,1,1,0,none,"[0, 1, 2, 3, 4, 5, 6, 7]",8,10,-1
149,2,0,1,reverse,"[0, 1, 2, 3, 2, 4, 5, 6, 7]",9,8,-1
150,1,1,0,none,"[0, 1, 2, 3, 4, 5, 6, 7]",8,5,2
151,0,0,0,none,"[0, 1, 2, 3, 4, 5, 6, 7]",8,7,-1
152,0,0,0,none,"[0, 1, 2, 3, 4, 5, 6, 7]",8,8,-1
153,1,1,0,none,"[0, 1, 2, 3, 4, 5, 6, 7]",8,8,6
154,0,0,0,none,"[0, 1, 2, 3, 4, 5, 6, 7]",8,8,-1
155,2,0,1,unauthorized_jump,"[0, 1, 5, 6, 7]",5,5,-1
156,0,0,0,none,"[0, 1, 3, 4, 5, 6, 7]",7,7,-1
157,0,0,0,none,"[0, 1, 2, 3, 4, 5, 6, 7]",8,6,-1
158,0,0,0,none,"[0, 1, 2, 3, 4, 5, 6, 7]",8,7,-1
159,0,0,0,none,"[0, 1, 2, 3, 5, 6, 7]",7,8,-1
160,1,1,0,none,"[0, 1, 2, 3, 4, 5, 6, 7]",8,8,-1
161,2,0,1,reverse,"[0, 1, 2, 3, 4, 3, 5, 6, 7]",9,10,-1
162,0,0,0,none,"[0, 1, 2, 3, 4, 5, 6, 7]",8,8,-1
163,1,1,0,none,"[0, 1, 3, 4, 5, 6, 7]",7,6,-1
164,2,0,1,mandatory_skip,"[0, 1, 2, 3, 4, 5, 7]",7,7,-1
165,0,0,0,none,"[0, 1, 2, 3, 4, 5, 6, 7]",8,10,-1
166,0,0,0,none,"[0, 1, 2, 3, 4, 5, 6, 7]",8,7,-1
167,0,0,0,none,"[0, 1, 3, 4, 5, 6, 7]",7,4,-1
168,1,1,0,none,"[0, 1, 2, 3, 4, 5, 6, 7]",8,8,-1
169,2,0,1,excess_dwell,"[0, 1, 2, 3, 4, 4, 4, 4, 5, 6, 7]",11,11,-1
170,1,1,0,none,"[0, 1, 2, 3, 4, 5, 6, 7]",8,10,-1
171,0,0,0,none,"[0, 1, 2, 3, 4, 5, 6, 7]",8,8,-1
172,0,0,0,none,"[0, 1, 2, 3, 5, 6, 7]",7,6,-1
173,2,0,1,mandatory_skip,"[0, 1, 2, 3, 4, 5, 7]",7,6,-1
174,1,1,0,none,"[0, 1, 2, 3, 4, 5, 6, 7]",8,6,0
175,0,0,0,none,"[0, 1, 2, 3, 4, 5, 6, 7]",8,8,-1
176,2,0,1,mandatory_skip,"[0, 1, 2, 3, 5, 6, 7]",7,8,-1
177,1,1,0,none,"[0, 1, 2, 3, 4, 5, 6, 7]",8,5,5
178,0,0,0,none,"[0, 1, 2, 3, 4, 5, 6, 7]",8,8,-1
179,2,0,1,excess_dwell,"[0, 1, 2, 3, 3, 3, 3, 4, 5, 6, 7]",11,11,-1
180,1,1,0,none,"[0, 1, 2, 3, 4, 5, 6, 7]",8,8,-1
181,0,0,0,none,"[0, 1, 3, 4, 5, 6, 7]",7,6,-1
182,1,1,0,none,"[0, 1, 2, 3, 4, 5, 6, 7]",8,5,7
183,0,0,0,none,"[0, 1, 2, 3, 4, 5, 6, 7]",8,7,-1
184,1,1,0,none,"[0, 1, 2, 3, 4, 5, 6, 7]",8,11,-1
185,1,1,0,none,"[0, 1, 2, 3, 4, 5, 6, 7]",8,9,-1
186,2,0,1,mandatory_skip,"[0, 1, 2, 3, 4, 5, 7]",7,8,-1
187,0,0,0,none,"[0, 1, 2, 3, 5, 6, 7]",7,7,-1
188,0,0,0,none,"[0, 1, 2, 3, 4, 5, 6, 7]",8,8,-1
189,1,1,0,none,"[0, 1, 3, 4, 5, 6, 7]",7,5,-1
190,2,0,1,excess_dwell,"[0, 1, 2, 3, 4, 5, 5, 5, 5, 6, 7]",11,10,-1
191,1,1,0,none,"[0, 1, 2, 3, 4, 5, 6, 7]",8,8,-1
192,2,0,1,unauthorized_jump,"[0, 1, 2, 5, 6, 7]",6,7,-1
193,0,0,0,none,"[0, 1, 2, 3, 5, 6, 7]",7,7,-1
194,1,1,0,none,"[0, 1, 2, 3, 4, 5, 6, 7]",8,7,-1
195,2,0,1,mandatory_skip,"[0, 1, 2, 3, 4, 5, 7]",7,7,-1
196,0,0,0,none,"[0, 1, 2, 3, 4, 5, 6, 7]",8,9,-1
197,1,1,0,none,"[0, 1, 2, 3, 5, 6, 7]",7,6,0
198,0,0,0,none,"[0, 1, 2, 3, 4, 5, 6, 7]",8,9,-1
199,1,1,0,none,"[0, 1, 2, 3, 4, 5, 6, 7]",8,9,-1
200,1,1,0,none,"[0, 1, 2, 3, 4, 5, 6, 7]",8,10,-1
201,2,0,1,unauthorized_jump,"[0, 1, 2, 3, 6, 7]",6,6,-1
202,0,0,0,none,"[0, 1, 2, 3, 4, 5, 6, 7]",8,8,-1
203,0,0,0,none,"[0, 1, 2, 3, 4, 5, 6, 7]",8,7,-1
204,0,0,0,none,"[0, 1, 2, 3, 4, 5, 6, 7]",8,8,-1
205,0,0,0,none,"[0, 1, 2, 3, 4, 5, 6, 7]",8,8,-1
206,0,0,0,none,"[0, 1, 2, 3, 4, 5, 6, 7]",8,7,-1
207,2,0,1,reverse,"[0, 1, 2, 1, 3, 4, 5, 6, 7]",9,10,-1
208,1,1,0,none,"[0, 1, 2, 3, 4, 5, 6, 7]",8,5,1
209,0,0,0,none,"[0, 1, 2, 3, 4, 5, 6, 7]",8,8,-1
210,2,0,1,unauthorized_jump,"[0, 1, 2, 6, 7]",5,4,-1
211,0,0,0,none,"[0, 1, 2, 3, 4, 5, 6, 7]",8,8,-1
212,2,0,1,excess_dwell,"[0, 1, 2, 3, 3, 3, 3, 4, 5, 6, 7]",11,10,-1
213,2,0,1,reverse,"[0, 1, 2, 3, 2, 4, 5, 6, 7]",9,9,-1
214,0,0,0,none,"[0, 1, 2, 3, 4, 5, 6, 7]",8,9,-1
215,0,0,0,none,"[0, 1, 2, 3, 4, 5, 6, 7]",8,8,-1
216,0,0,0,none,"[0, 1, 2, 3, 4, 5, 6, 7]",8,7,-1
217,2,0,1,excess_dwell,"[0, 1, 2, 3, 4, 4, 4, 4, 5, 6, 7]",11,10,-1
218,1,1,0,none,"[0, 1, 2, 3, 4, 5, 6, 7]",8,7,6
219,0,0,0,none,"[0, 1, 2, 3, 5, 6, 7]",7,6,-1
220,1,1,0,none,"[0, 1, 3, 4, 5, 6, 7]",7,5,3
221,1,1,0,none,"[0, 1, 2, 3, 4, 5, 6, 7]",8,7,-1
222,0,0,0,none,"[0, 1, 2, 3, 4, 5, 6, 7]",8,9,-1
223,2,0,1,excess_dwell,"[0, 1, 2, 2, 2, 2, 3, 4, 5, 6, 7]",11,12,-1
224,0,0,0,none,"[0, 1, 2, 3, 4, 5, 6, 7]",8,8,-1
225,0,0,0,none,"[0, 1, 2, 3, 4, 5, 6, 7]",8,7,-1
226,2,0,1,excess_dwell,"[0, 1, 2, 3, 4, 5, 5, 5, 5, 6, 7]",11,10,-1
227,0,0,0,none,"[0, 1, 2, 3, 4, 5, 6, 7]",8,9,-1
228,0,0,0,none,"[0, 1, 2, 3, 4, 5, 6, 7]",8,9,-1
229,1,1,0,none,"[0, 1, 2, 3, 4, 5, 6, 7]",8,7,-1
230,2,0,1,unauthorized_jump,"[0, 1, 2, 3, 6, 7]",6,6,-1
231,0,0,0,none,"[0, 1, 2, 3, 4, 5, 6, 7]",8,7,-1
232,2,0,1,excess_dwell,"[0, 1, 2, 2, 2, 2, 3, 4, 5, 6, 7]",11,11,-1
233,0,0,0,none,"[0, 1, 2, 3, 4, 5, 6, 7]",8,8,-1
234,1,1,0,none,"[0, 1, 2, 3, 4, 5, 6, 7]",8,11,-1
235,1,1,0,none,"[0, 1, 2, 3, 4, 5, 6, 7]",8,7,-1
236,0,0,0,none,"[0, 1, 2, 3, 5, 6, 7]",7,7,-1
237,0,0,0,none,"[0, 1, 2, 3, 4, 5, 6, 7]",8,9,-1
238,0,0,0,none,"[0, 1, 2, 3, 4, 5, 6, 7]",8,6,-1
239,2,0,1,unauthorized_jump,"[0, 1, 4, 5, 6, 7]",6,6,-1
240,1,1,0,none,"[0, 1, 2, 3, 4, 5, 6, 7]",8,9,-1
241,1,1,0,none,"[0, 1, 2, 3, 4, 5, 6, 7]",8,7,-1
242,0,0,0,none,"[0, 1, 2, 3, 5, 6, 7]",7,6,-1
243,2,0,1,unauthorized_jump,"[0, 1, 4, 5, 6, 7]",6,5,-1
244,0,0,0,none,"[0, 1, 2, 3, 4, 5, 6, 7]",8,9,-1
245,2,0,1,excess_dwell,"[0, 1, 2, 3, 4, 5, 5, 5, 5, 6, 7]",11,13,-1
246,1,1,0,none,"[0, 1, 2, 3, 4, 5, 6, 7]",8,6,-1
247,2,0,1,excess_dwell,"[0, 1, 2, 3, 4, 5, 5, 5, 5, 6, 7]",11,15,-1
248,0,0,0,none,"[0, 1, 2, 3, 4, 5, 6, 7]",8,6,-1
249,0,0,0,none,"[0, 1, 2, 3, 4, 5, 6, 7]",8,8,-1
250,0,0,0,none,"[0, 1, 2, 3, 4, 5, 6, 7]",8,9,-1
251,1,1,0,none,"[0, 1, 2, 3, 4, 5, 6, 7]",8,7,-1
252,0,0,0,none,"[0, 1, 2, 3, 4, 5, 6, 7]",8,10,-1
253,1,1,0,none,"[0, 1, 2, 3, 4, 5, 6, 7]",8,3,-1
254,0,0,0,none,"[0, 1, 2, 3, 4, 5, 6, 7]",8,8,-1
255,0,0,0,none,"[0, 1, 2, 3, 4, 5, 6, 7]",8,7,-1
256,0,0,0,none,"[0, 1, 2, 3, 4, 5, 6, 7]",8,8,-1
257,0,0,0,none,"[0, 1, 3, 4, 5, 6, 7]",7,7,-1
258,2,0,1,reverse,"[0, 1, 2, 3, 2, 4, 5, 6, 7]",9,8,-1
259,0,0,0,none,"[0, 1, 2, 3, 4, 5, 6, 7]",8,8,5
260,1,1,0,none,"[0, 1, 2, 3, 4, 5, 6, 7]",8,7,7
261,0,0,0,none,"[0, 1, 2, 3, 4, 5, 6, 7]",8,9,-1
262,1,1,0,none,"[0, 1, 2, 3, 4, 5, 6, 7]",8,4,2
263,1,1,0,none,"[0, 1, 3, 4, 5, 6, 7]",7,3,2
264,0,0,0,none,"[0, 1, 2, 3, 4, 5, 6, 7]",8,9,-1
265,1,1,0,none,"[0, 1, 2, 3, 4, 5, 6, 7]",8,7,-1
266,1,1,0,none,"[0, 1, 2, 3, 4, 5, 6, 7]",8,6,3
267,2,0,1,excess_dwell,"[0, 1, 2, 3, 4, 4, 4, 4, 5, 6, 7]",11,11,-1
268,1,1,0,none,"[0, 1, 2, 3, 4, 5, 6, 7]",8,6,-1
269,0,0,0,none,"[0, 1, 2, 3, 4, 5, 6, 7]",8,9,-1
270,0,0,0,none,"[0, 1, 2, 3, 4, 5, 6, 7]",8,8,-1
271,0,0,0,none,"[0, 1, 2, 3, 4, 5, 6, 7]",8,9,-1
272,0,0,0,none,"[0, 1, 3, 4, 5, 6, 7]",7,8,-1
273,0,0,0,none,"[0, 1, 2, 3, 4, 5, 6, 7]",8,7,-1
274,2,0,1,unauthorized_jump,"[0, 1, 5, 6, 7]",5,7,-1
275,1,1,0,none,"[0, 1, 2, 3, 4, 5, 6, 7]",8,8,1
276,2,0,1,reverse,"[0, 1, 2, 1, 3, 4, 5, 6, 7]",9,9,-1
277,0,0,0,none,"[0, 1, 2, 3, 4, 5, 6, 7]",8,8,-1
278,0,0,0,none,"[0, 1, 2, 3, 4, 5, 6, 7]",8,9,-1
279,1,1,0,none,"[0, 1, 2, 3, 4, 5, 6, 7]",8,9,-1
280,1,1,0,none,"[0, 1, 2, 3, 4, 5, 6, 7]",8,7,1
281,2,0,1,mandatory_skip,"[0, 1, 3, 4, 5, 6, 7]",7,7,-1
282,1,1,0,none,"[0, 1, 3, 4, 5, 6, 7]",7,3,-1
283,0,0,0,none,"[0, 1, 2, 3, 4, 5, 6, 7]",8,7,-1
284,2,0,1,excess_dwell,"[0, 1, 2, 2, 2, 2, 3, 4, 5, 6, 7]",11,9,-1
285,2,0,1,mandatory_skip,"[0, 1, 3, 4, 5, 6, 7]",7,7,-1
286,0,0,0,none,"[0, 1, 2, 3, 4, 5, 6, 7]",8,9,-1
287,1,1,0,none,"[0, 1, 2, 3, 4, 5, 6, 7]",8,9,-1
288,1,1,0,none,"[0, 1, 2, 3, 4, 5, 6, 7]",8,9,-1
289,0,0,0,none,"[0, 1, 2, 3, 4, 5, 6, 7]",8,9,-1
290,0,0,0,none,"[0, 1, 2, 3, 4, 5, 6, 7]",8,9,-1
291,1,1,0,none,"[0, 1, 3, 4, 5, 6, 7]",7,8,-1
292,1,1,0,none,"[0, 1, 2, 3, 4, 5, 6, 7]",8,7,-1
293,2,0,1,excess_dwell,"[0, 1, 2, 3, 4, 4, 4, 4, 5, 6, 7]",11,10,-1
294,1,1,0,none,"[0, 1, 2, 3, 4, 5, 6, 7]",8,6,-1
295,0,0,0,none,"[0, 1, 3, 4, 5, 6, 7]",7,7,-1
296,2,0,1,unauthorized_jump,"[0, 1, 2, 5, 6, 7]",6,5,-1
297,2,0,1,reverse,"[0, 1, 2, 3, 4, 3, 5, 6, 7]",9,7,-1
298,1,1,0,none,"[0, 1, 2, 3, 4, 5, 6, 7]",8,7,7
299,0,0,0,none,"[0, 1, 2, 3, 4, 5, 6, 7]",8,9,-1
300,0,0,0,none,"[0, 1, 2, 3, 5, 6, 7]",7,7,-1
301,2,0,1,mandatory_skip,"[0, 1, 3, 4, 5, 6, 7]",7,7,-1
302,2,0,1,mandatory_skip,"[0, 1, 3, 4, 5, 6, 7]",7,6,-1
303,1,1,0,none,"[0, 1, 2, 3, 4, 5, 6, 7]",8,4,5
304,2,0,1,unauthorized_jump,"[0, 1, 4, 5, 6, 7]",6,6,-1
305,1,1,0,none,"[0, 1, 2, 3, 4, 5, 6, 7]",8,8,-1
306,1,1,0,none,"[0, 1, 2, 3, 4, 5, 6, 7]",8,7,-1
307,1,1,0,none,"[0, 1, 3, 4, 5, 6, 7]",7,6,-1
308,0,0,0,none,"[0, 1, 2, 3, 4, 5, 6, 7]",8,8,-1
309,0,0,0,none,"[0, 1, 2, 3, 4, 5, 6, 7]",8,8,-1
310,1,1,0,none,"[0, 1, 3, 4, 5, 6, 7]",7,6,-1
311,1,1,0,none,"[0, 1, 2, 3, 4, 5, 6, 7]",8,6,-1
312,2,0,1,unauthorized_jump,"[0, 1, 5, 6, 7]",5,6,-1
313,1,1,0,none,"[0, 1, 2, 3, 4, 5, 6, 7]",8,6,-1
314,1,1,0,none,"[0, 1, 3, 4, 5, 6, 7]",7,4,-1
315,1,1,0,none,"[0, 1, 2, 3, 4, 5, 6, 7]",8,6,7
316,2,0,1,excess_dwell,"[0, 1, 2, 3, 3, 3, 3, 4, 5, 6, 7]",11,12,-1
317,1,1,0,none,"[0, 1, 2, 3, 4, 5, 6, 7]",8,9,-1
318,0,0,0,none,"[0, 1, 2, 3, 4, 5, 6, 7]",8,7,-1
319,0,0,0,none,"[0, 1, 2, 3, 4, 5, 6, 7]",8,9,-1
320,0,0,0,none,"[0, 1, 2, 3, 4, 5, 6, 7]",8,10,-1
321,1,1,0,none,"[0, 1, 2, 3, 4, 5, 6, 7]",8,8,-1
322,1,1,0,none,"[0, 1, 2, 3, 4, 5, 6, 7]",8,9,-1
323,0,0,0,none,"[0, 1, 2, 3, 4, 5, 6, 7]",8,8,-1
324,1,1,0,none,"[0, 1, 2, 3, 4, 5, 6, 7]",8,6,-1
325,1,1,0,none,"[0, 1, 3, 4, 5, 6, 7]",7,2,-1
326,2,0,1,reverse,"[0, 1, 2, 3, 2, 4, 5, 6, 7]",9,8,-1
327,1,1,0,none,"[0, 1, 2, 3, 4, 5, 6, 7]",8,7,-1
328,0,0,0,none,"[0, 1, 2, 3, 4, 5, 6, 7]",8,8,-1
329,1,1,0,none,"[0, 1, 2, 3, 4, 5, 6, 7]",8,4,5
330,0,0,0,none,"[0, 1, 2, 3, 4, 5, 6, 7]",8,6,-1
331,1,1,0,none,"[0, 1, 2, 3, 4, 5, 6, 7]",8,7,-1
332,2,0,1,excess_dwell,"[0, 1, 2, 3, 4, 5, 5, 5, 5, 6, 7]",11,11,-1
333,0,0,0,none,"[0, 1, 2, 3, 4, 5, 6, 7]",8,9,-1
334,1,1,0,none,"[0, 1, 2, 3, 4, 5, 6, 7]",8,8,-1
335,1,1,0,none,"[0, 1, 2, 3, 4, 5, 6, 7]",8,5,-1
336,1,1,0,none,"[0, 1, 2, 3, 4, 5, 6, 7]",8,5,2
337,2,0,1,unauthorized_jump,"[0, 1, 2, 3, 7]",5,5,-1
338,2,0,1,unauthorized_jump,"[0, 1, 2, 3, 7]",5,5,-1
339,0,0,0,none,"[0, 1, 2, 3, 4, 5, 6, 7]",8,8,-1
340,2,0,1,reverse,"[0, 1, 2, 3, 4, 3, 5, 6, 7]",9,7,-1
341,0,0,0,none,"[0, 1, 2, 3, 4, 5, 6, 7]",8,8,3
342,2,0,1,mandatory_skip,"[0, 1, 2, 3, 5, 6, 7]",7,5,-1
343,2,0,1,mandatory_skip,"[0, 1, 3, 4, 5, 6, 7]",7,7,-1
344,2,0,1,reverse,"[0, 1, 2, 3, 2, 4, 5, 6, 7]",9,7,-1
345,0,0,0,none,"[0, 1, 2, 3, 4, 5, 6, 7]",8,8,-1
346,0,0,0,none,"[0, 1, 2, 3, 4, 5, 6, 7]",8,7,-1
347,1,1,0,none,"[0, 1, 3, 4, 5, 6, 7]",7,5,2
348,0,0,0,none,"[0, 1, 3, 4, 5, 6, 7]",7,7,-1
349,2,0,1,excess_dwell,"[0, 1, 2, 3, 4, 4, 4, 4, 5, 6, 7]",11,13,-1
350,0,0,0,none,"[0, 1, 2, 3, 4, 5, 6, 7]",8,10,-1
351,0,0,0,none,"[0, 1, 2, 3, 5, 6, 7]",7,8,-1
352,2,0,1,mandatory_skip,"[0, 1, 2, 3, 4, 5, 7]",7,9,-1
353,0,0,0,none,"[0, 1, 3, 4, 5, 6, 7]",7,7,-1
354,1,1,0,none,"[0, 1, 2, 3, 4, 5, 6, 7]",8,11,-1
355,0,0,0,none,"[0, 1, 2, 3, 4, 5, 6, 7]",8,9,-1
356,2,0,1,excess_dwell,"[0, 1, 2, 3, 4, 5, 5, 5, 5, 6, 7]",11,7,-1
357,1,1,0,none,"[0, 1, 2, 3, 4, 5, 6, 7]",8,11,4
358,0,0,0,none,"[0, 1, 2, 3, 5, 6, 7]",7,7,-1
359,0,0,0,none,"[0, 1, 2, 3, 4, 5, 6, 7]",8,6,-1
360,0,0,0,none,"[0, 1, 2, 3, 4, 5, 6, 7]",8,9,-1
361,0,0,0,none,"[0, 1, 2, 3, 4, 5, 6, 7]",8,7,4
362,0,0,0,none,"[0, 1, 2, 3, 4, 5, 6, 7]",8,7,-1
363,0,0,0,none,"[0, 1, 2, 3, 4, 5, 6, 7]",8,7,-1
364,0,0,0,none,"[0, 1, 2, 3, 4, 5, 6, 7]",8,6,-1
365,2,0,1,mandatory_skip,"[0, 1, 2, 3, 4, 5, 7]",7,7,-1
366,2,0,1,mandatory_skip,"[0, 1, 2, 3, 5, 6, 7]",7,6,-1
367,0,0,0,none,"[0, 1, 2, 3, 4, 5, 6, 7]",8,10,-1
368,1,1,0,none,"[0, 1, 2, 3, 4, 5, 6, 7]",8,5,-1
369,0,0,0,none,"[0, 1, 2, 3, 4, 5, 6, 7]",8,7,-1
370,2,0,1,mandatory_skip,"[0, 1, 2, 3, 5, 6, 7]",7,8,-1
371,1,1,0,none,"[0, 1, 2, 3, 5, 6, 7]",7,9,-1
372,0,0,0,none,"[0, 1, 2, 3, 4, 5, 6, 7]",8,7,-1
373,1,1,0,none,"[0, 1, 2, 3, 4, 5, 6, 7]",8,5,6
374,1,1,0,none,"[0, 1, 2, 3, 4, 5, 6, 7]",8,5,-1
375,1,1,0,none,"[0, 1, 2, 3, 5, 6, 7]",7,5,-1
376,1,1,0,none,"[0, 1, 2, 3, 4, 5, 6, 7]",8,9,-1
377,0,0,0,none,"[0, 1, 2, 3, 5, 6, 7]",7,6,-1
378,1,1,0,none,"[0, 1, 2, 3, 4, 5, 6, 7]",8,9,-1
379,1,1,0,none,"[0, 1, 2, 3, 4, 5, 6, 7]",8,11,-1
380,1,1,0,none,"[0, 1, 2, 3, 4, 5, 6, 7]",8,7,1
381,0,0,0,none,"[0, 1, 2, 3, 4, 5, 6, 7]",8,8,-1
382,2,0,1,mandatory_skip,"[0, 1, 2, 3, 5, 6, 7]",7,8,-1
383,1,1,0,none,"[0, 1, 2, 3, 5, 6, 7]",7,4,-1
384,2,0,1,reverse,"[0, 1, 2, 3, 2, 4, 5, 6, 7]",9,9,-1
385,0,0,0,none,"[0, 1, 2, 3, 5, 6, 7]",7,8,-1
386,1,1,0,none,"[0, 1, 2, 3, 5, 6, 7]",7,8,-1
387,0,0,0,none,"[0, 1, 2, 3, 4, 5, 6, 7]",8,8,-1
388,1,1,0,none,"[0, 1, 2, 3, 4, 5, 6, 7]",8,5,-1
389,1,1,0,none,"[0, 1, 2, 3, 4, 5, 6, 7]",8,8,-1
390,2,0,1,mandatory_skip,"[0, 1, 2, 3, 4, 5, 7]",7,6,-1
391,0,0,0,none,"[0, 1, 2, 3, 4, 5, 6, 7]",8,8,-1
392,0,0,0,none,"[0, 1, 3, 4, 5, 6, 7]",7,6,-1
393,0,0,0,none,"[0, 1, 3, 4, 5, 6, 7]",7,5,-1
394,0,0,0,none,"[0, 1, 2, 3, 5, 6, 7]",7,6,-1
395,1,1,0,none,"[0, 1, 2, 3, 4, 5, 6, 7]",8,10,7
396,2,0,1,mandatory_skip,"[0, 1, 2, 3, 5, 6, 7]",7,8,-1
397,2,0,1,reverse,"[0, 1, 2, 1, 3, 4, 5, 6, 7]",9,11,-1
398,0,0,0,none,"[0, 1, 2, 3, 4, 5, 6, 7]",8,9,-1
399,2,0,1,reverse,"[0, 1, 2, 3, 4, 5, 4, 6, 7]",9,9,-1
400,2,0,1,mandatory_skip,"[0, 1, 2, 3, 4, 5, 7]",7,7,-1
401,1,1,0,none,"[0, 1, 2, 3, 4, 5, 6, 7]",8,10,4
402,0,0,0,none,"[0, 1, 2, 3, 4, 5, 6, 7]",8,7,-1
403,1,1,0,none,"[0, 1, 2, 3, 4, 5, 6, 7]",8,8,-1
404,1,1,0,none,"[0, 1, 2, 3, 4, 5, 6, 7]",8,7,-1
405,1,1,0,none,"[0, 1, 2, 3, 4, 5, 6, 7]",8,8,-1
406,0,0,0,none,"[0, 1, 2, 3, 4, 5, 6, 7]",8,8,-1
407,1,1,0,none,"[0, 1, 2, 3, 4, 5, 6, 7]",8,8,-1
408,2,0,1,unauthorized_jump,"[0, 1, 2, 5, 6, 7]",6,5,-1
409,2,0,1,unauthorized_jump,"[0, 1, 2, 5, 6, 7]",6,7,-1
410,2,0,1,excess_dwell,"[0, 1, 2, 3, 4, 5, 5, 5, 5, 6, 7]",11,11,-1
411,1,1,0,none,"[0, 1, 2, 3, 4, 5, 6, 7]",8,6,-1
412,0,0,0,none,"[0, 1, 2, 3, 4, 5, 6, 7]",8,8,-1
413,2,0,1,mandatory_skip,"[0, 1, 2, 3, 4, 5, 7]",7,7,-1
414,0,0,0,none,"[0, 1, 2, 3, 4, 5, 6, 7]",8,7,-1
415,0,0,0,none,"[0, 1, 2, 3, 4, 5, 6, 7]",8,7,-1
416,0,0,0,none,"[0, 1, 2, 3, 4, 5, 6, 7]",8,8,-1
417,0,0,0,none,"[0, 1, 2, 3, 4, 5, 6, 7]",8,8,-1
418,0,0,0,none,"[0, 1, 3, 4, 5, 6, 7]",7,6,7
419,0,0,0,none,"[0, 1, 2, 3, 4, 5, 6, 7]",8,9,-1
420,2,0,1,unauthorized_jump,"[0, 1, 2, 6, 7]",5,8,-1
421,2,0,1,mandatory_skip,"[0, 1, 2, 3, 5, 6, 7]",7,8,-1
422,0,0,0,none,"[0, 1, 3, 4, 5, 6, 7]",7,6,-1
423,0,0,0,none,"[0, 1, 2, 3, 4, 5, 6, 7]",8,8,-1
424,0,0,0,none,"[0, 1, 3, 4, 5, 6, 7]",7,9,-1
425,1,1,0,none,"[0, 1, 2, 3, 4, 5, 6, 7]",8,7,2
426,0,0,0,none,"[0, 1, 2, 3, 4, 5, 6, 7]",8,8,-1
427,1,1,0,none,"[0, 1, 2, 3, 4, 5, 6, 7]",8,7,4
428,2,0,1,mandatory_skip,"[0, 1, 3, 4, 5, 6, 7]",7,7,-1
429,1,1,0,none,"[0, 1, 2, 3, 4, 5, 6, 7]",8,6,-1
430,1,1,0,none,"[0, 1, 2, 3, 5, 6, 7]",7,8,-1
431,2,0,1,unauthorized_jump,"[0, 1, 2, 3, 7]",5,7,-1
432,2,0,1,reverse,"[0, 1, 2, 3, 4, 3, 5, 6, 7]",9,10,-1
433,2,0,1,mandatory_skip,"[0, 1, 3, 4, 5, 6, 7]",7,7,-1
434,2,0,1,mandatory_skip,"[0, 1, 2, 3, 4, 5, 7]",7,7,-1
435,1,1,0,none,"[0, 1, 3, 4, 5, 6, 7]",7,9,-1
436,1,1,0,none,"[0, 1, 2, 3, 5, 6, 7]",7,11,-1
437,2,0,1,unauthorized_jump,"[0, 1, 2, 6, 7]",5,4,-1
438,2,0,1,excess_dwell,"[0, 1, 2, 3, 4, 4, 4, 4, 5, 6, 7]",11,12,-1
439,0,0,0,none,"[0, 1, 2, 3, 4, 5, 6, 7]",8,7,-1
440,1,1,0,none,"[0, 1, 2, 3, 4, 5, 6, 7]",8,3,-1
441,2,0,1,unauthorized_jump,"[0, 1, 2, 5, 6, 7]",6,6,-1
442,1,1,0,none,"[0, 1, 3, 4, 5, 6, 7]",7,6,-1
443,1,1,0,none,"[0, 1, 2, 3, 4, 5, 6, 7]",8,8,3
444,1,1,0,none,"[0, 1, 2, 3, 4, 5, 6, 7]",8,8,6
445,2,0,1,unauthorized_jump,"[0, 1, 5, 6, 7]",5,4,-1
446,0,0,0,none,"[0, 1, 3, 4, 5, 6, 7]",7,7,-1
447,0,0,0,none,"[0, 1, 2, 3, 4, 5, 6, 7]",8,9,-1
448,0,0,0,none,"[0, 1, 2, 3, 4, 5, 6, 7]",8,9,-1
449,2,0,1,unauthorized_jump,"[0, 1, 2, 5, 6, 7]",6,5,-1
450,2,0,1,reverse,"[0, 1, 2, 3, 2, 4, 5, 6, 7]",9,11,-1
451,1,1,0,none,"[0, 1, 2, 3, 4, 5, 6, 7]",8,9,0
452,1,1,0,none,"[0, 1, 2, 3, 4, 5, 6, 7]",8,6,1
453,0,0,0,none,"[0, 1, 2, 3, 4, 5, 6, 7]",8,8,-1
454,0,0,0,none,"[0, 1, 2, 3, 4, 5, 6, 7]",8,8,-1
455,1,1,0,none,"[0, 1, 2, 3, 4, 5, 6, 7]",8,2,4
456,2,0,1,excess_dwell,"[0, 1, 2, 2, 2, 2, 3, 4, 5, 6, 7]",11,10,-1
457,2,0,1,reverse,"[0, 1, 2, 3, 4, 3, 5, 6, 7]",9,11,-1
458,1,1,0,none,"[0, 1, 2, 3, 4, 5, 6, 7]",8,10,-1
459,0,0,0,none,"[0, 1, 2, 3, 4, 5, 6, 7]",8,9,-1
460,0,0,0,none,"[0, 1, 2, 3, 4, 5, 6, 7]",8,9,-1
461,1,1,0,none,"[0, 1, 2, 3, 4, 5, 6, 7]",8,7,-1
462,0,0,0,none,"[0, 1, 2, 3, 4, 5, 6, 7]",8,9,-1
463,2,0,1,unauthorized_jump,"[0, 1, 5, 6, 7]",5,5,-1
464,2,0,1,mandatory_skip,"[0, 1, 2, 3, 5, 6, 7]",7,7,-1
465,2,0,1,unauthorized_jump,"[0, 1, 4, 5, 6, 7]",6,8,-1
466,0,0,0,none,"[0, 1, 2, 3, 4, 5, 6, 7]",8,8,-1
467,0,0,0,none,"[0, 1, 2, 3, 4, 5, 6, 7]",8,10,-1
468,1,1,0,none,"[0, 1, 2, 3, 4, 5, 6, 7]",8,6,-1
469,0,0,0,none,"[0, 1, 3, 4, 5, 6, 7]",7,7,-1
470,1,1,0,none,"[0, 1, 2, 3, 4, 5, 6, 7]",8,8,-1
471,0,0,0,none,"[0, 1, 2, 3, 4, 5, 6, 7]",8,8,-1
472,1,1,0,none,"[0, 1, 2, 3, 4, 5, 6, 7]",8,9,-1
473,2,0,1,excess_dwell,"[0, 1, 2, 3, 3, 3, 3, 4, 5, 6, 7]",11,11,-1
474,0,0,0,none,"[0, 1, 2, 3, 5, 6, 7]",7,7,-1
475,2,0,1,reverse,"[0, 1, 2, 1, 3, 4, 5, 6, 7]",9,8,-1
476,1,1,0,none,"[0, 1, 2, 3, 5, 6, 7]",7,7,-1
477,1,1,0,none,"[0, 1, 3, 4, 5, 6, 7]",7,5,-1
478,2,0,1,mandatory_skip,"[0, 1, 2, 3, 5, 6, 7]",7,7,-1
479,0,0,0,none,"[0, 1, 2, 3, 4, 5, 6, 7]",8,6,-1
480,2,0,1,unauthorized_jump,"[0, 1, 5, 6, 7]",5,4,-1
481,0,0,0,none,"[0, 1, 2, 3, 4, 5, 6, 7]",8,10,-1
482,0,0,0,none,"[0, 1, 2, 3, 4, 5, 6, 7]",8,8,-1
483,1,1,0,none,"[0, 1, 3, 4, 5, 6, 7]",7,6,-1
484,0,0,0,none,"[0, 1, 2, 3, 4, 5, 6, 7]",8,8,-1
485,0,0,0,none,"[0, 1, 2, 3, 5, 6, 7]",7,7,-1
486,1,1,0,none,"[0, 1, 2, 3, 4, 5, 6, 7]",8,6,-1
487,1,1,0,none,"[0, 1, 2, 3, 4, 5, 6, 7]",8,9,-1
488,1,1,0,none,"[0, 1, 2, 3, 4, 5, 6, 7]",8,4,-1
489,2,0,1,mandatory_skip,"[0, 1, 2, 3, 5, 6, 7]",7,7,-1
490,2,0,1,reverse,"[0, 1, 2, 3, 4, 3, 5, 6, 7]",9,11,-1
491,1,1,0,none,"[0, 1, 2, 3, 4, 5, 6, 7]",8,6,-1
492,0,0,0,none,"[0, 1, 2, 3, 4, 5, 6, 7]",8,7,-1
493,0,0,0,none,"[0, 1, 2, 3, 4, 5, 6, 7]",8,8,-1
494,1,1,0,none,"[0, 1, 3, 4, 5, 6, 7]",7,6,5
495,2,0,1,reverse,"[0, 1, 2, 3, 2, 4, 5, 6, 7]",9,9,-1
496,1,1,0,none,"[0, 1, 2, 3, 4, 5, 6, 7]",8,6,-1
497,1,1,0,none,"[0, 1, 2, 3, 4, 5, 6, 7]",8,7,-1
498,1,1,0,none,"[0, 1, 2, 3, 4, 5, 6, 7]",8,8,-1
499,2,0,1,mandatory_skip,"[0, 1, 3, 4, 5, 6, 7]",7,8,-1
500,2,0,1,unauthorized_jump,"[0, 1, 4, 5, 6, 7]",6,5,-1
501,2,0,1,excess_dwell,"[0, 1, 2, 3, 3, 3, 3, 4, 5, 6, 7]",11,11,-1
502,2,0,1,excess_dwell,"[0, 1, 2, 3, 4, 4, 4, 4, 5, 6, 7]",11,12,6
503,1,1,0,none,"[0, 1, 2, 3, 4, 5, 6, 7]",8,5,-1
504,1,1,0,none,"[0, 1, 2, 3, 4, 5, 6, 7]",8,6,-1
505,1,1,0,none,"[0, 1, 2, 3, 4, 5, 6, 7]",8,6,-1
506,0,0,0,none,"[0, 1, 2, 3, 4, 5, 6, 7]",8,8,-1
507,2,0,1,unauthorized_jump,"[0, 1, 5, 6, 7]",5,3,-1
508,1,1,0,none,"[0, 1, 2, 3, 4, 5, 6, 7]",8,5,-1
509,0,0,0,none,"[0, 1, 2, 3, 4, 5, 6, 7]",8,8,-1
510,2,0,1,reverse,"[0, 1, 2, 3, 4, 3, 5, 6, 7]",9,10,-1
511,1,1,0,none,"[0, 1, 2, 3, 4, 5, 6, 7]",8,5,-1
512,2,0,1,mandatory_skip,"[0, 1, 3, 4, 5, 6, 7]",7,6,-1
513,2,0,1,unauthorized_jump,"[0, 1, 5, 6, 7]",5,4,-1
514,0,0,0,none,"[0, 1, 2, 3, 4, 5, 6, 7]",8,9,-1
515,2,0,1,reverse,"[0, 1, 2, 3, 2, 4, 5, 6, 7]",9,10,-1
516,0,0,0,none,"[0, 1, 2, 3, 4, 5, 6, 7]",8,9,-1
517,0,0,0,none,"[0, 1, 2, 3, 4, 5, 6, 7]",8,8,-1
518,1,1,0,none,"[0, 1, 2, 3, 4, 5, 6, 7]",8,7,4
519,0,0,0,none,"[0, 1, 3, 4, 5, 6, 7]",7,7,-1
520,0,0,0,none,"[0, 1, 3, 4, 5, 6, 7]",7,8,-1
521,0,0,0,none,"[0, 1, 2, 3, 4, 5, 6, 7]",8,9,-1
522,1,1,0,none,"[0, 1, 2, 3, 4, 5, 6, 7]",8,3,1
523,0,0,0,none,"[0, 1, 2, 3, 4, 5, 6, 7]",8,7,-1
524,1,1,0,none,"[0, 1, 2, 3, 4, 5, 6, 7]",8,4,3
525,1,1,0,none,"[0, 1, 2, 3, 4, 5, 6, 7]",8,6,4
526,1,1,0,none,"[0, 1, 2, 3, 4, 5, 6, 7]",8,5,-1
527,2,0,1,unauthorized_jump,"[0, 1, 2, 3, 6, 7]",6,7,-1
528,0,0,0,none,"[0, 1, 3, 4, 5, 6, 7]",7,7,-1
529,0,0,0,none,"[0, 1, 3, 4, 5, 6, 7]",7,6,-1
530,2,0,1,unauthorized_jump,"[0, 1, 4, 5, 6, 7]",6,5,-1
531,2,0,1,reverse,"[0, 1, 2, 1, 3, 4, 5, 6, 7]",9,8,-1
532,2,0,1,unauthorized_jump,"[0, 1, 2, 3, 7]",5,5,-1
533,2,0,1,mandatory_skip,"[0, 1, 2, 3, 5, 6, 7]",7,8,-1
534,0,0,0,none,"[0, 1, 2, 3, 4, 5, 6, 7]",8,9,-1
535,1,1,0,none,"[0, 1, 2, 3, 4, 5, 6, 7]",8,6,-1
536,2,0,1,unauthorized_jump,"[0, 1, 2, 5, 6, 7]",6,7,-1
537,0,0,0,none,"[0, 1, 2, 3, 4, 5, 6, 7]",8,6,-1
538,0,0,0,none,"[0, 1, 2, 3, 4, 5, 6, 7]",8,8,-1
539,2,0,1,reverse,"[0, 1, 2, 1, 3, 4, 5, 6, 7]",9,9,-1
540,2,0,1,excess_dwell,"[0, 1, 2, 3, 3, 3, 3, 4, 5, 6, 7]",11,10,-1
541,1,1,0,none,"[0, 1, 2, 3, 4, 5, 6, 7]",8,7,-1
542,0,0,0,none,"[0, 1, 2, 3, 4, 5, 6, 7]",8,8,-1
543,2,0,1,excess_dwell,"[0, 1, 2, 3, 4, 4, 4, 4, 5, 6, 7]",11,11,-1
544,1,1,0,none,"[0, 1, 2, 3, 5, 6, 7]",7,8,-1
545,2,0,1,mandatory_skip,"[0, 1, 3, 4, 5, 6, 7]",7,5,-1
546,1,1,0,none,"[0, 1, 2, 3, 4, 5, 6, 7]",8,6,-1
547,1,1,0,none,"[0, 1, 2, 3, 5, 6, 7]",7,9,-1
548,2,0,1,excess_dwell,"[0, 1, 2, 2, 2, 2, 3, 4, 5, 6, 7]",11,11,-1
549,0,0,0,none,"[0, 1, 2, 3, 4, 5, 6, 7]",8,8,-1
550,1,1,0,none,"[0, 1, 3, 4, 5, 6, 7]",7,4,-1
551,1,1,0,none,"[0, 1, 2, 3, 4, 5, 6, 7]",8,12,-1
552,0,0,0,none,"[0, 1, 2, 3, 4, 5, 6, 7]",8,8,-1
553,0,0,0,none,"[0, 1, 2, 3, 4, 5, 6, 7]",8,7,-1
554,0,0,0,none,"[0, 1, 2, 3, 4, 5, 6, 7]",8,8,-1
555,1,1,0,none,"[0, 1, 2, 3, 4, 5, 6, 7]",8,7,-1
556,1,1,0,none,"[0, 1, 2, 3, 4, 5, 6, 7]",8,8,-1
557,2,0,1,unauthorized_jump,"[0, 1, 2, 3, 7]",5,3,-1
558,0,0,0,none,"[0, 1, 2, 3, 5, 6, 7]",7,6,-1
559,1,1,0,none,"[0, 1, 2, 3, 4, 5, 6, 7]",8,7,7
560,1,1,0,none,"[0, 1, 2, 3, 4, 5, 6, 7]",8,7,-1
561,0,0,0,none,"[0, 1, 3, 4, 5, 6, 7]",7,7,-1
562,2,0,1,mandatory_skip,"[0, 1, 2, 3, 4, 5, 7]",7,5,-1
563,0,0,0,none,"[0, 1, 2, 3, 4, 5, 6, 7]",8,9,-1
564,0,0,0,none,"[0, 1, 2, 3, 4, 5, 6, 7]",8,8,-1
565,0,0,0,none,"[0, 1, 3, 4, 5, 6, 7]",7,8,-1
566,1,1,0,none,"[0, 1, 2, 3, 4, 5, 6, 7]",8,5,-1
567,2,0,1,reverse,"[0, 1, 2, 3, 4, 3, 5, 6, 7]",9,9,-1
568,2,0,1,reverse,"[0, 1, 2, 3, 4, 5, 4, 6, 7]",9,9,-1
569,0,0,0,none,"[0, 1, 2, 3, 5, 6, 7]",7,6,-1
570,0,0,0,none,"[0, 1, 2, 3, 4, 5, 6, 7]",8,8,-1
571,1,1,0,none,"[0, 1, 2, 3, 5, 6, 7]",7,7,-1
572,2,0,1,reverse,"[0, 1, 2, 1, 3, 4, 5, 6, 7]",9,8,-1
573,1,1,0,none,"[0, 1, 2, 3, 4, 5, 6, 7]",8,10,-1
574,0,0,0,none,"[0, 1, 2, 3, 4, 5, 6, 7]",8,9,-1
575,1,1,0,none,"[0, 1, 2, 3, 4, 5, 6, 7]",8,5,5
576,1,1,0,none,"[0, 1, 2, 3, 4, 5, 6, 7]",8,9,-1
577,0,0,0,none,"[0, 1, 2, 3, 5, 6, 7]",7,6,-1
578,1,1,0,none,"[0, 1, 2, 3, 4, 5, 6, 7]",8,6,-1
579,1,1,0,none,"[0, 1, 2, 3, 4, 5, 6, 7]",8,5,3
580,0,0,0,none,"[0, 1, 2, 3, 4, 5, 6, 7]",8,9,-1
581,1,1,0,none,"[0, 1, 2, 3, 4, 5, 6, 7]",8,7,7
582,0,0,0,none,"[0, 1, 2, 3, 4, 5, 6, 7]",8,8,-1
583,1,1,0,none,"[0, 1, 2, 3, 4, 5, 6, 7]",8,10,-1
584,2,0,1,reverse,"[0, 1, 2, 3, 4, 3, 5, 6, 7]",9,9,-1
585,2,0,1,unauthorized_jump,"[0, 1, 4, 5, 6, 7]",6,6,-1
586,2,0,1,excess_dwell,"[0, 1, 2, 2, 2, 2, 3, 4, 5, 6, 7]",11,14,-1
587,0,0,0,none,"[0, 1, 2, 3, 4, 5, 6, 7]",8,7,-1
588,1,1,0,none,"[0, 1, 3, 4, 5, 6, 7]",7,6,1
589,1,1,0,none,"[0, 1, 2, 3, 4, 5, 6, 7]",8,6,-1
590,2,0,1,mandatory_skip,"[0, 1, 2, 3, 5, 6, 7]",7,8,-1
591,0,0,0,none,"[0, 1, 2, 3, 4, 5, 6, 7]",8,8,-1
592,2,0,1,unauthorized_jump,"[0, 1, 2, 6, 7]",5,4,-1
593,1,1,0,none,"[0, 1, 3, 4, 5, 6, 7]",7,4,-1
594,2,0,1,unauthorized_jump,"[0, 1, 4, 5, 6, 7]",6,5,-1
595,1,1,0,none,"[0, 1, 3, 4, 5, 6, 7]",7,9,-1
596,2,0,1,mandatory_skip,"[0, 1, 2, 3, 4, 5, 7]",7,8,-1
597,0,0,0,none,"[0, 1, 2, 3, 4, 5, 6, 7]",8,8,-1
598,2,0,1,reverse,"[0, 1, 2, 3, 4, 3, 5, 6, 7]",9,9,-1
599,0,0,0,none,"[0, 1, 3, 4, 5, 6, 7]",7,6,7
600,2,0,1,reverse,"[0, 1, 2, 1, 3, 4, 5, 6, 7]",9,7,-1
601,2,0,1,reverse,"[0, 1, 2, 3, 2, 4, 5, 6, 7]",9,10,-1
602,2,0,1,mandatory_skip,"[0, 1, 2, 3, 5, 6, 7]",7,5,-1
603,1,1,0,none,"[0, 1, 2, 3, 4, 5, 6, 7]",8,8,7
604,1,1,0,none,"[0, 1, 3, 4, 5, 6, 7]",7,7,-1
605,0,0,0,none,"[0, 1, 3, 4, 5, 6, 7]",7,8,-1
606,2,0,1,unauthorized_jump,"[0, 1, 2, 5, 6, 7]",6,3,-1
607,0,0,0,none,"[0, 1, 2, 3, 4, 5, 6, 7]",8,8,-1
608,0,0,0,none,"[0, 1, 2, 3, 4, 5, 6, 7]",8,8,-1
609,0,0,0,none,"[0, 1, 2, 3, 4, 5, 6, 7]",8,9,-1
610,1,1,0,none,"[0, 1, 3, 4, 5, 6, 7]",7,7,-1
611,1,1,0,none,"[0, 1, 2, 3, 4, 5, 6, 7]",8,6,4
612,2,0,1,reverse,"[0, 1, 2, 3, 2, 4, 5, 6, 7]",9,10,-1
613,0,0,0,none,"[0, 1, 2, 3, 4, 5, 6, 7]",8,9,-1
614,2,0,1,excess_dwell,"[0, 1, 2, 3, 3, 3, 3, 4, 5, 6, 7]",11,10,-1
615,1,1,0,none,"[0, 1, 3, 4, 5, 6, 7]",7,6,-1
616,1,1,0,none,"[0, 1, 2, 3, 4, 5, 6, 7]",8,10,-1
617,2,0,1,mandatory_skip,"[0, 1, 3, 4, 5, 6, 7]",7,6,-1
618,0,0,0,none,"[0, 1, 2, 3, 4, 5, 6, 7]",8,7,-1
619,2,0,1,excess_dwell,"[0, 1, 2, 3, 4, 5, 5, 5, 5, 6, 7]",11,10,-1
620,0,0,0,none,"[0, 1, 2, 3, 4, 5, 6, 7]",8,7,-1
621,1,1,0,none,"[0, 1, 2, 3, 4, 5, 6, 7]",8,7,-1
622,1,1,0,none,"[0, 1, 2, 3, 4, 5, 6, 7]",8,4,7
623,1,1,0,none,"[0, 1, 2, 3, 4, 5, 6, 7]",8,4,3
624,1,1,0,none,"[0, 1, 2, 3, 5, 6, 7]",7,5,-1
625,2,0,1,reverse,"[0, 1, 2, 1, 3, 4, 5, 6, 7]",9,9,-1
626,0,0,0,none,"[0, 1, 2, 3, 4, 5, 6, 7]",8,8,-1
627,1,1,0,none,"[0, 1, 2, 3, 4, 5, 6, 7]",8,6,1
628,1,1,0,none,"[0, 1, 2, 3, 4, 5, 6, 7]",8,9,-1
629,0,0,0,none,"[0, 1, 2, 3, 4, 5, 6, 7]",8,7,-1
630,2,0,1,unauthorized_jump,"[0, 1, 2, 6, 7]",5,4,-1
631,2,0,1,mandatory_skip,"[0, 1, 2, 3, 4, 5, 7]",7,8,-1
632,0,0,0,none,"[0, 1, 2, 3, 4, 5, 6, 7]",8,8,-1
633,1,1,0,none,"[0, 1, 3, 4, 5, 6, 7]",7,5,-1
634,2,0,1,reverse,"[0, 1, 2, 3, 2, 4, 5, 6, 7]",9,10,-1
635,0,0,0,none,"[0, 1, 2, 3, 4, 5, 6, 7]",8,7,-1
636,1,1,0,none,"[0, 1, 2, 3, 4, 5, 6, 7]",8,9,4
637,1,1,0,none,"[0, 1, 2, 3, 5, 6, 7]",7,6,-1
638,0,0,0,none,"[0, 1, 2, 3, 5, 6, 7]",7,8,-1
639,0,0,0,none,"[0, 1, 2, 3, 4, 5, 6, 7]",8,8,-1
640,2,0,1,reverse,"[0, 1, 2, 3, 2, 4, 5, 6, 7]",9,8,-1
641,1,1,0,none,"[0, 1, 2, 3, 4, 5, 6, 7]",8,6,6
642,1,1,0,none,"[0, 1, 2, 3, 4, 5, 6, 7]",8,8,-1
643,0,0,0,none,"[0, 1, 2, 3, 4, 5, 6, 7]",8,10,-1
644,1,1,0,none,"[0, 1, 2, 3, 4, 5, 6, 7]",8,8,2
645,0,0,0,none,"[0, 1, 2, 3, 4, 5, 6, 7]",8,8,-1
646,2,0,1,reverse,"[0, 1, 2, 3, 4, 5, 4, 6, 7]",9,9,-1
647,0,0,0,none,"[0, 1, 2, 3, 5, 6, 7]",7,7,-1
648,1,1,0,none,"[0, 1, 2, 3, 4, 5, 6, 7]",8,6,-1
649,2,0,1,mandatory_skip,"[0, 1, 2, 3, 4, 5, 7]",7,6,-1
650,1,1,0,none,"[0, 1, 2, 3, 4, 5, 6, 7]",8,6,0
651,1,1,0,none,"[0, 1, 3, 4, 5, 6, 7]",7,7,-1
652,0,0,0,none,"[0, 1, 2, 3, 4, 5, 6, 7]",8,9,-1
653,2,0,1,excess_dwell,"[0, 1, 2, 2, 2, 2, 3, 4, 5, 6, 7]",11,10,-1
654,2,0,1,reverse,"[0, 1, 2, 3, 4, 3, 5, 6, 7]",9,8,-1
655,2,0,1,mandatory_skip,"[0, 1, 2, 3, 5, 6, 7]",7,7,-1
656,1,1,0,none,"[0, 1, 2, 3, 4, 5, 6, 7]",8,6,2
657,2,0,1,reverse,"[0, 1, 2, 1, 3, 4, 5, 6, 7]",9,9,-1
658,1,1,0,none,"[0, 1, 3, 4, 5, 6, 7]",7,6,5
659,2,0,1,excess_dwell,"[0, 1, 2, 3, 3, 3, 3, 4, 5, 6, 7]",11,11,-1
660,0,0,0,none,"[0, 1, 2, 3, 4, 5, 6, 7]",8,8,-1
661,0,0,0,none,"[0, 1, 2, 3, 4, 5, 6, 7]",8,8,-1
662,0,0,0,none,"[0, 1, 2, 3, 4, 5, 6, 7]",8,8,-1
663,0,0,0,none,"[0, 1, 2, 3, 5, 6, 7]",7,7,-1
664,1,1,0,none,"[0, 1, 2, 3, 4, 5, 6, 7]",8,6,7
665,1,1,0,none,"[0, 1, 2, 3, 4, 5, 6, 7]",8,8,-1
666,1,1,0,none,"[0, 1, 2, 3, 4, 5, 6, 7]",8,8,-1
667,0,0,0,none,"[0, 1, 3, 4, 5, 6, 7]",7,6,-1
668,0,0,0,none,"[0, 1, 2, 3, 4, 5, 6, 7]",8,7,-1
669,0,0,0,none,"[0, 1, 2, 3, 4, 5, 6, 7]",8,8,-1
670,2,0,1,excess_dwell,"[0, 1, 2, 3, 4, 5, 5, 5, 5, 6, 7]",11,10,-1
671,2,0,1,unauthorized_jump,"[0, 1, 5, 6, 7]",5,5,-1
672,1,1,0,none,"[0, 1, 2, 3, 4, 5, 6, 7]",8,7,-1
673,0,0,0,none,"[0, 1, 3, 4, 5, 6, 7]",7,5,-1
674,1,1,0,none,"[0, 1, 2, 3, 4, 5, 6, 7]",8,5,-1
675,0,0,0,none,"[0, 1, 2, 3, 4, 5, 6, 7]",8,9,-1
676,0,0,0,none,"[0, 1, 2, 3, 4, 5, 6, 7]",8,7,-1
677,0,0,0,none,"[0, 1, 2, 3, 4, 5, 6, 7]",8,8,-1
678,1,1,0,none,"[0, 1, 2, 3, 5, 6, 7]",7,5,0
679,0,0,0,none,"[0, 1, 3, 4, 5, 6, 7]",7,7,-1
680,1,1,0,none,"[0, 1, 2, 3, 4, 5, 6, 7]",8,7,-1
681,0,0,0,none,"[0, 1, 2, 3, 4, 5, 6, 7]",8,9,-1
682,0,0,0,none,"[0, 1, 2, 3, 4, 5, 6, 7]",8,7,-1
683,1,1,0,none,"[0, 1, 2, 3, 4, 5, 6, 7]",8,6,-1
684,2,0,1,mandatory_skip,"[0, 1, 2, 3, 4, 5, 7]",7,8,-1
685,2,0,1,excess_dwell,"[0, 1, 2, 3, 3, 3, 3, 4, 5, 6, 7]",11,10,-1
686,0,0,0,none,"[0, 1, 2, 3, 4, 5, 6, 7]",8,8,-1
687,0,0,0,none,"[0, 1, 2, 3, 4, 5, 6, 7]",8,7,-1
688,0,0,0,none,"[0, 1, 2, 3, 4, 5, 6, 7]",8,9,-1
689,1,1,0,none,"[0, 1, 2, 3, 4, 5, 6, 7]",8,9,-1
690,1,1,0,none,"[0, 1, 2, 3, 4, 5, 6, 7]",8,11,-1
691,1,1,0,none,"[0, 1, 2, 3, 4, 5, 6, 7]",8,5,2
692,1,1,0,none,"[0, 1, 2, 3, 4, 5, 6, 7]",8,8,0
693,0,0,0,none,"[0, 1, 2, 3, 4, 5, 6, 7]",8,7,-1
694,2,0,1,excess_dwell,"[0, 1, 2, 3, 4, 4, 4, 4, 5, 6, 7]",11,11,-1
695,0,0,0,none,"[0, 1, 2, 3, 4, 5, 6, 7]",8,9,-1
696,0,0,0,none,"[0, 1, 2, 3, 4, 5, 6, 7]",8,8,-1
697,1,1,0,none,"[0, 1, 2, 3, 4, 5, 6, 7]",8,8,-1
698,0,0,0,none,"[0, 1, 3, 4, 5, 6, 7]",7,7,-1
699,0,0,0,none,"[0, 1, 2, 3, 4, 5, 6, 7]",8,7,-1
700,0,0,0,none,"[0, 1, 2, 3, 4, 5, 6, 7]",8,10,-1
701,2,0,1,unauthorized_jump,"[0, 1, 2, 3, 7]",5,5,-1
702,1,1,0,none,"[0, 1, 2, 3, 4, 5, 6, 7]",8,7,-1
703,0,0,0,none,"[0, 1, 2, 3, 4, 5, 6, 7]",8,7,-1
704,1,1,0,none,"[0, 1, 2, 3, 4, 5, 6, 7]",8,7,-1
705,2,0,1,mandatory_skip,"[0, 1, 3, 4, 5, 6, 7]",7,7,-1
706,1,1,0,none,"[0, 1, 2, 3, 4, 5, 6, 7]",8,7,-1
707,2,0,1,mandatory_skip,"[0, 1, 2, 3, 5, 6, 7]",7,8,-1
708,0,0,0,none,"[0, 1, 2, 3, 4, 5, 6, 7]",8,9,-1
709,1,1,0,none,"[0, 1, 2, 3, 4, 5, 6, 7]",8,6,-1
710,2,0,1,reverse,"[0, 1, 2, 3, 4, 5, 4, 6, 7]",9,9,-1
711,1,1,0,none,"[0, 1, 2, 3, 5, 6, 7]",7,6,-1
712,0,0,0,none,"[0, 1, 2, 3, 4, 5, 6, 7]",8,7,7
713,2,0,1,unauthorized_jump,"[0, 1, 5, 6, 7]",5,4,-1
714,0,0,0,none,"[0, 1, 2, 3, 4, 5, 6, 7]",8,9,-1
715,2,0,1,excess_dwell,"[0, 1, 2, 3, 4, 5, 5, 5, 5, 6, 7]",11,11,-1
716,2,0,1,excess_dwell,"[0, 1, 2, 3, 3, 3, 3, 4, 5, 6, 7]",11,10,-1
717,0,0,0,none,"[0, 1, 2, 3, 5, 6, 7]",7,7,-1
718,0,0,0,none,"[0, 1, 2, 3, 4, 5, 6, 7]",8,9,-1
719,0,0,0,none,"[0, 1, 2, 3, 5, 6, 7]",7,9,-1
720,1,1,0,none,"[0, 1, 2, 3, 4, 5, 6, 7]",8,4,5
721,0,0,0,none,"[0, 1, 2, 3, 4, 5, 6, 7]",8,7,-1
722,0,0,0,none,"[0, 1, 3, 4, 5, 6, 7]",7,7,-1
723,2,0,1,mandatory_skip,"[0, 1, 2, 3, 5, 6, 7]",7,7,-1
724,1,1,0,none,"[0, 1, 2, 3, 4, 5, 6, 7]",8,9,7
725,2,0,1,mandatory_skip,"[0, 1, 3, 4, 5, 6, 7]",7,6,-1
726,0,0,0,none,"[0, 1, 2, 3, 5, 6, 7]",7,5,-1
727,2,0,1,excess_dwell,"[0, 1, 2, 3, 4, 4, 4, 4, 5, 6, 7]",11,14,-1
728,1,1,0,none,"[0, 1, 2, 3, 4, 5, 6, 7]",8,8,-1
729,2,0,1,unauthorized_jump,"[0, 1, 2, 6, 7]",5,4,6
730,1,1,0,none,"[0, 1, 2, 3, 4, 5, 6, 7]",8,6,7
731,1,1,0,none,"[0, 1, 2, 3, 4, 5, 6, 7]",8,9,3
732,2,0,1,reverse,"[0, 1, 2, 1, 3, 4, 5, 6, 7]",9,9,-1
733,1,1,0,none,"[0, 1, 2, 3, 4, 5, 6, 7]",8,9,-1
734,1,1,0,none,"[0, 1, 2, 3, 4, 5, 6, 7]",8,8,-1
735,2,0,1,reverse,"[0, 1, 2, 3, 4, 3, 5, 6, 7]",9,9,-1
736,2,0,1,mandatory_skip,"[0, 1, 2, 3, 4, 5, 7]",7,6,-1
737,2,0,1,reverse,"[0, 1, 2, 1, 3, 4, 5, 6, 7]",9,7,-1
738,2,0,1,unauthorized_jump,"[0, 1, 2, 6, 7]",5,5,-1
739,1,1,0,none,"[0, 1, 2, 3, 4, 5, 6, 7]",8,9,-1
740,2,0,1,reverse,"[0, 1, 2, 3, 4, 3, 5, 6, 7]",9,9,-1
741,1,1,0,none,"[0, 1, 2, 3, 4, 5, 6, 7]",8,8,-1
742,0,0,0,none,"[0, 1, 2, 3, 5, 6, 7]",7,7,-1
743,1,1,0,none,"[0, 1, 2, 3, 4, 5, 6, 7]",8,6,-1
744,0,0,0,none,"[0, 1, 2, 3, 4, 5, 6, 7]",8,7,-1
745,0,0,0,none,"[0, 1, 2, 3, 4, 5, 6, 7]",8,10,-1
746,1,1,0,none,"[0, 1, 2, 3, 4, 5, 6, 7]",8,6,3
747,2,0,1,excess_dwell,"[0, 1, 2, 3, 4, 5, 5, 5, 5, 6, 7]",11,9,-1
748,0,0,0,none,"[0, 1, 2, 3, 5, 6, 7]",7,6,-1
749,1,1,0,none,"[0, 1, 2, 3, 4, 5, 6, 7]",8,7,3
750,2,0,1,unauthorized_jump,"[0, 1, 2, 6, 7]",5,5,-1
751,2,0,1,mandatory_skip,"[0, 1, 3, 4, 5, 6, 7]",7,8,-1
752,0,0,0,none,"[0, 1, 2, 3, 5, 6, 7]",7,6,-1
753,0,0,0,none,"[0, 1, 2, 3, 4, 5, 6, 7]",8,8,-1
754,2,0,1,excess_dwell,"[0, 1, 2, 2, 2, 2, 3, 4, 5, 6, 7]",11,10,-1
755,2,0,1,unauthorized_jump,"[0, 1, 2, 5, 6, 7]",6,6,-1
756,1,1,0,none,"[0, 1, 2, 3, 4, 5, 6, 7]",8,5,-1
757,2,0,1,unauthorized_jump,"[0, 1, 4, 5, 6, 7]",6,6,-1
758,0,0,0,none,"[0, 1, 2, 3, 5, 6, 7]",7,6,-1
759,1,1,0,none,"[0, 1, 2, 3, 4, 5, 6, 7]",8,9,5
760,2,0,1,excess_dwell,"[0, 1, 2, 3, 4, 5, 5, 5, 5, 6, 7]",11,12,-1
761,2,0,1,mandatory_skip,"[0, 1, 3, 4, 5, 6, 7]",7,8,-1
762,1,1,0,none,"[0, 1, 2, 3, 4, 5, 6, 7]",8,8,-1
763,1,1,0,none,"[0, 1, 3, 4, 5, 6, 7]",7,4,-1
764,2,0,1,excess_dwell,"[0, 1, 2, 3, 4, 4, 4, 4, 5, 6, 7]",11,10,-1
765,0,0,0,none,"[0, 1, 2, 3, 4, 5, 6, 7]",8,8,-1
766,0,0,0,none,"[0, 1, 2, 3, 4, 5, 6, 7]",8,8,-1
767,2,0,1,reverse,"[0, 1, 2, 1, 3, 4, 5, 6, 7]",9,9,-1
768,1,1,0,none,"[0, 1, 2, 3, 4, 5, 6, 7]",8,8,1
769,2,0,1,excess_dwell,"[0, 1, 2, 3, 4, 4, 4, 4, 5, 6, 7]",11,11,-1
770,1,1,0,none,"[0, 1, 2, 3, 4, 5, 6, 7]",8,5,-1
771,1,1,0,none,"[0, 1, 2, 3, 4, 5, 6, 7]",8,9,-1
772,2,0,1,excess_dwell,"[0, 1, 2, 2, 2, 2, 3, 4, 5, 6, 7]",11,10,-1
773,0,0,0,none,"[0, 1, 2, 3, 5, 6, 7]",7,7,-1
774,2,0,1,excess_dwell,"[0, 1, 2, 3, 4, 4, 4, 4, 5, 6, 7]",11,9,-1
775,1,1,0,none,"[0, 1, 2, 3, 4, 5, 6, 7]",8,5,-1
776,0,0,0,none,"[0, 1, 2, 3, 4, 5, 6, 7]",8,8,-1
777,0,0,0,none,"[0, 1, 2, 3, 5, 6, 7]",7,7,-1
778,0,0,0,none,"[0, 1, 2, 3, 4, 5, 6, 7]",8,8,-1
779,1,1,0,none,"[0, 1, 2, 3, 4, 5, 6, 7]",8,5,-1
780,1,1,0,none,"[0, 1, 2, 3, 5, 6, 7]",7,6,2
781,1,1,0,none,"[0, 1, 2, 3, 4, 5, 6, 7]",8,7,-1
782,1,1,0,none,"[0, 1, 2, 3, 4, 5, 6, 7]",8,7,-1
783,2,0,1,excess_dwell,"[0, 1, 2, 3, 3, 3, 3, 4, 5, 6, 7]",11,10,-1
784,2,0,1,unauthorized_jump,"[0, 1, 2, 5, 6, 7]",6,7,-1
785,0,0,0,none,"[0, 1, 2, 3, 4, 5, 6, 7]",8,7,-1
786,0,0,0,none,"[0, 1, 2, 3, 5, 6, 7]",7,9,-1
787,0,0,0,none,"[0, 1, 2, 3, 4, 5, 6, 7]",8,9,-1
788,2,0,1,excess_dwell,"[0, 1, 2, 3, 4, 4, 4, 4, 5, 6, 7]",11,14,-1
789,0,0,0,none,"[0, 1, 3, 4, 5, 6, 7]",7,6,-1
790,2,0,1,excess_dwell,"[0, 1, 2, 3, 4, 4, 4, 4, 5, 6, 7]",11,12,-1
791,1,1,0,none,"[0, 1, 2, 3, 4, 5, 6, 7]",8,9,-1
792,1,1,0,none,"[0, 1, 2, 3, 4, 5, 6, 7]",8,7,0
793,0,0,0,none,"[0, 1, 2, 3, 4, 5, 6, 7]",8,7,-1
794,0,0,0,none,"[0, 1, 2, 3, 4, 5, 6, 7]",8,6,-1
795,0,0,0,none,"[0, 1, 3, 4, 5, 6, 7]",7,8,-1
796,1,1,0,none,"[0, 1, 2, 3, 4, 5, 6, 7]",8,6,5
797,0,0,0,none,"[0, 1, 3, 4, 5, 6, 7]",7,7,-1
798,2,0,1,unauthorized_jump,"[0, 1, 4, 5, 6, 7]",6,5,-1
799,1,1,0,none,"[0, 1, 2, 3, 4, 5, 6, 7]",8,7,-1
800,1,1,0,none,"[0, 1, 2, 3, 4, 5, 6, 7]",8,9,-1
801,0,0,0,none,"[0, 1, 2, 3, 4, 5, 6, 7]",8,8,-1
802,1,1,0,none,"[0, 1, 2, 3, 4, 5, 6, 7]",8,10,-1
803,1,1,0,none,"[0, 1, 2, 3, 4, 5, 6, 7]",8,7,2
804,2,0,1,unauthorized_jump,"[0, 1, 2, 3, 7]",5,5,-1
805,0,0,0,none,"[0, 1, 2, 3, 4, 5, 6, 7]",8,7,-1
806,2,0,1,reverse,"[0, 1, 2, 3, 2, 4, 5, 6, 7]",9,8,-1
807,2,0,1,reverse,"[0, 1, 2, 3, 4, 3, 5, 6, 7]",9,7,-1
808,0,0,0,none,"[0, 1, 2, 3, 4, 5, 6, 7]",8,8,-1
809,0,0,0,none,"[0, 1, 2, 3, 4, 5, 6, 7]",8,9,-1
810,2,0,1,mandatory_skip,"[0, 1, 2, 3, 5, 6, 7]",7,7,-1
811,0,0,0,none,"[0, 1, 2, 3, 4, 5, 6, 7]",8,8,-1
812,0,0,0,none,"[0, 1, 3, 4, 5, 6, 7]",7,6,-1
813,2,0,1,excess_dwell,"[0, 1, 2, 3, 4, 5, 5, 5, 5, 6, 7]",11,11,-1
814,2,0,1,reverse,"[0, 1, 2, 1, 3, 4, 5, 6, 7]",9,7,-1
815,1,1,0,none,"[0, 1, 2, 3, 4, 5, 6, 7]",8,7,-1
816,1,1,0,none,"[0, 1, 3, 4, 5, 6, 7]",7,6,-1
817,2,0,1,reverse,"[0, 1, 2, 3, 2, 4, 5, 6, 7]",9,9,-1
818,0,0,0,none,"[0, 1, 3, 4, 5, 6, 7]",7,7,-1
819,0,0,0,none,"[0, 1, 3, 4, 5, 6, 7]",7,7,-1
820,0,0,0,none,"[0, 1, 2, 3, 4, 5, 6, 7]",8,8,-1
821,0,0,0,none,"[0, 1, 3, 4, 5, 6, 7]",7,6,-1
822,0,0,0,none,"[0, 1, 2, 3, 4, 5, 6, 7]",8,7,-1
823,0,0,0,none,"[0, 1, 2, 3, 4, 5, 6, 7]",8,7,-1
824,0,0,0,none,"[0, 1, 2, 3, 4, 5, 6, 7]",8,7,-1
825,0,0,0,none,"[0, 1, 2, 3, 4, 5, 6, 7]",8,9,-1
826,0,0,0,none,"[0, 1, 2, 3, 4, 5, 6, 7]",8,9,-1
827,0,0,0,none,"[0, 1, 2, 3, 4, 5, 6, 7]",8,6,-1
828,0,0,0,none,"[0, 1, 2, 3, 5, 6, 7]",7,7,-1
829,0,0,0,none,"[0, 1, 2, 3, 4, 5, 6, 7]",8,9,-1
830,1,1,0,none,"[0, 1, 2, 3, 4, 5, 6, 7]",8,6,1
831,2,0,1,unauthorized_jump,"[0, 1, 2, 3, 7]",5,5,-1
832,2,0,1,excess_dwell,"[0, 1, 2, 3, 3, 3, 3, 4, 5, 6, 7]",11,10,-1
833,0,0,0,none,"[0, 1, 2, 3, 5, 6, 7]",7,6,-1
834,1,1,0,none,"[0, 1, 2, 3, 4, 5, 6, 7]",8,6,-1
835,0,0,0,none,"[0, 1, 2, 3, 4, 5, 6, 7]",8,10,-1
836,0,0,0,none,"[0, 1, 2, 3, 4, 5, 6, 7]",8,8,-1
837,0,0,0,none,"[0, 1, 2, 3, 4, 5, 6, 7]",8,9,-1
838,0,0,0,none,"[0, 1, 2, 3, 4, 5, 6, 7]",8,9,-1
839,0,0,0,none,"[0, 1, 3, 4, 5, 6, 7]",7,8,-1
840,1,1,0,none,"[0, 1, 2, 3, 4, 5, 6, 7]",8,9,-1
841,1,1,0,none,"[0, 1, 2, 3, 4, 5, 6, 7]",8,6,-1
842,0,0,0,none,"[0, 1, 2, 3, 5, 6, 7]",7,8,-1
843,0,0,0,none,"[0, 1, 2, 3, 4, 5, 6, 7]",8,7,1
844,1,1,0,none,"[0, 1, 2, 3, 4, 5, 6, 7]",8,7,7
845,1,1,0,none,"[0, 1, 2, 3, 4, 5, 6, 7]",8,8,-1
846,2,0,1,excess_dwell,"[0, 1, 2, 3, 4, 5, 5, 5, 5, 6, 7]",11,11,-1
847,2,0,1,unauthorized_jump,"[0, 1, 4, 5, 6, 7]",6,7,-1
848,2,0,1,excess_dwell,"[0, 1, 2, 3, 4, 5, 5, 5, 5, 6, 7]",11,12,-1
849,0,0,0,none,"[0, 1, 2, 3, 4, 5, 6, 7]",8,8,-1
850,0,0,0,none,"[0, 1, 3, 4, 5, 6, 7]",7,7,-1
851,2,0,1,mandatory_skip,"[0, 1, 2, 3, 4, 5, 7]",7,7,-1
852,1,1,0,none,"[0, 1, 3, 4, 5, 6, 7]",7,8,7
853,1,1,0,none,"[0, 1, 3, 4, 5, 6, 7]",7,8,-1
854,0,0,0,none,"[0, 1, 3, 4, 5, 6, 7]",7,7,-1
855,0,0,0,none,"[0, 1, 2, 3, 4, 5, 6, 7]",8,10,-1
856,1,1,0,none,"[0, 1, 2, 3, 4, 5, 6, 7]",8,7,7
857,1,1,0,none,"[0, 1, 2, 3, 4, 5, 6, 7]",8,6,-1
858,0,0,0,none,"[0, 1, 2, 3, 4, 5, 6, 7]",8,9,-1
859,1,1,0,none,"[0, 1, 2, 3, 4, 5, 6, 7]",8,7,-1
860,2,0,1,reverse,"[0, 1, 2, 3, 4, 5, 4, 6, 7]",9,9,-1
861,1,1,0,none,"[0, 1, 2, 3, 4, 5, 6, 7]",8,8,-1
862,1,1,0,none,"[0, 1, 2, 3, 4, 5, 6, 7]",8,7,-1
863,0,0,0,none,"[0, 1, 3, 4, 5, 6, 7]",7,8,-1
864,1,1,0,none,"[0, 1, 2, 3, 4, 5, 6, 7]",8,6,5
865,0,0,0,none,"[0, 1, 2, 3, 4, 5, 6, 7]",8,7,-1
866,1,1,0,none,"[0, 1, 2, 3, 4, 5, 6, 7]",8,6,-1
867,0,0,0,none,"[0, 1, 2, 3, 4, 5, 6, 7]",8,8,-1
868,0,0,0,none,"[0, 1, 2, 3, 4, 5, 6, 7]",8,8,-1
869,1,1,0,none,"[0, 1, 3, 4, 5, 6, 7]",7,6,2
870,0,0,0,none,"[0, 1, 3, 4, 5, 6, 7]",7,7,-1
871,1,1,0,none,"[0, 1, 2, 3, 5, 6, 7]",7,4,-1
872,1,1,0,none,"[0, 1, 2, 3, 4, 5, 6, 7]",8,7,6
873,2,0,1,unauthorized_jump,"[0, 1, 5, 6, 7]",5,5,-1
874,0,0,0,none,"[0, 1, 3, 4, 5, 6, 7]",7,7,-1
875,1,1,0,none,"[0, 1, 2, 3, 4, 5, 6, 7]",8,4,3
876,0,0,0,none,"[0, 1, 2, 3, 4, 5, 6, 7]",8,8,-1
877,0,0,0,none,"[0, 1, 2, 3, 4, 5, 6, 7]",8,6,-1
878,0,0,0,none,"[0, 1, 2, 3, 4, 5, 6, 7]",8,7,-1
879,1,1,0,none,"[0, 1, 2, 3, 4, 5, 6, 7]",8,8,-1
880,0,0,0,none,"[0, 1, 2, 3, 4, 5, 6, 7]",8,7,-1
881,1,1,0,none,"[0, 1, 2, 3, 4, 5, 6, 7]",8,7,-1
882,2,0,1,unauthorized_jump,"[0, 1, 5, 6, 7]",5,6,-1
883,0,0,0,none,"[0, 1, 2, 3, 4, 5, 6, 7]",8,10,-1
884,0,0,0,none,"[0, 1, 3, 4, 5, 6, 7]",7,7,-1
885,1,1,0,none,"[0, 1, 2, 3, 4, 5, 6, 7]",8,10,-1
886,1,1,0,none,"[0, 1, 2, 3, 4, 5, 6, 7]",8,6,-1
887,2,0,1,reverse,"[0, 1, 2, 3, 2, 4, 5, 6, 7]",9,9,-1
888,0,0,0,none,"[0, 1, 2, 3, 4, 5, 6, 7]",8,8,-1
889,0,0,0,none,"[0, 1, 2, 3, 4, 5, 6, 7]",8,9,-1
890,0,0,0,none,"[0, 1, 2, 3, 5, 6, 7]",7,8,-1
891,2,0,1,mandatory_skip,"[0, 1, 2, 3, 5, 6, 7]",7,8,-1
892,1,1,0,none,"[0, 1, 2, 3, 4, 5, 6, 7]",8,9,-1
893,0,0,0,none,"[0, 1, 2, 3, 4, 5, 6, 7]",8,7,-1
894,1,1,0,none,"[0, 1, 2, 3, 5, 6, 7]",7,5,-1
895,0,0,0,none,"[0, 1, 3, 4, 5, 6, 7]",7,7,-1
896,2,0,1,reverse,"[0, 1, 2, 1, 3, 4, 5, 6, 7]",9,8,-1
897,1,1,0,none,"[0, 1, 2, 3, 4, 5, 6, 7]",8,7,-1
898,2,0,1,mandatory_skip,"[0, 1, 2, 3, 4, 5, 7]",7,8,-1
899,2,0,1,reverse,"[0, 1, 2, 1, 3, 4, 5, 6, 7]",9,9,-1
900,0,0,0,none,"[0, 1, 2, 3, 5, 6, 7]",7,7,-1
901,2,0,1,mandatory_skip,"[0, 1, 2, 3, 5, 6, 7]",7,8,-1
902,2,0,1,excess_dwell,"[0, 1, 2, 3, 3, 3, 3, 4, 5, 6, 7]",11,9,-1
903,2,0,1,excess_dwell,"[0, 1, 2, 3, 3, 3, 3, 4, 5, 6, 7]",11,9,-1
904,0,0,0,none,"[0, 1, 2, 3, 5, 6, 7]",7,7,-1
905,2,0,1,excess_dwell,"[0, 1, 2, 3, 4, 5, 5, 5, 5, 6, 7]",11,12,-1
906,1,1,0,none,"[0, 1, 2, 3, 4, 5, 6, 7]",8,7,-1
907,1,1,0,none,"[0, 1, 2, 3, 4, 5, 6, 7]",8,8,-1
908,0,0,0,none,"[0, 1, 2, 3, 4, 5, 6, 7]",8,9,-1
909,0,0,0,none,"[0, 1, 2, 3, 4, 5, 6, 7]",8,8,-1
910,1,1,0,none,"[0, 1, 2, 3, 4, 5, 6, 7]",8,5,-1
911,2,0,1,excess_dwell,"[0, 1, 2, 3, 3, 3, 3, 4, 5, 6, 7]",11,9,-1
912,0,0,0,none,"[0, 1, 2, 3, 4, 5, 6, 7]",8,9,-1
913,2,0,1,reverse,"[0, 1, 2, 3, 4, 5, 4, 6, 7]",9,9,-1
914,2,0,1,unauthorized_jump,"[0, 1, 2, 3, 6, 7]",6,7,-1
915,0,0,0,none,"[0, 1, 2, 3, 4, 5, 6, 7]",8,7,-1
916,1,1,0,none,"[0, 1, 2, 3, 4, 5, 6, 7]",8,9,-1
917,1,1,0,none,"[0, 1, 2, 3, 4, 5, 6, 7]",8,7,-1
918,2,0,1,mandatory_skip,"[0, 1, 2, 3, 5, 6, 7]",7,9,-1
919,2,0,1,reverse,"[0, 1, 2, 3, 4, 3, 5, 6, 7]",9,9,-1
920,0,0,0,none,"[0, 1, 2, 3, 4, 5, 6, 7]",8,7,-1
921,0,0,0,none,"[0, 1, 2, 3, 5, 6, 7]",7,6,-1
922,1,1,0,none,"[0, 1, 2, 3, 4, 5, 6, 7]",8,7,-1
923,0,0,0,none,"[0, 1, 2, 3, 4, 5, 6, 7]",8,9,-1
924,1,1,0,none,"[0, 1, 2, 3, 4, 5, 6, 7]",8,6,-1
925,1,1,0,none,"[0, 1, 2, 3, 4, 5, 6, 7]",8,7,-1
926,2,0,1,unauthorized_jump,"[0, 1, 2, 3, 6, 7]",6,5,-1
927,0,0,0,none,"[0, 1, 2, 3, 4, 5, 6, 7]",8,9,-1
928,0,0,0,none,"[0, 1, 3, 4, 5, 6, 7]",7,7,-1
929,0,0,0,none,"[0, 1, 2, 3, 5, 6, 7]",7,7,-1
930,0,0,0,none,"[0, 1, 2, 3, 4, 5, 6, 7]",8,8,-1
931,2,0,1,reverse,"[0, 1, 2, 1, 3, 4, 5, 6, 7]",9,10,-1
932,1,1,0,none,"[0, 1, 2, 3, 4, 5, 6, 7]",8,7,3
933,2,0,1,reverse,"[0, 1, 2, 1, 3, 4, 5, 6, 7]",9,9,-1
934,2,0,1,reverse,"[0, 1, 2, 3, 2, 4, 5, 6, 7]",9,8,-1
935,2,0,1,excess_dwell,"[0, 1, 2, 2, 2, 2, 3, 4, 5, 6, 7]",11,13,-1
936,0,0,0,none,"[0, 1, 2, 3, 4, 5, 6, 7]",8,10,-1
937,0,0,0,none,"[0, 1, 3, 4, 5, 6, 7]",7,7,-1
938,2,0,1,reverse,"[0, 1, 2, 1, 3, 4, 5, 6, 7]",9,9,-1
939,2,0,1,unauthorized_jump,"[0, 1, 4, 5, 6, 7]",6,6,-1
940,1,1,0,none,"[0, 1, 2, 3, 4, 5, 6, 7]",8,4,-1
941,1,1,0,none,"[0, 1, 2, 3, 4, 5, 6, 7]",8,8,-1
942,1,1,0,none,"[0, 1, 2, 3, 4, 5, 6, 7]",8,6,2
943,1,1,0,none,"[0, 1, 3, 4, 5, 6, 7]",7,6,-1
944,1,1,0,none,"[0, 1, 2, 3, 4, 5, 6, 7]",8,4,-1
945,2,0,1,excess_dwell,"[0, 1, 2, 3, 3, 3, 3, 4, 5, 6, 7]",11,11,-1
946,2,0,1,unauthorized_jump,"[0, 1, 2, 3, 7]",5,5,-1
947,1,1,0,none,"[0, 1, 2, 3, 4, 5, 6, 7]",8,9,-1
948,0,0,0,none,"[0, 1, 2, 3, 4, 5, 6, 7]",8,8,-1
949,0,0,0,none,"[0, 1, 2, 3, 4, 5, 6, 7]",8,8,-1
950,0,0,0,none,"[0, 1, 2, 3, 4, 5, 6, 7]",8,9,-1
951,2,0,1,excess_dwell,"[0, 1, 2, 3, 3, 3, 3, 4, 5, 6, 7]",11,10,-1
952,0,0,0,none,"[0, 1, 2, 3, 4, 5, 6, 7]",8,8,-1
953,2,0,1,mandatory_skip,"[0, 1, 2, 3, 5, 6, 7]",7,8,-1
954,2,0,1,excess_dwell,"[0, 1, 2, 3, 4, 5, 5, 5, 5, 6, 7]",11,10,-1
955,0,0,0,none,"[0, 1, 3, 4, 5, 6, 7]",7,8,-1
956,2,0,1,unauthorized_jump,"[0, 1, 4, 5, 6, 7]",6,7,-1
957,2,0,1,unauthorized_jump,"[0, 1, 2, 6, 7]",5,4,-1
958,2,0,1,unauthorized_jump,"[0, 1, 2, 3, 7]",5,6,-1
959,0,0,0,none,"[0, 1, 2, 3, 4, 5, 6, 7]",8,8,-1
960,1,1,0,none,"[0, 1, 2, 3, 4, 5, 6, 7]",8,5,-1
961,0,0,0,none,"[0, 1, 2, 3, 4, 5, 6, 7]",8,9,-1
962,0,0,0,none,"[0, 1, 2, 3, 4, 5, 6, 7]",8,8,-1
963,0,0,0,none,"[0, 1, 3, 4, 5, 6, 7]",7,7,-1
964,2,0,1,unauthorized_jump,"[0, 1, 5, 6, 7]",5,5,-1
965,0,0,0,none,"[0, 1, 2, 3, 4, 5, 6, 7]",8,8,-1
966,1,1,0,none,"[0, 1, 2, 3, 5, 6, 7]",7,6,-1
967,1,1,0,none,"[0, 1, 2, 3, 4, 5, 6, 7]",8,8,-1
968,1,1,0,none,"[0, 1, 2, 3, 4, 5, 6, 7]",8,5,5
969,1,1,0,none,"[0, 1, 2, 3, 4, 5, 6, 7]",8,7,-1
970,0,0,0,none,"[0, 1, 2, 3, 4, 5, 6, 7]",8,9,-1
971,2,0,1,reverse,"[0, 1, 2, 3, 4, 3, 5, 6, 7]",9,9,-1
972,2,0,1,mandatory_skip,"[0, 1, 2, 3, 5, 6, 7]",7,7,-1
973,1,1,0,none,"[0, 1, 2, 3, 4, 5, 6, 7]",8,7,-1
974,0,0,0,none,"[0, 1, 2, 3, 4, 5, 6, 7]",8,9,-1
975,2,0,1,mandatory_skip,"[0, 1, 3, 4, 5, 6, 7]",7,5,-1
976,2,0,1,unauthorized_jump,"[0, 1, 2, 6, 7]",5,4,-1
977,1,1,0,none,"[0, 1, 2, 3, 4, 5, 6, 7]",8,10,-1
978,2,0,1,reverse,"[0, 1, 2, 1, 3, 4, 5, 6, 7]",9,9,-1
979,0,0,0,none,"[0, 1, 2, 3, 4, 5, 6, 7]",8,8,-1
980,0,0,0,none,"[0, 1, 3, 4, 5, 6, 7]",7,5,-1
981,0,0,0,none,"[0, 1, 2, 3, 5, 6, 7]",7,6,-1
982,0,0,0,none,"[0, 1, 3, 4, 5, 6, 7]",7,7,-1
983,1,1,0,none,"[0, 1, 3, 4, 5, 6, 7]",7,7,0
984,1,1,0,none,"[0, 1, 2, 3, 4, 5, 6, 7]",8,7,7
985,0,0,0,none,"[0, 1, 2, 3, 4, 5, 6, 7]",8,6,-1
986,1,1,0,none,"[0, 1, 2, 3, 5, 6, 7]",7,6,-1
987,2,0,1,reverse,"[0, 1, 2, 3, 2, 4, 5, 6, 7]",9,9,-1
988,1,1,0,none,"[0, 1, 2, 3, 4, 5, 6, 7]",8,6,7
989,1,1,0,none,"[0, 1, 2, 3, 4, 5, 6, 7]",8,8,-1
990,2,0,1,unauthorized_jump,"[0, 1, 2, 3, 7]",5,4,-1
991,2,0,1,reverse,"[0, 1, 2, 3, 2, 4, 5, 6, 7]",9,11,-1
992,0,0,0,none,"[0, 1, 2, 3, 4, 5, 6, 7]",8,8,-1
993,0,0,0,none,"[0, 1, 2, 3, 4, 5, 6, 7]",8,9,-1
994,0,0,0,none,"[0, 1, 2, 3, 4, 5, 6, 7]",8,10,-1
995,1,1,0,none,"[0, 1, 2, 3, 4, 5, 6, 7]",8,7,-1
996,1,1,0,none,"[0, 1, 2, 3, 4, 5, 6, 7]",8,7,-1
997,2,0,1,mandatory_skip,"[0, 1, 2, 3, 4, 5, 7]",7,7,-1
998,0,0,0,none,"[0, 1, 2, 3, 4, 5, 6, 7]",8,7,-1
999,0,0,0,none,"[0, 1, 2, 3, 4, 5, 6, 7]",8,8,-1
1000,2,0,1,mandatory_skip,"[0, 1, 2, 3, 4, 5, 7]",7,7,-1
1001,0,0,0,none,"[0, 1, 2, 3, 4, 5, 6, 7]",8,9,-1
1002,2,0,1,mandatory_skip,"[0, 1, 3, 4, 5, 6, 7]",7,6,-1
1003,2,0,1,mandatory_skip,"[0, 1, 3, 4, 5, 6, 7]",7,8,-1
1004,0,0,0,none,"[0, 1, 2, 3, 4, 5, 6, 7]",8,6,-1
1005,1,1,0,none,"[0, 1, 3, 4, 5, 6, 7]",7,7,2
1006,1,1,0,none,"[0, 1, 2, 3, 4, 5, 6, 7]",8,8,-1
1007,0,0,0,none,"[0, 1, 3, 4, 5, 6, 7]",7,6,-1
1008,1,1,0,none,"[0, 1, 3, 4, 5, 6, 7]",7,4,5
1009,0,0,0,none,"[0, 1, 2, 3, 4, 5, 6, 7]",8,8,-1
1010,2,0,1,excess_dwell,"[0, 1, 2, 2, 2, 2, 3, 4, 5, 6, 7]",11,9,-1
1011,2,0,1,mandatory_skip,"[0, 1, 2, 3, 4, 5, 7]",7,6,-1
1012,1,1,0,none,"[0, 1, 2, 3, 4, 5, 6, 7]",8,9,3
1013,0,0,0,none,"[0, 1, 2, 3, 4, 5, 6, 7]",8,9,-1
1014,0,0,0,none,"[0, 1, 2, 3, 4, 5, 6, 7]",8,7,-1
1015,1,1,0,none,"[0, 1, 2, 3, 4, 5, 6, 7]",8,7,1
1016,0,0,0,none,"[0, 1, 3, 4, 5, 6, 7]",7,8,-1
1017,2,0,1,excess_dwell,"[0, 1, 2, 2, 2, 2, 3, 4, 5, 6, 7]",11,11,-1
1018,1,1,0,none,"[0, 1, 2, 3, 4, 5, 6, 7]",8,7,-1
1019,1,1,0,none,"[0, 1, 2, 3, 4, 5, 6, 7]",8,7,-1
1020,0,0,0,none,"[0, 1, 3, 4, 5, 6, 7]",7,6,-1
1021,1,1,0,none,"[0, 1, 2, 3, 4, 5, 6, 7]",8,5,-1
1022,2,0,1,reverse,"[0, 1, 2, 3, 2, 4, 5, 6, 7]",9,7,-1
1023,2,0,1,reverse,"[0, 1, 2, 3, 4, 5, 4, 6, 7]",9,10,-1
1024,2,0,1,unauthorized_jump,"[0, 1, 4, 5, 6, 7]",6,6,-1
1025,0,0,0,none,"[0, 1, 2, 3, 4, 5, 6, 7]",8,9,-1
1026,2,0,1,unauthorized_jump,"[0, 1, 4, 5, 6, 7]",6,6,-1
1027,1,1,0,none,"[0, 1, 2, 3, 4, 5, 6, 7]",8,10,-1
1028,2,0,1,unauthorized_jump,"[0, 1, 2, 6, 7]",5,4,-1
1029,2,0,1,reverse,"[0, 1, 2, 3, 2, 4, 5, 6, 7]",9,9,-1
1030,0,0,0,none,"[0, 1, 2, 3, 4, 5, 6, 7]",8,9,-1
1031,0,0,0,none,"[0, 1, 2, 3, 4, 5, 6, 7]",8,9,-1
1032,2,0,1,reverse,"[0, 1, 2, 1, 3, 4, 5, 6, 7]",9,11,-1
1033,0,0,0,none,"[0, 1, 2, 3, 4, 5, 6, 7]",8,7,-1
1034,0,0,0,none,"[0, 1, 2, 3, 4, 5, 6, 7]",8,9,-1
1035,0,0,0,none,"[0, 1, 2, 3, 4, 5, 6, 7]",8,7,-1
1036,0,0,0,none,"[0, 1, 2, 3, 4, 5, 6, 7]",8,8,-1
1037,1,1,0,none,"[0, 1, 2, 3, 4, 5, 6, 7]",8,8,-1
1038,1,1,0,none,"[0, 1, 2, 3, 4, 5, 6, 7]",8,8,-1
1039,2,0,1,unauthorized_jump,"[0, 1, 2, 6, 7]",5,5,-1
1040,0,0,0,none,"[0, 1, 3, 4, 5, 6, 7]",7,8,-1
1041,0,0,0,none,"[0, 1, 2, 3, 4, 5, 6, 7]",8,8,-1
1042,1,1,0,none,"[0, 1, 2, 3, 5, 6, 7]",7,6,4
1043,1,1,0,none,"[0, 1, 2, 3, 4, 5, 6, 7]",8,9,-1
1044,1,1,0,none,"[0, 1, 3, 4, 5, 6, 7]",7,6,-1
1045,1,1,0,none,"[0, 1, 2, 3, 4, 5, 6, 7]",8,4,5
1046,1,1,0,none,"[0, 1, 2, 3, 4, 5, 6, 7]",8,10,-1
1047,2,0,1,unauthorized_jump,"[0, 1, 4, 5, 6, 7]",6,6,-1
1048,2,0,1,unauthorized_jump,"[0, 1, 5, 6, 7]",5,4,-1
1049,1,1,0,none,"[0, 1, 2, 3, 4, 5, 6, 7]",8,6,-1
1050,2,0,1,reverse,"[0, 1, 2, 3, 4, 3, 5, 6, 7]",9,10,-1
1051,0,0,0,none,"[0, 1, 2, 3, 4, 5, 6, 7]",8,8,-1
1052,2,0,1,mandatory_skip,"[0, 1, 2, 3, 4, 5, 7]",7,7,-1
1053,0,0,0,none,"[0, 1, 2, 3, 4, 5, 6, 7]",8,7,-1
1054,1,1,0,none,"[0, 1, 2, 3, 4, 5, 6, 7]",8,10,-1
1055,0,0,0,none,"[0, 1, 3, 4, 5, 6, 7]",7,8,-1
1056,2,0,1,excess_dwell,"[0, 1, 2, 3, 3, 3, 3, 4, 5, 6, 7]",11,10,-1
1057,0,0,0,none,"[0, 1, 2, 3, 4, 5, 6, 7]",8,10,-1
1058,0,0,0,none,"[0, 1, 2, 3, 4, 5, 6, 7]",8,7,-1
1059,2,0,1,mandatory_skip,"[0, 1, 3, 4, 5, 6, 7]",7,9,-1
1060,2,0,1,excess_dwell,"[0, 1, 2, 3, 4, 4, 4, 4, 5, 6, 7]",11,12,-1
1061,0,0,0,none,"[0, 1, 2, 3, 4, 5, 6, 7]",8,8,-1
1062,0,0,0,none,"[0, 1, 3, 4, 5, 6, 7]",7,7,-1
1063,2,0,1,reverse,"[0, 1, 2, 3, 4, 5, 4, 6, 7]",9,6,-1
1064,2,0,1,unauthorized_jump,"[0, 1, 2, 6, 7]",5,5,-1
1065,2,0,1,mandatory_skip,"[0, 1, 3, 4, 5, 6, 7]",7,7,-1
1066,0,0,0,none,"[0, 1, 3, 4, 5, 6, 7]",7,8,-1
1067,1,1,0,none,"[0, 1, 2, 3, 4, 5, 6, 7]",8,8,0
1068,2,0,1,unauthorized_jump,"[0, 1, 2, 6, 7]",5,6,-1
1069,0,0,0,none,"[0, 1, 3, 4, 5, 6, 7]",7,8,-1
1070,0,0,0,none,"[0, 1, 2, 3, 4, 5, 6, 7]",8,7,-1
1071,0,0,0,none,"[0, 1, 2, 3, 4, 5, 6, 7]",8,8,-1
1072,0,0,0,none,"[0, 1, 2, 3, 4, 5, 6, 7]",8,9,-1
1073,0,0,0,none,"[0, 1, 2, 3, 4, 5, 6, 7]",8,7,-1
1074,0,0,0,none,"[0, 1, 2, 3, 4, 5, 6, 7]",8,8,-1
1075,1,1,0,none,"[0, 1, 2, 3, 4, 5, 6, 7]",8,8,4
1076,0,0,0,none,"[0, 1, 3, 4, 5, 6, 7]",7,8,-1
1077,1,1,0,none,"[0, 1, 2, 3, 4, 5, 6, 7]",8,8,-1
1078,2,0,1,unauthorized_jump,"[0, 1, 2, 6, 7]",5,6,-1
1079,1,1,0,none,"[0, 1, 2, 3, 4, 5, 6, 7]",8,10,-1
1080,2,0,1,unauthorized_jump,"[0, 1, 5, 6, 7]",5,6,-1
1081,0,0,0,none,"[0, 1, 2, 3, 4, 5, 6, 7]",8,10,-1
1082,2,0,1,unauthorized_jump,"[0, 1, 2, 5, 6, 7]",6,6,-1
1083,0,0,0,none,"[0, 1, 2, 3, 4, 5, 6, 7]",8,8,-1
1084,1,1,0,none,"[0, 1, 2, 3, 4, 5, 6, 7]",8,7,-1
1085,1,1,0,none,"[0, 1, 2, 3, 4, 5, 6, 7]",8,7,-1
1086,1,1,0,none,"[0, 1, 2, 3, 4, 5, 6, 7]",8,7,-1
1087,2,0,1,excess_dwell,"[0, 1, 2, 2, 2, 2, 3, 4, 5, 6, 7]",11,12,-1
1088,1,1,0,none,"[0, 1, 2, 3, 4, 5, 6, 7]",8,7,-1
1089,2,0,1,mandatory_skip,"[0, 1, 3, 4, 5, 6, 7]",7,6,-1
1090,0,0,0,none,"[0, 1, 2, 3, 4, 5, 6, 7]",8,8,-1
1091,0,0,0,none,"[0, 1, 2, 3, 4, 5, 6, 7]",8,9,-1
1092,1,1,0,none,"[0, 1, 3, 4, 5, 6, 7]",7,9,-1
1093,1,1,0,none,"[0, 1, 2, 3, 4, 5, 6, 7]",8,9,-1
1094,1,1,0,none,"[0, 1, 2, 3, 4, 5, 6, 7]",8,9,-1
1095,0,0,0,none,"[0, 1, 2, 3, 4, 5, 6, 7]",8,7,-1
1096,1,1,0,none,"[0, 1, 2, 3, 5, 6, 7]",7,5,6
1097,2,0,1,excess_dwell,"[0, 1, 2, 3, 4, 4, 4, 4, 5, 6, 7]",11,12,-1
1098,2,0,1,reverse,"[0, 1, 2, 1, 3, 4, 5, 6, 7]",9,7,-1
1099,0,0,0,none,"[0, 1, 2, 3, 5, 6, 7]",7,8,-1
1100,0,0,0,none,"[0, 1, 2, 3, 4, 5, 6, 7]",8,6,-1
1101,0,0,0,none,"[0, 1, 2, 3, 4, 5, 6, 7]",8,9,-1
1102,2,0,1,excess_dwell,"[0, 1, 2, 3, 4, 5, 5, 5, 5, 6, 7]",11,11,-1
1103,2,0,1,mandatory_skip,"[0, 1, 2, 3, 4, 5, 7]",7,7,-1
1104,0,0,0,none,"[0, 1, 2, 3, 4, 5, 6, 7]",8,8,-1
1105,0,0,0,none,"[0, 1, 2, 3, 4, 5, 6, 7]",8,7,-1
1106,2,0,1,reverse,"[0, 1, 2, 3, 2, 4, 5, 6, 7]",9,11,-1
1107,0,0,0,none,"[0, 1, 2, 3, 4, 5, 6, 7]",8,7,-1
1108,0,0,0,none,"[0, 1, 2, 3, 4, 5, 6, 7]",8,8,-1
1109,0,0,0,none,"[0, 1, 2, 3, 4, 5, 6, 7]",8,8,-1
1110,2,0,1,reverse,"[0, 1, 2, 1, 3, 4, 5, 6, 7]",9,8,-1
1111,1,1,0,none,"[0, 1, 2, 3, 4, 5, 6, 7]",8,5,-1
1112,1,1,0,none,"[0, 1, 2, 3, 4, 5, 6, 7]",8,8,-1
1113,1,1,0,none,"[0, 1, 2, 3, 4, 5, 6, 7]",8,7,-1
1114,0,0,0,none,"[0, 1, 3, 4, 5, 6, 7]",7,8,-1
1115,2,0,1,excess_dwell,"[0, 1, 2, 2, 2, 2, 3, 4, 5, 6, 7]",11,10,-1
1116,0,0,0,none,"[0, 1, 2, 3, 4, 5, 6, 7]",8,9,-1
1117,0,0,0,none,"[0, 1, 2, 3, 4, 5, 6, 7]",8,9,-1
1118,0,0,0,none,"[0, 1, 2, 3, 4, 5, 6, 7]",8,11,-1
1119,0,0,0,none,"[0, 1, 2, 3, 5, 6, 7]",7,6,-1
1120,0,0,0,none,"[0, 1, 3, 4, 5, 6, 7]",7,7,-1
1121,2,0,1,unauthorized_jump,"[0, 1, 2, 3, 6, 7]",6,6,-1
1122,0,0,0,none,"[0, 1, 2, 3, 4, 5, 6, 7]",8,9,-1
1123,2,0,1,excess_dwell,"[0, 1, 2, 3, 4, 4, 4, 4, 5, 6, 7]",11,9,7
1124,0,0,0,none,"[0, 1, 2, 3, 4, 5, 6, 7]",8,7,-1
1125,0,0,0,none,"[0, 1, 2, 3, 4, 5, 6, 7]",8,9,-1
1126,2,0,1,mandatory_skip,"[0, 1, 2, 3, 5, 6, 7]",7,6,-1
1127,1,1,0,none,"[0, 1, 2, 3, 4, 5, 6, 7]",8,4,6
1128,1,1,0,none,"[0, 1, 2, 3, 4, 5, 6, 7]",8,7,-1
1129,2,0,1,unauthorized_jump,"[0, 1, 5, 6, 7]",5,5,-1
1130,2,0,1,excess_dwell,"[0, 1, 2, 3, 4, 4, 4, 4, 5, 6, 7]",11,11,-1
1131,2,0,1,excess_dwell,"[0, 1, 2, 3, 4, 5, 5, 5, 5, 6, 7]",11,11,-1
1132,0,0,0,none,"[0, 1, 2, 3, 4, 5, 6, 7]",8,6,-1
1133,1,1,0,none,"[0, 1, 2, 3, 4, 5, 6, 7]",8,8,-1
1134,0,0,0,none,"[0, 1, 2, 3, 4, 5, 6, 7]",8,8,-1
1135,2,0,1,reverse,"[0, 1, 2, 3, 4, 3, 5, 6, 7]",9,8,-1
1136,1,1,0,none,"[0, 1, 2, 3, 4, 5, 6, 7]",8,7,-1
1137,1,1,0,none,"[0, 1, 3, 4, 5, 6, 7]",7,3,-1
1138,1,1,0,none,"[0, 1, 2, 3, 4, 5, 6, 7]",8,7,3
1139,0,0,0,none,"[0, 1, 2, 3, 4, 5, 6, 7]",8,6,-1
1140,1,1,0,none,"[0, 1, 2, 3, 4, 5, 6, 7]",8,6,3
1141,1,1,0,none,"[0, 1, 2, 3, 4, 5, 6, 7]",8,9,-1
1142,0,0,0,none,"[0, 1, 3, 4, 5, 6, 7]",7,7,-1
1143,2,0,1,mandatory_skip,"[0, 1, 2, 3, 5, 6, 7]",7,9,-1
1144,1,1,0,none,"[0, 1, 2, 3, 4, 5, 6, 7]",8,7,2
1145,0,0,0,none,"[0, 1, 2, 3, 4, 5, 6, 7]",8,8,-1
1146,2,0,1,unauthorized_jump,"[0, 1, 2, 5, 6, 7]",6,7,-1
1147,2,0,1,excess_dwell,"[0, 1, 2, 2, 2, 2, 3, 4, 5, 6, 7]",11,12,-1
1148,0,0,0,none,"[0, 1, 2, 3, 4, 5, 6, 7]",8,9,-1
1149,1,1,0,none,"[0, 1, 2, 3, 4, 5, 6, 7]",8,6,-1
1150,0,0,0,none,"[0, 1, 2, 3, 4, 5, 6, 7]",8,8,-1
1151,2,0,1,mandatory_skip,"[0, 1, 2, 3, 4, 5, 7]",7,7,-1
1152,1,1,0,none,"[0, 1, 2, 3, 4, 5, 6, 7]",8,6,-1
1153,1,1,0,none,"[0, 1, 2, 3, 4, 5, 6, 7]",8,7,4
1154,0,0,0,none,"[0, 1, 3, 4, 5, 6, 7]",7,8,-1
1155,2,0,1,reverse,"[0, 1, 2, 1, 3, 4, 5, 6, 7]",9,10,-1
1156,1,1,0,none,"[0, 1, 2, 3, 4, 5, 6, 7]",8,5,5
1157,1,1,0,none,"[0, 1, 2, 3, 4, 5, 6, 7]",8,8,-1
1158,1,1,0,none,"[0, 1, 2, 3, 4, 5, 6, 7]",8,5,-1
1159,2,0,1,unauthorized_jump,"[0, 1, 5, 6, 7]",5,4,-1
1160,2,0,1,unauthorized_jump,"[0, 1, 2, 3, 6, 7]",6,6,-1
1161,1,1,0,none,"[0, 1, 2, 3, 4, 5, 6, 7]",8,8,-1
1162,2,0,1,reverse,"[0, 1, 2, 3, 4, 5, 4, 6, 7]",9,10,-1
1163,2,0,1,excess_dwell,"[0, 1, 2, 3, 4, 4, 4, 4, 5, 6, 7]",11,9,-1
1164,1,1,0,none,"[0, 1, 2, 3, 4, 5, 6, 7]",8,6,4
1165,2,0,1,unauthorized_jump,"[0, 1, 2, 3, 7]",5,6,-1
1166,1,1,0,none,"[0, 1, 2, 3, 4, 5, 6, 7]",8,6,-1
1167,1,1,0,none,"[0, 1, 2, 3, 4, 5, 6, 7]",8,8,2
1168,1,1,0,none,"[0, 1, 2, 3, 4, 5, 6, 7]",8,8,-1
1169,1,1,0,none,"[0, 1, 2, 3, 4, 5, 6, 7]",8,8,-1
1170,2,0,1,excess_dwell,"[0, 1, 2, 3, 4, 5, 5, 5, 5, 6, 7]",11,12,-1
1171,1,1,0,none,"[0, 1, 2, 3, 4, 5, 6, 7]",8,4,2
1172,2,0,1,reverse,"[0, 1, 2, 3, 4, 3, 5, 6, 7]",9,6,-1
1173,1,1,0,none,"[0, 1, 2, 3, 4, 5, 6, 7]",8,4,-1
1174,2,0,1,mandatory_skip,"[0, 1, 2, 3, 4, 5, 7]",7,6,-1
1175,0,0,0,none,"[0, 1, 2, 3, 4, 5, 6, 7]",8,7,-1
1176,0,0,0,none,"[0, 1, 2, 3, 4, 5, 6, 7]",8,8,-1
1177,0,0,0,none,"[0, 1, 3, 4, 5, 6, 7]",7,7,-1
1178,0,0,0,none,"[0, 1, 2, 3, 5, 6, 7]",7,6,-1
1179,0,0,0,none,"[0, 1, 3, 4, 5, 6, 7]",7,5,-1
1180,0,0,0,none,"[0, 1, 2, 3, 4, 5, 6, 7]",8,7,-1
1181,2,0,1,reverse,"[0, 1, 2, 3, 2, 4, 5, 6, 7]",9,9,-1
1182,0,0,0,none,"[0, 1, 2, 3, 4, 5, 6, 7]",8,10,-1
1183,0,0,0,none,"[0, 1, 2, 3, 4, 5, 6, 7]",8,10,-1
1184,2,0,1,reverse,"[0, 1, 2, 1, 3, 4, 5, 6, 7]",9,10,-1
1185,0,0,0,none,"[0, 1, 2, 3, 4, 5, 6, 7]",8,9,-1
1186,2,0,1,unauthorized_jump,"[0, 1, 2, 3, 7]",5,6,-1
1187,0,0,0,none,"[0, 1, 2, 3, 4, 5, 6, 7]",8,8,-1
1188,0,0,0,none,"[0, 1, 3, 4, 5, 6, 7]",7,6,-1
1189,0,0,0,none,"[0, 1, 2, 3, 4, 5, 6, 7]",8,11,-1
1190,0,0,0,none,"[0, 1, 3, 4, 5, 6, 7]",7,6,-1
1191,0,0,0,none,"[0, 1, 2, 3, 4, 5, 6, 7]",8,10,-1
1192,1,1,0,none,"[0, 1, 2, 3, 4, 5, 6, 7]",8,10,-1
1193,0,0,0,none,"[0, 1, 2, 3, 4, 5, 6, 7]",8,8,-1
1194,0,0,0,none,"[0, 1, 2, 3, 5, 6, 7]",7,7,-1
1195,2,0,1,mandatory_skip,"[0, 1, 2, 3, 4, 5, 7]",7,7,-1
1196,1,1,0,none,"[0, 1, 2, 3, 4, 5, 6, 7]",8,8,3
1197,0,0,0,none,"[0, 1, 2, 3, 4, 5, 6, 7]",8,8,-1
1198,0,0,0,none,"[0, 1, 2, 3, 4, 5, 6, 7]",8,8,-1
1199,2,0,1,mandatory_skip,"[0, 1, 2, 3, 5, 6, 7]",7,8,-1
1200,0,0,0,none,"[0, 1, 2, 3, 4, 5, 6, 7]",8,7,-1
1201,0,0,0,none,"[0, 1, 2, 3, 4, 5, 6, 7]",8,9,-1
1202,0,0,0,none,"[0, 1, 2, 3, 4, 5, 6, 7]",8,8,-1
1203,1,1,0,none,"[0, 1, 2, 3, 4, 5, 6, 7]",8,6,-1
1204,2,0,1,excess_dwell,"[0, 1, 2, 2, 2, 2, 3, 4, 5, 6, 7]",11,12,-1
1205,0,0,0,none,"[0, 1, 2, 3, 4, 5, 6, 7]",8,8,-1
1206,1,1,0,none,"[0, 1, 2, 3, 4, 5, 6, 7]",8,7,-1
1207,0,0,0,none,"[0, 1, 2, 3, 4, 5, 6, 7]",8,8,-1
1208,0,0,0,none,"[0, 1, 2, 3, 4, 5, 6, 7]",8,7,-1
1209,0,0,0,none,"[0, 1, 2, 3, 4, 5, 6, 7]",8,8,-1
1210,0,0,0,none,"[0, 1, 3, 4, 5, 6, 7]",7,6,-1
1211,2,0,1,excess_dwell,"[0, 1, 2, 3, 3, 3, 3, 4, 5, 6, 7]",11,10,-1
1212,1,1,0,none,"[0, 1, 2, 3, 4, 5, 6, 7]",8,7,-1
1213,1,1,0,none,"[0, 1, 2, 3, 4, 5, 6, 7]",8,7,-1
1214,2,0,1,mandatory_skip,"[0, 1, 2, 3, 4, 5, 7]",7,7,6
1215,2,0,1,excess_dwell,"[0, 1, 2, 2, 2, 2, 3, 4, 5, 6, 7]",11,11,-1
1216,0,0,0,none,"[0, 1, 2, 3, 4, 5, 6, 7]",8,8,-1
1217,0,0,0,none,"[0, 1, 2, 3, 4, 5, 6, 7]",8,7,-1
1218,2,0,1,unauthorized_jump,"[0, 1, 2, 6, 7]",5,8,-1
1219,0,0,0,none,"[0, 1, 2, 3, 4, 5, 6, 7]",8,8,-1
1220,1,1,0,none,"[0, 1, 2, 3, 4, 5, 6, 7]",8,2,6
1221,1,1,0,none,"[0, 1, 2, 3, 4, 5, 6, 7]",8,10,-1
1222,2,0,1,mandatory_skip,"[0, 1, 2, 3, 4, 5, 7]",7,7,-1
1223,0,0,0,none,"[0, 1, 2, 3, 4, 5, 6, 7]",8,9,-1
1224,0,0,0,none,"[0, 1, 2, 3, 4, 5, 6, 7]",8,9,-1
1225,1,1,0,none,"[0, 1, 2, 3, 5, 6, 7]",7,7,-1
1226,1,1,0,none,"[0, 1, 2, 3, 4, 5, 6, 7]",8,5,7
1227,0,0,0,none,"[0, 1, 2, 3, 4, 5, 6, 7]",8,8,-1
1228,0,0,0,none,"[0, 1, 2, 3, 5, 6, 7]",7,8,-1
1229,2,0,1,unauthorized_jump,"[0, 1, 2, 3, 6, 7]",6,7,-1
1230,0,0,0,none,"[0, 1, 2, 3, 4, 5, 6, 7]",8,8,-1
1231,1,1,0,none,"[0, 1, 3, 4, 5, 6, 7]",7,9,-1
1232,0,0,0,none,"[0, 1, 3, 4, 5, 6, 7]",7,7,-1
1233,1,1,0,none,"[0, 1, 3, 4, 5, 6, 7]",7,7,-1
1234,0,0,0,none,"[0, 1, 3, 4, 5, 6, 7]",7,6,3
1235,1,1,0,none,"[0, 1, 2, 3, 4, 5, 6, 7]",8,8,-1
1236,2,0,1,mandatory_skip,"[0, 1, 2, 3, 5, 6, 7]",7,9,-1
1237,0,0,0,none,"[0, 1, 2, 3, 4, 5, 6, 7]",8,9,-1
1238,1,1,0,none,"[0, 1, 2, 3, 4, 5, 6, 7]",8,6,-1
1239,2,0,1,excess_dwell,"[0, 1, 2, 3, 4, 5, 5, 5, 5, 6, 7]",11,10,-1
1240,0,0,0,none,"[0, 1, 2, 3, 4, 5, 6, 7]",8,9,-1
1241,0,0,0,none,"[0, 1, 2, 3, 4, 5, 6, 7]",8,9,-1
1242,0,0,0,none,"[0, 1, 3, 4, 5, 6, 7]",7,6,-1
1243,2,0,1,mandatory_skip,"[0, 1, 2, 3, 4, 5, 7]",7,8,-1
1244,1,1,0,none,"[0, 1, 2, 3, 4, 5, 6, 7]",8,9,-1
1245,1,1,0,none,"[0, 1, 2, 3, 4, 5, 6, 7]",8,9,-1
1246,0,0,0,none,"[0, 1, 2, 3, 4, 5, 6, 7]",8,7,-1
1247,2,0,1,excess_dwell,"[0, 1, 2, 2, 2, 2, 3, 4, 5, 6, 7]",11,11,-1
1248,0,0,0,none,"[0, 1, 2, 3, 4, 5, 6, 7]",8,7,-1
1249,2,0,1,excess_dwell,"[0, 1, 2, 3, 4, 4, 4, 4, 5, 6, 7]",11,11,-1
1250,1,1,0,none,"[0, 1, 2, 3, 4, 5, 6, 7]",8,4,7
1251,0,0,0,none,"[0, 1, 2, 3, 4, 5, 6, 7]",8,8,-1
1252,0,0,0,none,"[0, 1, 2, 3, 4, 5, 6, 7]",8,8,-1
1253,2,0,1,mandatory_skip,"[0, 1, 3, 4, 5, 6, 7]",7,7,-1
1254,0,0,0,none,"[0, 1, 2, 3, 4, 5, 6, 7]",8,7,-1
1255,2,0,1,reverse,"[0, 1, 2, 1, 3, 4, 5, 6, 7]",9,8,-1
1256,0,0,0,none,"[0, 1, 2, 3, 4, 5, 6, 7]",8,9,-1
1257,2,0,1,unauthorized_jump,"[0, 1, 2, 6, 7]",5,5,-1
1258,0,0,0,none,"[0, 1, 2, 3, 5, 6, 7]",7,9,-1
1259,0,0,0,none,"[0, 1, 3, 4, 5, 6, 7]",7,6,-1
1260,0,0,0,none,"[0, 1, 2, 3, 4, 5, 6, 7]",8,8,-1
1261,2,0,1,unauthorized_jump,"[0, 1, 4, 5, 6, 7]",6,5,-1
1262,0,0,0,none,"[0, 1, 2, 3, 4, 5, 6, 7]",8,8,-1
1263,2,0,1,excess_dwell,"[0, 1, 2, 3, 4, 4, 4, 4, 5, 6, 7]",11,11,-1
1264,0,0,0,none,"[0, 1, 2, 3, 5, 6, 7]",7,7,-1
1265,0,0,0,none,"[0, 1, 2, 3, 4, 5, 6, 7]",8,7,-1
1266,2,0,1,mandatory_skip,"[0, 1, 2, 3, 5, 6, 7]",7,7,-1
1267,0,0,0,none,"[0, 1, 3, 4, 5, 6, 7]",7,6,-1
1268,0,0,0,none,"[0, 1, 2, 3, 5, 6, 7]",7,7,-1
1269,2,0,1,unauthorized_jump,"[0, 1, 2, 6, 7]",5,5,-1
1270,1,1,0,none,"[0, 1, 2, 3, 5, 6, 7]",7,7,-1
1271,0,0,0,none,"[0, 1, 2, 3, 4, 5, 6, 7]",8,8,-1
1272,2,0,1,reverse,"[0, 1, 2, 3, 4, 5, 4, 6, 7]",9,10,-1
1273,2,0,1,excess_dwell,"[0, 1, 2, 2, 2, 2, 3, 4, 5, 6, 7]",11,9,-1
1274,2,0,1,mandatory_skip,"[0, 1, 2, 3, 4, 5, 7]",7,10,-1
1275,0,0,0,none,"[0, 1, 2, 3, 4, 5, 6, 7]",8,9,-1
1276,1,1,0,none,"[0, 1, 2, 3, 4, 5, 6, 7]",8,9,-1
1277,0,0,0,none,"[0, 1, 2, 3, 4, 5, 6, 7]",8,9,-1
1278,2,0,1,mandatory_skip,"[0, 1, 3, 4, 5, 6, 7]",7,6,-1
1279,1,1,0,none,"[0, 1, 2, 3, 5, 6, 7]",7,5,-1
1280,2,0,1,unauthorized_jump,"[0, 1, 2, 3, 6, 7]",6,5,-1
1281,0,0,0,none,"[0, 1, 2, 3, 4, 5, 6, 7]",8,10,-1
1282,0,0,0,none,"[0, 1, 2, 3, 5, 6, 7]",7,6,-1
1283,1,1,0,none,"[0, 1, 2, 3, 4, 5, 6, 7]",8,6,-1
1284,0,0,0,none,"[0, 1, 2, 3, 5, 6, 7]",7,7,-1
1285,0,0,0,none,"[0, 1, 3, 4, 5, 6, 7]",7,6,-1
1286,1,1,0,none,"[0, 1, 3, 4, 5, 6, 7]",7,6,-1
1287,1,1,0,none,"[0, 1, 2, 3, 4, 5, 6, 7]",8,5,-1
1288,2,0,1,excess_dwell,"[0, 1, 2, 3, 4, 5, 5, 5, 5, 6, 7]",11,12,-1
1289,0,0,0,none,"[0, 1, 2, 3, 4, 5, 6, 7]",8,5,-1
1290,2,0,1,mandatory_skip,"[0, 1, 2, 3, 4, 5, 7]",7,7,-1
1291,2,0,1,unauthorized_jump,"[0, 1, 5, 6, 7]",5,6,-1
1292,0,0,0,none,"[0, 1, 3, 4, 5, 6, 7]",7,5,-1
1293,0,0,0,none,"[0, 1, 3, 4, 5, 6, 7]",7,6,-1
1294,1,1,0,none,"[0, 1, 2, 3, 4, 5, 6, 7]",8,5,-1
1295,0,0,0,none,"[0, 1, 2, 3, 4, 5, 6, 7]",8,8,-1
1296,1,1,0,none,"[0, 1, 3, 4, 5, 6, 7]",7,7,-1
1297,0,0,0,none,"[0, 1, 2, 3, 4, 5, 6, 7]",8,8,-1
1298,0,0,0,none,"[0, 1, 2, 3, 4, 5, 6, 7]",8,7,-1
1299,2,0,1,excess_dwell,"[0, 1, 2, 3, 4, 4, 4, 4, 5, 6, 7]",11,11,-1
1300,2,0,1,reverse,"[0, 1, 2, 3, 4, 3, 5, 6, 7]",9,9,-1
1301,1,1,0,none,"[0, 1, 3, 4, 5, 6, 7]",7,5,5
1302,1,1,0,none,"[0, 1, 2, 3, 4, 5, 6, 7]",8,8,-1
1303,1,1,0,none,"[0, 1, 2, 3, 4, 5, 6, 7]",8,9,3
1304,0,0,0,none,"[0, 1, 2, 3, 4, 5, 6, 7]",8,8,-1
1305,2,0,1,unauthorized_jump,"[0, 1, 2, 6, 7]",5,6,-1
1306,1,1,0,none,"[0, 1, 2, 3, 4, 5, 6, 7]",8,9,-1
1307,1,1,0,none,"[0, 1, 2, 3, 4, 5, 6, 7]",8,10,-1
1308,0,0,0,none,"[0, 1, 2, 3, 4, 5, 6, 7]",8,6,-1
1309,0,0,0,none,"[0, 1, 2, 3, 4, 5, 6, 7]",8,8,-1
1310,2,0,1,excess_dwell,"[0, 1, 2, 3, 4, 5, 5, 5, 5, 6, 7]",11,12,-1
1311,1,1,0,none,"[0, 1, 2, 3, 4, 5, 6, 7]",8,8,-1
1312,1,1,0,none,"[0, 1, 2, 3, 4, 5, 6, 7]",8,9,-1
1313,1,1,0,none,"[0, 1, 2, 3, 4, 5, 6, 7]",8,6,4
1314,0,0,0,none,"[0, 1, 2, 3, 4, 5, 6, 7]",8,10,-1
1315,2,0,1,reverse,"[0, 1, 2, 3, 4, 3, 5, 6, 7]",9,9,-1
1316,2,0,1,unauthorized_jump,"[0, 1, 5, 6, 7]",5,6,-1
1317,1,1,0,none,"[0, 1, 2, 3, 4, 5, 6, 7]",8,6,-1
1318,2,0,1,reverse,"[0, 1, 2, 3, 4, 3, 5, 6, 7]",9,10,-1
1319,2,0,1,mandatory_skip,"[0, 1, 2, 3, 5, 6, 7]",7,9,-1
1320,2,0,1,mandatory_skip,"[0, 1, 2, 3, 4, 5, 7]",7,7,-1
1321,0,0,0,none,"[0, 1, 3, 4, 5, 6, 7]",7,6,-1
1322,0,0,0,none,"[0, 1, 2, 3, 5, 6, 7]",7,7,-1
1323,1,1,0,none,"[0, 1, 3, 4, 5, 6, 7]",7,7,-1
1324,2,0,1,reverse,"[0, 1, 2, 3, 4, 3, 5, 6, 7]",9,10,-1
1325,0,0,0,none,"[0, 1, 2, 3, 4, 5, 6, 7]",8,9,-1
1326,1,1,0,none,"[0, 1, 2, 3, 4, 5, 6, 7]",8,9,-1
1327,0,0,0,none,"[0, 1, 2, 3, 4, 5, 6, 7]",8,7,-1
1328,1,1,0,none,"[0, 1, 2, 3, 4, 5, 6, 7]",8,11,-1
1329,2,0,1,unauthorized_jump,"[0, 1, 2, 3, 6, 7]",6,6,-1
1330,0,0,0,none,"[0, 1, 2, 3, 4, 5, 6, 7]",8,8,-1
1331,2,0,1,mandatory_skip,"[0, 1, 3, 4, 5, 6, 7]",7,6,-1
1332,2,0,1,mandatory_skip,"[0, 1, 2, 3, 4, 5, 7]",7,8,-1
1333,0,0,0,none,"[0, 1, 2, 3, 4, 5, 6, 7]",8,8,-1
1334,1,1,0,none,"[0, 1, 2, 3, 4, 5, 6, 7]",8,8,-1
1335,0,0,0,none,"[0, 1, 2, 3, 4, 5, 6, 7]",8,7,-1
1336,1,1,0,none,"[0, 1, 2, 3, 5, 6, 7]",7,8,-1
1337,0,0,0,none,"[0, 1, 2, 3, 4, 5, 6, 7]",8,9,-1
1338,1,1,0,none,"[0, 1, 2, 3, 4, 5, 6, 7]",8,8,-1
1339,0,0,0,none,"[0, 1, 2, 3, 4, 5, 6, 7]",8,7,-1
1340,0,0,0,none,"[0, 1, 2, 3, 4, 5, 6, 7]",8,9,-1
1341,2,0,1,unauthorized_jump,"[0, 1, 2, 6, 7]",5,5,-1
1342,2,0,1,mandatory_skip,"[0, 1, 2, 3, 5, 6, 7]",7,7,-1
1343,2,0,1,reverse,"[0, 1, 2, 1, 3, 4, 5, 6, 7]",9,8,-1
1344,2,0,1,excess_dwell,"[0, 1, 2, 3, 4, 4, 4, 4, 5, 6, 7]",11,11,-1
1345,1,1,0,none,"[0, 1, 2, 3, 4, 5, 6, 7]",8,7,-1
1346,0,0,0,none,"[0, 1, 2, 3, 4, 5, 6, 7]",8,9,-1
1347,0,0,0,none,"[0, 1, 2, 3, 4, 5, 6, 7]",8,9,-1
1348,1,1,0,none,"[0, 1, 2, 3, 4, 5, 6, 7]",8,7,2
1349,1,1,0,none,"[0, 1, 2, 3, 4, 5, 6, 7]",8,7,6
1350,1,1,0,none,"[0, 1, 2, 3, 4, 5, 6, 7]",8,5,-1
1351,1,1,0,none,"[0, 1, 2, 3, 4, 5, 6, 7]",8,5,-1
1352,2,0,1,reverse,"[0, 1, 2, 3, 4, 3, 5, 6, 7]",9,9,-1
1353,0,0,0,none,"[0, 1, 3, 4, 5, 6, 7]",7,7,-1
1354,0,0,0,none,"[0, 1, 2, 3, 4, 5, 6, 7]",8,7,-1
1355,1,1,0,none,"[0, 1, 2, 3, 4, 5, 6, 7]",8,7,3
1356,0,0,0,none,"[0, 1, 2, 3, 4, 5, 6, 7]",8,7,-1
1357,0,0,0,none,"[0, 1, 2, 3, 4, 5, 6, 7]",8,7,-1
1358,1,1,0,none,"[0, 1, 2, 3, 4, 5, 6, 7]",8,6,-1
1359,1,1,0,none,"[0, 1, 3, 4, 5, 6, 7]",7,6,6
1360,1,1,0,none,"[0, 1, 2, 3, 4, 5, 6, 7]",8,9,-1
1361,1,1,0,none,"[0, 1, 2, 3, 4, 5, 6, 7]",8,9,0
1362,1,1,0,none,"[0, 1, 2, 3, 5, 6, 7]",7,5,-1
1363,0,0,0,none,"[0, 1, 2, 3, 4, 5, 6, 7]",8,7,-1
1364,2,0,1,unauthorized_jump,"[0, 1, 2, 6, 7]",5,6,-1
1365,1,1,0,none,"[0, 1, 2, 3, 4, 5, 6, 7]",8,6,-1
1366,0,0,0,none,"[0, 1, 2, 3, 4, 5, 6, 7]",8,9,-1
1367,2,0,1,excess_dwell,"[0, 1, 2, 3, 4, 5, 5, 5, 5, 6, 7]",11,11,-1
1368,1,1,0,none,"[0, 1, 2, 3, 4, 5, 6, 7]",8,8,-1
1369,1,1,0,none,"[0, 1, 2, 3, 4, 5, 6, 7]",8,5,-1
1370,1,1,0,none,"[0, 1, 2, 3, 4, 5, 6, 7]",8,6,-1
1371,1,1,0,none,"[0, 1, 2, 3, 4, 5, 6, 7]",8,8,1
1372,2,0,1,unauthorized_jump,"[0, 1, 2, 3, 7]",5,5,-1
1373,0,0,0,none,"[0, 1, 2, 3, 4, 5, 6, 7]",8,7,-1
1374,0,0,0,none,"[0, 1, 2, 3, 4, 5, 6, 7]",8,9,-1
1375,1,1,0,none,"[0, 1, 2, 3, 4, 5, 6, 7]",8,7,-1
1376,0,0,0,none,"[0, 1, 3, 4, 5, 6, 7]",7,6,-1
1377,0,0,0,none,"[0, 1, 2, 3, 4, 5, 6, 7]",8,7,-1
1378,2,0,1,reverse,"[0, 1, 2, 3, 4, 3, 5, 6, 7]",9,7,-1
1379,0,0,0,none,"[0, 1, 2, 3, 4, 5, 6, 7]",8,9,-1
1380,2,0,1,unauthorized_jump,"[0, 1, 4, 5, 6, 7]",6,5,-1
1381,1,1,0,none,"[0, 1, 2, 3, 4, 5, 6, 7]",8,9,-1
1382,1,1,0,none,"[0, 1, 2, 3, 4, 5, 6, 7]",8,5,-1
1383,1,1,0,none,"[0, 1, 2, 3, 4, 5, 6, 7]",8,5,-1
1384,2,0,1,excess_dwell,"[0, 1, 2, 3, 3, 3, 3, 4, 5, 6, 7]",11,12,-1
1385,0,0,0,none,"[0, 1, 2, 3, 4, 5, 6, 7]",8,8,-1
1386,1,1,0,none,"[0, 1, 2, 3, 5, 6, 7]",7,6,-1
1387,0,0,0,none,"[0, 1, 2, 3, 4, 5, 6, 7]",8,8,-1
1388,0,0,0,none,"[0, 1, 2, 3, 5, 6, 7]",7,7,-1
1389,1,1,0,none,"[0, 1, 2, 3, 4, 5, 6, 7]",8,4,7
1390,1,1,0,none,"[0, 1, 2, 3, 4, 5, 6, 7]",8,8,-1
1391,0,0,0,none,"[0, 1, 3, 4, 5, 6, 7]",7,7,-1
1392,0,0,0,none,"[0, 1, 2, 3, 4, 5, 6, 7]",8,8,-1
1393,0,0,0,none,"[0, 1, 3, 4, 5, 6, 7]",7,6,5
1394,1,1,0,none,"[0, 1, 3, 4, 5, 6, 7]",7,2,-1
1395,2,0,1,excess_dwell,"[0, 1, 2, 3, 4, 5, 5, 5, 5, 6, 7]",11,12,-1
1396,1,1,0,none,"[0, 1, 2, 3, 4, 5, 6, 7]",8,6,-1
1397,0,0,0,none,"[0, 1, 2, 3, 4, 5, 6, 7]",8,8,-1
1398,2,0,1,mandatory_skip,"[0, 1, 3, 4, 5, 6, 7]",7,9,-1
1399,2,0,1,reverse,"[0, 1, 2, 3, 2, 4, 5, 6, 7]",9,10,-1
1400,2,0,1,reverse,"[0, 1, 2, 3, 4, 5, 4, 6, 7]",9,8,-1
1401,2,0,1,mandatory_skip,"[0, 1, 3, 4, 5, 6, 7]",7,9,-1
1402,1,1,0,none,"[0, 1, 2, 3, 4, 5, 6, 7]",8,5,-1
1403,0,0,0,none,"[0, 1, 2, 3, 4, 5, 6, 7]",8,7,-1
1404,1,1,0,none,"[0, 1, 3, 4, 5, 6, 7]",7,7,-1
1405,0,0,0,none,"[0, 1, 2, 3, 4, 5, 6, 7]",8,7,-1
1406,0,0,0,none,"[0, 1, 2, 3, 4, 5, 6, 7]",8,8,-1
1407,2,0,1,reverse,"[0, 1, 2, 3, 4, 5, 4, 6, 7]",9,9,-1
1408,0,0,0,none,"[0, 1, 2, 3, 4, 5, 6, 7]",8,8,-1
1409,0,0,0,none,"[0, 1, 2, 3, 4, 5, 6, 7]",8,8,-1
1410,2,0,1,excess_dwell,"[0, 1, 2, 3, 3, 3, 3, 4, 5, 6, 7]",11,11,-1
1411,0,0,0,none,"[0, 1, 2, 3, 4, 5, 6, 7]",8,6,-1
1412,2,0,1,reverse,"[0, 1, 2, 3, 2, 4, 5, 6, 7]",9,6,-1
1413,0,0,0,none,"[0, 1, 2, 3, 4, 5, 6, 7]",8,6,-1
1414,2,0,1,excess_dwell,"[0, 1, 2, 3, 3, 3, 3, 4, 5, 6, 7]",11,11,-1
1415,0,0,0,none,"[0, 1, 2, 3, 4, 5, 6, 7]",8,8,-1
1416,1,1,0,none,"[0, 1, 2, 3, 4, 5, 6, 7]",8,7,-1
1417,0,0,0,none,"[0, 1, 2, 3, 5, 6, 7]",7,6,-1
1418,1,1,0,none,"[0, 1, 2, 3, 4, 5, 6, 7]",8,7,-1
1419,2,0,1,excess_dwell,"[0, 1, 2, 3, 4, 4, 4, 4, 5, 6, 7]",11,11,-1
1420,0,0,0,none,"[0, 1, 3, 4, 5, 6, 7]",7,6,-1
1421,0,0,0,none,"[0, 1, 2, 3, 4, 5, 6, 7]",8,7,-1
1422,0,0,0,none,"[0, 1, 2, 3, 4, 5, 6, 7]",8,9,-1
1423,2,0,1,reverse,"[0, 1, 2, 1, 3, 4, 5, 6, 7]",9,7,-1
1424,2,0,1,reverse,"[0, 1, 2, 3, 4, 5, 4, 6, 7]",9,8,-1
1425,0,0,0,none,"[0, 1, 3, 4, 5, 6, 7]",7,8,-1
1426,0,0,0,none,"[0, 1, 2, 3, 5, 6, 7]",7,8,-1
1427,1,1,0,none,"[0, 1, 2, 3, 4, 5, 6, 7]",8,5,-1
1428,0,0,0,none,"[0, 1, 2, 3, 4, 5, 6, 7]",8,7,-1
1429,2,0,1,excess_dwell,"[0, 1, 2, 2, 2, 2, 3, 4, 5, 6, 7]",11,10,-1
1430,1,1,0,none,"[0, 1, 2, 3, 4, 5, 6, 7]",8,4,2
1431,0,0,0,none,"[0, 1, 2, 3, 4, 5, 6, 7]",8,9,-1
1432,2,0,1,unauthorized_jump,"[0, 1, 2, 6, 7]",5,6,-1
1433,2,0,1,unauthorized_jump,"[0, 1, 2, 5, 6, 7]",6,6,-1
1434,0,0,0,none,"[0, 1, 2, 3, 4, 5, 6, 7]",8,9,-1
1435,0,0,0,none,"[0, 1, 2, 3, 4, 5, 6, 7]",8,8,-1
1436,0,0,0,none,"[0, 1, 2, 3, 4, 5, 6, 7]",8,7,-1
1437,1,1,0,none,"[0, 1, 2, 3, 4, 5, 6, 7]",8,8,-1
1438,0,0,0,none,"[0, 1, 2, 3, 4, 5, 6, 7]",8,8,-1
1439,0,0,0,none,"[0, 1, 3, 4, 5, 6, 7]",7,9,-1
1440,2,0,1,unauthorized_jump,"[0, 1, 5, 6, 7]",5,5,-1
1441,0,0,0,none,"[0, 1, 2, 3, 4, 5, 6, 7]",8,8,-1
1442,0,0,0,none,"[0, 1, 2, 3, 4, 5, 6, 7]",8,8,-1
1443,2,0,1,unauthorized_jump,"[0, 1, 5, 6, 7]",5,5,-1
1444,0,0,0,none,"[0, 1, 2, 3, 4, 5, 6, 7]",8,8,-1
1445,0,0,0,none,"[0, 1, 2, 3, 5, 6, 7]",7,7,-1
1446,0,0,0,none,"[0, 1, 2, 3, 4, 5, 6, 7]",8,8,-1
1447,2,0,1,mandatory_skip,"[0, 1, 2, 3, 4, 5, 7]",7,7,-1
1448,0,0,0,none,"[0, 1, 2, 3, 5, 6, 7]",7,7,-1
1449,2,0,1,mandatory_skip,"[0, 1, 2, 3, 4, 5, 7]",7,7,-1
1450,0,0,0,none,"[0, 1, 2, 3, 5, 6, 7]",7,9,-1
1451,0,0,0,none,"[0, 1, 2, 3, 5, 6, 7]",7,6,-1
1452,2,0,1,reverse,"[0, 1, 2, 3, 2, 4, 5, 6, 7]",9,10,-1
1453,0,0,0,none,"[0, 1, 3, 4, 5, 6, 7]",7,7,-1
1454,1,1,0,none,"[0, 1, 2, 3, 4, 5, 6, 7]",8,8,-1
1455,2,0,1,mandatory_skip,"[0, 1, 3, 4, 5, 6, 7]",7,6,-1
1456,0,0,0,none,"[0, 1, 2, 3, 4, 5, 6, 7]",8,7,-1
1457,0,0,0,none,"[0, 1, 2, 3, 4, 5, 6, 7]",8,10,-1
1458,2,0,1,reverse,"[0, 1, 2, 3, 2, 4, 5, 6, 7]",9,8,-1
1459,0,0,0,none,"[0, 1, 2, 3, 4, 5, 6, 7]",8,7,-1
1460,2,0,1,mandatory_skip,"[0, 1, 2, 3, 4, 5, 7]",7,7,-1
1461,0,0,0,none,"[0, 1, 3, 4, 5, 6, 7]",7,8,-1
1462,0,0,0,none,"[0, 1, 3, 4, 5, 6, 7]",7,9,-1
1463,0,0,0,none,"[0, 1, 2, 3, 4, 5, 6, 7]",8,7,-1
1464,2,0,1,mandatory_skip,"[0, 1, 3, 4, 5, 6, 7]",7,7,-1
1465,0,0,0,none,"[0, 1, 2, 3, 4, 5, 6, 7]",8,10,-1
1466,1,1,0,none,"[0, 1, 2, 3, 5, 6, 7]",7,7,-1
1467,2,0,1,reverse,"[0, 1, 2, 3, 4, 3, 5, 6, 7]",9,11,-1
1468,1,1,0,none,"[0, 1, 2, 3, 4, 5, 6, 7]",8,8,-1
1469,1,1,0,none,"[0, 1, 2, 3, 4, 5, 6, 7]",8,6,3
1470,0,0,0,none,"[0, 1, 2, 3, 4, 5, 6, 7]",8,9,-1
1471,2,0,1,unauthorized_jump,"[0, 1, 2, 6, 7]",5,4,-1
1472,2,0,1,reverse,"[0, 1, 2, 3, 4, 5, 4, 6, 7]",9,9,-1
1473,0,0,0,none,"[0, 1, 2, 3, 4, 5, 6, 7]",8,7,-1
1474,1,1,0,none,"[0, 1, 2, 3, 4, 5, 6, 7]",8,6,-1
1475,2,0,1,unauthorized_jump,"[0, 1, 5, 6, 7]",5,5,-1
1476,0,0,0,none,"[0, 1, 2, 3, 4, 5, 6, 7]",8,10,-1
1477,0,0,0,none,"[0, 1, 2, 3, 4, 5, 6, 7]",8,9,-1
1478,2,0,1,excess_dwell,"[0, 1, 2, 3, 4, 4, 4, 4, 5, 6, 7]",11,10,-1
1479,1,1,0,none,"[0, 1, 2, 3, 4, 5, 6, 7]",8,5,7
1480,0,0,0,none,"[0, 1, 2, 3, 5, 6, 7]",7,7,-1
1481,1,1,0,none,"[0, 1, 2, 3, 4, 5, 6, 7]",8,10,5
1482,1,1,0,none,"[0, 1, 2, 3, 4, 5, 6, 7]",8,9,-1
1483,1,1,0,none,"[0, 1, 2, 3, 4, 5, 6, 7]",8,8,-1
1484,0,0,0,none,"[0, 1, 2, 3, 4, 5, 6, 7]",8,7,-1
1485,2,0,1,reverse,"[0, 1, 2, 3, 4, 5, 4, 6, 7]",9,9,-1
1486,0,0,0,none,"[0, 1, 2, 3, 4, 5, 6, 7]",8,7,-1
1487,2,0,1,reverse,"[0, 1, 2, 3, 2, 4, 5, 6, 7]",9,8,-1
1488,1,1,0,none,"[0, 1, 2, 3, 4, 5, 6, 7]",8,7,-1
1489,0,0,0,none,"[0, 1, 2, 3, 4, 5, 6, 7]",8,7,-1
1490,1,1,0,none,"[0, 1, 2, 3, 4, 5, 6, 7]",8,7,-1
1491,0,0,0,none,"[0, 1, 2, 3, 4, 5, 6, 7]",8,7,-1
1492,2,0,1,mandatory_skip,"[0, 1, 3, 4, 5, 6, 7]",7,5,-1
1493,1,1,0,none,"[0, 1, 2, 3, 5, 6, 7]",7,7,-1
1494,1,1,0,none,"[0, 1, 2, 3, 4, 5, 6, 7]",8,9,-1
1495,0,0,0,none,"[0, 1, 3, 4, 5, 6, 7]",7,7,-1
1496,1,1,0,none,"[0, 1, 2, 3, 4, 5, 6, 7]",8,5,5
1497,0,0,0,none,"[0, 1, 2, 3, 5, 6, 7]",7,6,-1
1498,1,1,0,none,"[0, 1, 2, 3, 4, 5, 6, 7]",8,7,4
1499,2,0,1,excess_dwell,"[0, 1, 2, 3, 4, 5, 5, 5, 5, 6, 7]",11,12,-1
1500,0,0,0,none,"[0, 1, 2, 3, 4, 5, 6, 7]",8,9,-1
1501,1,1,0,none,"[0, 1, 2, 3, 4, 5, 6, 7]",8,8,-1
1502,0,0,0,none,"[0, 1, 2, 3, 5, 6, 7]",7,7,-1
1503,1,1,0,none,"[0, 1, 3, 4, 5, 6, 7]",7,1,-1
1504,0,0,0,none,"[0, 1, 2, 3, 4, 5, 6, 7]",8,8,-1
1505,0,0,0,none,"[0, 1, 2, 3, 4, 5, 6, 7]",8,6,-1
1506,1,1,0,none,"[0, 1, 2, 3, 4, 5, 6, 7]",8,6,-1
1507,0,0,0,none,"[0, 1, 2, 3, 4, 5, 6, 7]",8,7,-1
1508,0,0,0,none,"[0, 1, 2, 3, 4, 5, 6, 7]",8,9,-1
1509,1,1,0,none,"[0, 1, 2, 3, 4, 5, 6, 7]",8,6,-1
1510,1,1,0,none,"[0, 1, 2, 3, 4, 5, 6, 7]",8,8,-1
1511,0,0,0,none,"[0, 1, 2, 3, 4, 5, 6, 7]",8,11,-1
1512,0,0,0,none,"[0, 1, 2, 3, 4, 5, 6, 7]",8,6,-1
1513,2,0,1,unauthorized_jump,"[0, 1, 4, 5, 6, 7]",6,5,-1
1514,2,0,1,reverse,"[0, 1, 2, 3, 4, 3, 5, 6, 7]",9,8,-1
1515,1,1,0,none,"[0, 1, 2, 3, 4, 5, 6, 7]",8,9,3
1516,0,0,0,none,"[0, 1, 2, 3, 4, 5, 6, 7]",8,8,-1
1517,2,0,1,unauthorized_jump,"[0, 1, 2, 3, 7]",5,5,-1
1518,1,1,0,none,"[0, 1, 2, 3, 4, 5, 6, 7]",8,8,-1
1519,0,0,0,none,"[0, 1, 2, 3, 4, 5, 6, 7]",8,10,-1
1520,0,0,0,none,"[0, 1, 2, 3, 5, 6, 7]",7,7,-1
1521,0,0,0,none,"[0, 1, 2, 3, 4, 5, 6, 7]",8,7,6
1522,0,0,0,none,"[0, 1, 2, 3, 4, 5, 6, 7]",8,8,-1
1523,1,1,0,none,"[0, 1, 2, 3, 4, 5, 6, 7]",8,6,-1
1524,0,0,0,none,"[0, 1, 2, 3, 5, 6, 7]",7,6,-1
1525,2,0,1,mandatory_skip,"[0, 1, 3, 4, 5, 6, 7]",7,7,-1
1526,2,0,1,reverse,"[0, 1, 2, 3, 4, 3, 5, 6, 7]",9,7,-1
1527,0,0,0,none,"[0, 1, 2, 3, 4, 5, 6, 7]",8,8,-1
1528,1,1,0,none,"[0, 1, 2, 3, 4, 5, 6, 7]",8,8,-1
1529,2,0,1,unauthorized_jump,"[0, 1, 2, 6, 7]",5,6,-1
1530,2,0,1,mandatory_skip,"[0, 1, 2, 3, 5, 6, 7]",7,7,-1
1531,0,0,0,none,"[0, 1, 2, 3, 4, 5, 6, 7]",8,8,-1
1532,0,0,0,none,"[0, 1, 2, 3, 4, 5, 6, 7]",8,9,-1
1533,0,0,0,none,"[0, 1, 2, 3, 4, 5, 6, 7]",8,8,-1
1534,0,0,0,none,"[0, 1, 2, 3, 4, 5, 6, 7]",8,8,-1
1535,0,0,0,none,"[0, 1, 2, 3, 4, 5, 6, 7]",8,8,-1
1536,0,0,0,none,"[0, 1, 2, 3, 4, 5, 6, 7]",8,9,-1
1537,0,0,0,none,"[0, 1, 3, 4, 5, 6, 7]",7,8,-1
1538,0,0,0,none,"[0, 1, 2, 3, 4, 5, 6, 7]",8,8,-1
1539,0,0,0,none,"[0, 1, 2, 3, 4, 5, 6, 7]",8,8,-1
1540,2,0,1,unauthorized_jump,"[0, 1, 2, 3, 7]",5,5,-1
1541,0,0,0,none,"[0, 1, 2, 3, 4, 5, 6, 7]",8,7,-1
1542,2,0,1,mandatory_skip,"[0, 1, 2, 3, 5, 6, 7]",7,7,-1
1543,0,0,0,none,"[0, 1, 2, 3, 4, 5, 6, 7]",8,8,-1
1544,0,0,0,none,"[0, 1, 2, 3, 4, 5, 6, 7]",8,8,-1
1545,2,0,1,unauthorized_jump,"[0, 1, 2, 6, 7]",5,5,-1
1546,0,0,0,none,"[0, 1, 2, 3, 4, 5, 6, 7]",8,8,-1
1547,2,0,1,excess_dwell,"[0, 1, 2, 3, 3, 3, 3, 4, 5, 6, 7]",11,11,-1
1548,1,1,0,none,"[0, 1, 2, 3, 4, 5, 6, 7]",8,6,-1
1549,0,0,0,none,"[0, 1, 2, 3, 4, 5, 6, 7]",8,8,-1
1550,2,0,1,reverse,"[0, 1, 2, 3, 4, 5, 4, 6, 7]",9,9,-1
1551,1,1,0,none,"[0, 1, 3, 4, 5, 6, 7]",7,6,-1
1552,2,0,1,unauthorized_jump,"[0, 1, 2, 3, 7]",5,4,-1
1553,1,1,0,none,"[0, 1, 2, 3, 4, 5, 6, 7]",8,5,3
1554,2,0,1,excess_dwell,"[0, 1, 2, 2, 2, 2, 3, 4, 5, 6, 7]",11,11,-1
1555,1,1,0,none,"[0, 1, 2, 3, 4, 5, 6, 7]",8,5,3
1556,0,0,0,none,"[0, 1, 2, 3, 4, 5, 6, 7]",8,8,-1
1557,2,0,1,reverse,"[0, 1, 2, 3, 4, 3, 5, 6, 7]",9,8,-1
1558,0,0,0,none,"[0, 1, 2, 3, 4, 5, 6, 7]",8,9,-1
1559,0,0,0,none,"[0, 1, 2, 3, 5, 6, 7]",7,7,-1
1560,0,0,0,none,"[0, 1, 2, 3, 4, 5, 6, 7]",8,7,-1
1561,1,1,0,none,"[0, 1, 2, 3, 4, 5, 6, 7]",8,9,2
1562,1,1,0,none,"[0, 1, 2, 3, 4, 5, 6, 7]",8,8,4
1563,0,0,0,none,"[0, 1, 2, 3, 4, 5, 6, 7]",8,8,-1
1564,1,1,0,none,"[0, 1, 3, 4, 5, 6, 7]",7,4,-1
1565,2,0,1,excess_dwell,"[0, 1, 2, 3, 4, 4, 4, 4, 5, 6, 7]",11,10,-1
1566,0,0,0,none,"[0, 1, 2, 3, 4, 5, 6, 7]",8,7,-1
1567,0,0,0,none,"[0, 1, 3, 4, 5, 6, 7]",7,6,-1
1568,0,0,0,none,"[0, 1, 2, 3, 4, 5, 6, 7]",8,7,-1
1569,0,0,0,none,"[0, 1, 2, 3, 4, 5, 6, 7]",8,8,-1
1570,2,0,1,mandatory_skip,"[0, 1, 2, 3, 5, 6, 7]",7,8,-1
1571,0,0,0,none,"[0, 1, 3, 4, 5, 6, 7]",7,9,-1
1572,0,0,0,none,"[0, 1, 3, 4, 5, 6, 7]",7,6,-1
1573,2,0,1,mandatory_skip,"[0, 1, 2, 3, 5, 6, 7]",7,7,-1
1574,0,0,0,none,"[0, 1, 2, 3, 5, 6, 7]",7,7,-1
1575,2,0,1,mandatory_skip,"[0, 1, 2, 3, 4, 5, 7]",7,7,-1
1576,1,1,0,none,"[0, 1, 2, 3, 4, 5, 6, 7]",8,7,0
1577,0,0,0,none,"[0, 1, 2, 3, 4, 5, 6, 7]",8,8,-1
1578,2,0,1,reverse,"[0, 1, 2, 1, 3, 4, 5, 6, 7]",9,12,-1
1579,0,0,0,none,"[0, 1, 2, 3, 4, 5, 6, 7]",8,8,-1
1580,1,1,0,none,"[0, 1, 2, 3, 4, 5, 6, 7]",8,6,-1
1581,2,0,1,unauthorized_jump,"[0, 1, 2, 3, 6, 7]",6,7,-1
1582,2,0,1,mandatory_skip,"[0, 1, 2, 3, 4, 5, 7]",7,8,-1
1583,2,0,1,excess_dwell,"[0, 1, 2, 3, 4, 5, 5, 5, 5, 6, 7]",11,10,-1
1584,0,0,0,none,"[0, 1, 2, 3, 4, 5, 6, 7]",8,9,-1
1585,1,1,0,none,"[0, 1, 2, 3, 4, 5, 6, 7]",8,6,6
1586,2,0,1,mandatory_skip,"[0, 1, 3, 4, 5, 6, 7]",7,9,-1
1587,2,0,1,reverse,"[0, 1, 2, 3, 4, 5, 4, 6, 7]",9,10,-1
1588,1,1,0,none,"[0, 1, 2, 3, 5, 6, 7]",7,6,-1
1589,0,0,0,none,"[0, 1, 2, 3, 4, 5, 6, 7]",8,5,-1
1590,0,0,0,none,"[0, 1, 2, 3, 4, 5, 6, 7]",8,6,-1
1591,2,0,1,unauthorized_jump,"[0, 1, 2, 6, 7]",5,5,-1
1592,0,0,0,none,"[0, 1, 3, 4, 5, 6, 7]",7,8,-1
1593,0,0,0,none,"[0, 1, 3, 4, 5, 6, 7]",7,6,-1
1594,0,0,0,none,"[0, 1, 2, 3, 4, 5, 6, 7]",8,7,-1
1595,2,0,1,excess_dwell,"[0, 1, 2, 3, 4, 4, 4, 4, 5, 6, 7]",11,9,-1
1596,0,0,0,none,"[0, 1, 2, 3, 4, 5, 6, 7]",8,8,-1
1597,1,1,0,none,"[0, 1, 2, 3, 4, 5, 6, 7]",8,5,-1
1598,2,0,1,mandatory_skip,"[0, 1, 2, 3, 5, 6, 7]",7,7,-1
1599,2,0,1,unauthorized_jump,"[0, 1, 5, 6, 7]",5,4,-1
1600,0,0,0,none,"[0, 1, 2, 3, 4, 5, 6, 7]",8,9,-1
1601,2,0,1,excess_dwell,"[0, 1, 2, 3, 4, 5, 5, 5, 5, 6, 7]",11,11,-1
1602,1,1,0,none,"[0, 1, 2, 3, 4, 5, 6, 7]",8,6,6
1603,2,0,1,unauthorized_jump,"[0, 1, 2, 6, 7]",5,5,-1
1604,1,1,0,none,"[0, 1, 2, 3, 4, 5, 6, 7]",8,10,-1
1605,1,1,0,none,"[0, 1, 2, 3, 4, 5, 6, 7]",8,8,-1
1606,0,0,0,none,"[0, 1, 2, 3, 4, 5, 6, 7]",8,8,-1
1607,0,0,0,none,"[0, 1, 2, 3, 4, 5, 6, 7]",8,8,-1
1608,2,0,1,reverse,"[0, 1, 2, 1, 3, 4, 5, 6, 7]",9,8,-1
1609,2,0,1,mandatory_skip,"[0, 1, 2, 3, 5, 6, 7]",7,7,-1
1610,0,0,0,none,"[0, 1, 3, 4, 5, 6, 7]",7,4,-1
1611,2,0,1,reverse,"[0, 1, 2, 3, 4, 5, 4, 6, 7]",9,9,-1
1612,0,0,0,none,"[0, 1, 2, 3, 4, 5, 6, 7]",8,9,-1
1613,0,0,0,none,"[0, 1, 3, 4, 5, 6, 7]",7,7,-1
1614,2,0,1,unauthorized_jump,"[0, 1, 2, 5, 6, 7]",6,6,-1
1615,0,0,0,none,"[0, 1, 3, 4, 5, 6, 7]",7,7,-1
1616,1,1,0,none,"[0, 1, 2, 3, 4, 5, 6, 7]",8,8,-1
1617,2,0,1,reverse,"[0, 1, 2, 1, 3, 4, 5, 6, 7]",9,8,-1
1618,0,0,0,none,"[0, 1, 2, 3, 4, 5, 6, 7]",8,8,-1
1619,1,1,0,none,"[0, 1, 2, 3, 4, 5, 6, 7]",8,8,0
1620,1,1,0,none,"[0, 1, 2, 3, 4, 5, 6, 7]",8,9,-1
1621,0,0,0,none,"[0, 1, 2, 3, 5, 6, 7]",7,7,-1
1622,1,1,0,none,"[0, 1, 2, 3, 4, 5, 6, 7]",8,9,-1
1623,2,0,1,excess_dwell,"[0, 1, 2, 3, 4, 4, 4, 4, 5, 6, 7]",11,9,-1
1624,2,0,1,reverse,"[0, 1, 2, 3, 2, 4, 5, 6, 7]",9,8,-1
1625,2,0,1,reverse,"[0, 1, 2, 1, 3, 4, 5, 6, 7]",9,12,-1
1626,2,0,1,excess_dwell,"[0, 1, 2, 3, 3, 3, 3, 4, 5, 6, 7]",11,9,-1
1627,0,0,0,none,"[0, 1, 2, 3, 4, 5, 6, 7]",8,9,-1
1628,0,0,0,none,"[0, 1, 2, 3, 4, 5, 6, 7]",8,7,-1
1629,1,1,0,none,"[0, 1, 2, 3, 4, 5, 6, 7]",8,4,-1
1630,1,1,0,none,"[0, 1, 2, 3, 5, 6, 7]",7,5,-1
1631,0,0,0,none,"[0, 1, 2, 3, 4, 5, 6, 7]",8,9,-1
1632,2,0,1,unauthorized_jump,"[0, 1, 2, 6, 7]",5,5,-1
1633,2,0,1,mandatory_skip,"[0, 1, 2, 3, 4, 5, 7]",7,7,-1
1634,0,0,0,none,"[0, 1, 2, 3, 4, 5, 6, 7]",8,10,-1
1635,2,0,1,mandatory_skip,"[0, 1, 2, 3, 4, 5, 7]",7,7,-1
1636,2,0,1,excess_dwell,"[0, 1, 2, 3, 4, 5, 5, 5, 5, 6, 7]",11,11,-1
1637,0,0,0,none,"[0, 1, 2, 3, 4, 5, 6, 7]",8,9,-1
1638,0,0,0,none,"[0, 1, 2, 3, 4, 5, 6, 7]",8,9,-1
1639,0,0,0,none,"[0, 1, 2, 3, 5, 6, 7]",7,7,-1
1640,1,1,0,none,"[0, 1, 2, 3, 4, 5, 6, 7]",8,6,1
1641,2,0,1,excess_dwell,"[0, 1, 2, 3, 4, 5, 5, 5, 5, 6, 7]",11,9,-1
1642,2,0,1,unauthorized_jump,"[0, 1, 2, 3, 7]",5,5,-1
1643,2,0,1,mandatory_skip,"[0, 1, 3, 4, 5, 6, 7]",7,7,-1
1644,2,0,1,unauthorized_jump,"[0, 1, 2, 3, 6, 7]",6,6,-1
1645,2,0,1,unauthorized_jump,"[0, 1, 5, 6, 7]",5,4,-1
1646,1,1,0,none,"[0, 1, 2, 3, 4, 5, 6, 7]",8,7,-1
1647,0,0,0,none,"[0, 1, 2, 3, 4, 5, 6, 7]",8,7,-1
1648,0,0,0,none,"[0, 1, 2, 3, 4, 5, 6, 7]",8,10,-1
1649,2,0,1,reverse,"[0, 1, 2, 1, 3, 4, 5, 6, 7]",9,9,-1
1650,2,0,1,mandatory_skip,"[0, 1, 3, 4, 5, 6, 7]",7,7,-1
1651,0,0,0,none,"[0, 1, 2, 3, 4, 5, 6, 7]",8,8,-1
1652,0,0,0,none,"[0, 1, 2, 3, 4, 5, 6, 7]",8,6,-1
1653,2,0,1,reverse,"[0, 1, 2, 3, 4, 3, 5, 6, 7]",9,8,-1
1654,0,0,0,none,"[0, 1, 2, 3, 4, 5, 6, 7]",8,9,-1
1655,2,0,1,unauthorized_jump,"[0, 1, 2, 3, 6, 7]",6,3,-1
1656,1,1,0,none,"[0, 1, 2, 3, 5, 6, 7]",7,6,1
1657,0,0,0,none,"[0, 1, 2, 3, 4, 5, 6, 7]",8,7,-1
1658,2,0,1,excess_dwell,"[0, 1, 2, 3, 3, 3, 3, 4, 5, 6, 7]",11,11,-1
1659,1,1,0,none,"[0, 1, 3, 4, 5, 6, 7]",7,7,0
1660,0,0,0,none,"[0, 1, 2, 3, 4, 5, 6, 7]",8,9,-1
1661,2,0,1,mandatory_skip,"[0, 1, 3, 4, 5, 6, 7]",7,5,-1
1662,2,0,1,mandatory_skip,"[0, 1, 2, 3, 4, 5, 7]",7,7,-1
1663,1,1,0,none,"[0, 1, 3, 4, 5, 6, 7]",7,5,-1
1664,1,1,0,none,"[0, 1, 2, 3, 4, 5, 6, 7]",8,5,3
1665,0,0,0,none,"[0, 1, 2, 3, 4, 5, 6, 7]",8,9,-1
1666,1,1,0,none,"[0, 1, 2, 3, 4, 5, 6, 7]",8,4,-1
1667,2,0,1,unauthorized_jump,"[0, 1, 2, 6, 7]",5,5,-1
1668,1,1,0,none,"[0, 1, 2, 3, 4, 5, 6, 7]",8,7,-1
1669,1,1,0,none,"[0, 1, 2, 3, 4, 5, 6, 7]",8,6,-1
1670,0,0,0,none,"[0, 1, 2, 3, 4, 5, 6, 7]",8,8,-1
1671,0,0,0,none,"[0, 1, 2, 3, 4, 5, 6, 7]",8,8,-1
1672,0,0,0,none,"[0, 1, 2, 3, 4, 5, 6, 7]",8,8,-1
1673,2,0,1,mandatory_skip,"[0, 1, 2, 3, 5, 6, 7]",7,7,-1
1674,1,1,0,none,"[0, 1, 2, 3, 4, 5, 6, 7]",8,8,-1
1675,0,0,0,none,"[0, 1, 2, 3, 4, 5, 6, 7]",8,9,-1
1676,1,1,0,none,"[0, 1, 3, 4, 5, 6, 7]",7,7,-1
1677,2,0,1,excess_dwell,"[0, 1, 2, 2, 2, 2, 3, 4, 5, 6, 7]",11,12,-1
1678,1,1,0,none,"[0, 1, 2, 3, 4, 5, 6, 7]",8,7,5
1679,1,1,0,none,"[0, 1, 3, 4, 5, 6, 7]",7,5,-1
1680,1,1,0,none,"[0, 1, 2, 3, 4, 5, 6, 7]",8,8,5
1681,0,0,0,none,"[0, 1, 2, 3, 4, 5, 6, 7]",8,6,4
1682,1,1,0,none,"[0, 1, 2, 3, 4, 5, 6, 7]",8,2,-1
1683,2,0,1,mandatory_skip,"[0, 1, 2, 3, 4, 5, 7]",7,7,-1
1684,0,0,0,none,"[0, 1, 2, 3, 4, 5, 6, 7]",8,7,-1
1685,1,1,0,none,"[0, 1, 2, 3, 4, 5, 6, 7]",8,5,3
1686,2,0,1,reverse,"[0, 1, 2, 3, 4, 3, 5, 6, 7]",9,9,-1
1687,0,0,0,none,"[0, 1, 2, 3, 4, 5, 6, 7]",8,8,-1
1688,0,0,0,none,"[0, 1, 2, 3, 4, 5, 6, 7]",8,10,-1
1689,2,0,1,excess_dwell,"[0, 1, 2, 3, 3, 3, 3, 4, 5, 6, 7]",11,10,-1
1690,0,0,0,none,"[0, 1, 2, 3, 4, 5, 6, 7]",8,9,-1
1691,2,0,1,mandatory_skip,"[0, 1, 2, 3, 5, 6, 7]",7,6,-1
1692,2,0,1,excess_dwell,"[0, 1, 2, 3, 4, 5, 5, 5, 5, 6, 7]",11,12,-1
1693,2,0,1,mandatory_skip,"[0, 1, 2, 3, 5, 6, 7]",7,7,-1
1694,1,1,0,none,"[0, 1, 2, 3, 4, 5, 6, 7]",8,6,-1
1695,1,1,0,none,"[0, 1, 2, 3, 4, 5, 6, 7]",8,7,-1
1696,0,0,0,none,"[0, 1, 2, 3, 4, 5, 6, 7]",8,7,-1
1697,0,0,0,none,"[0, 1, 2, 3, 4, 5, 6, 7]",8,7,-1
1698,0,0,0,none,"[0, 1, 2, 3, 4, 5, 6, 7]",8,8,-1
1699,1,1,0,none,"[0, 1, 3, 4, 5, 6, 7]",7,6,-1
1700,2,0,1,reverse,"[0, 1, 2, 3, 4, 3, 5, 6, 7]",9,8,-1
1701,1,1,0,none,"[0, 1, 2, 3, 4, 5, 6, 7]",8,5,6
1702,0,0,0,none,"[0, 1, 3, 4, 5, 6, 7]",7,6,-1
1703,0,0,0,none,"[0, 1, 2, 3, 4, 5, 6, 7]",8,7,-1
1704,2,0,1,reverse,"[0, 1, 2, 1, 3, 4, 5, 6, 7]",9,10,-1
1705,0,0,0,none,"[0, 1, 2, 3, 5, 6, 7]",7,8,-1
1706,1,1,0,none,"[0, 1, 3, 4, 5, 6, 7]",7,8,-1
1707,2,0,1,unauthorized_jump,"[0, 1, 2, 6, 7]",5,5,-1
1708,0,0,0,none,"[0, 1, 2, 3, 4, 5, 6, 7]",8,8,-1
1709,0,0,0,none,"[0, 1, 2, 3, 4, 5, 6, 7]",8,9,-1
1710,0,0,0,none,"[0, 1, 2, 3, 4, 5, 6, 7]",8,9,-1
1711,0,0,0,none,"[0, 1, 3, 4, 5, 6, 7]",7,7,-1
1712,0,0,0,none,"[0, 1, 2, 3, 4, 5, 6, 7]",8,8,-1
1713,0,0,0,none,"[0, 1, 2, 3, 5, 6, 7]",7,7,-1
1714,2,0,1,reverse,"[0, 1, 2, 3, 2, 4, 5, 6, 7]",9,10,-1
1715,2,0,1,excess_dwell,"[0, 1, 2, 3, 4, 4, 4, 4, 5, 6, 7]",11,12,-1
1716,2,0,1,reverse,"[0, 1, 2, 3, 4, 3, 5, 6, 7]",9,6,-1
1717,2,0,1,mandatory_skip,"[0, 1, 3, 4, 5, 6, 7]",7,6,-1
1718,0,0,0,none,"[0, 1, 3, 4, 5, 6, 7]",7,7,-1
1719,1,1,0,none,"[0, 1, 2, 3, 4, 5, 6, 7]",8,6,-1
1720,2,0,1,reverse,"[0, 1, 2, 3, 4, 5, 4, 6, 7]",9,11,-1
1721,0,0,0,none,"[0, 1, 2, 3, 5, 6, 7]",7,7,-1
1722,0,0,0,none,"[0, 1, 2, 3, 4, 5, 6, 7]",8,8,-1
1723,1,1,0,none,"[0, 1, 2, 3, 4, 5, 6, 7]",8,6,7
1724,1,1,0,none,"[0, 1, 2, 3, 5, 6, 7]",7,3,-1
1725,1,1,0,none,"[0, 1, 2, 3, 5, 6, 7]",7,7,1
1726,0,0,0,none,"[0, 1, 2, 3, 4, 5, 6, 7]",8,7,-1
1727,0,0,0,none,"[0, 1, 2, 3, 5, 6, 7]",7,8,-1
1728,0,0,0,none,"[0, 1, 2, 3, 5, 6, 7]",7,8,-1
1729,2,0,1,unauthorized_jump,"[0, 1, 5, 6, 7]",5,5,-1
1730,2,0,1,excess_dwell,"[0, 1, 2, 2, 2, 2, 3, 4, 5, 6, 7]",11,13,-1
1731,2,0,1,reverse,"[0, 1, 2, 3, 4, 5, 4, 6, 7]",9,7,-1
1732,0,0,0,none,"[0, 1, 2, 3, 4, 5, 6, 7]",8,8,-1
1733,0,0,0,none,"[0, 1, 2, 3, 4, 5, 6, 7]",8,7,-1
1734,1,1,0,none,"[0, 1, 2, 3, 4, 5, 6, 7]",8,10,-1
1735,0,0,0,none,"[0, 1, 2, 3, 4, 5, 6, 7]",8,8,-1
1736,0,0,0,none,"[0, 1, 2, 3, 4, 5, 6, 7]",8,9,-1
1737,1,1,0,none,"[0, 1, 2, 3, 4, 5, 6, 7]",8,5,-1
1738,2,0,1,reverse,"[0, 1, 2, 3, 4, 3, 5, 6, 7]",9,7,-1
1739,0,0,0,none,"[0, 1, 2, 3, 4, 5, 6, 7]",8,8,-1
1740,1,1,0,none,"[0, 1, 2, 3, 4, 5, 6, 7]",8,4,7
1741,1,1,0,none,"[0, 1, 3, 4, 5, 6, 7]",7,5,1
1742,2,0,1,reverse,"[0, 1, 2, 1, 3, 4, 5, 6, 7]",9,9,-1
1743,2,0,1,reverse,"[0, 1, 2, 3, 4, 5, 4, 6, 7]",9,10,-1
1744,2,0,1,unauthorized_jump,"[0, 1, 2, 3, 7]",5,4,-1
1745,0,0,0,none,"[0, 1, 2, 3, 4, 5, 6, 7]",8,7,-1
1746,1,1,0,none,"[0, 1, 2, 3, 4, 5, 6, 7]",8,9,-1
1747,0,0,0,none,"[0, 1, 3, 4, 5, 6, 7]",7,6,-1
1748,1,1,0,none,"[0, 1, 2, 3, 4, 5, 6, 7]",8,5,-1
1749,1,1,0,none,"[0, 1, 2, 3, 5, 6, 7]",7,2,-1
1750,1,1,0,none,"[0, 1, 2, 3, 4, 5, 6, 7]",8,9,-1
1751,0,0,0,none,"[0, 1, 2, 3, 4, 5, 6, 7]",8,7,-1
1752,0,0,0,none,"[0, 1, 3, 4, 5, 6, 7]",7,6,-1
1753,2,0,1,reverse,"[0, 1, 2, 1, 3, 4, 5, 6, 7]",9,9,-1
1754,1,1,0,none,"[0, 1, 2, 3, 4, 5, 6, 7]",8,8,-1
1755,2,0,1,mandatory_skip,"[0, 1, 2, 3, 5, 6, 7]",7,6,-1
1756,2,0,1,unauthorized_jump,"[0, 1, 5, 6, 7]",5,7,-1
1757,1,1,0,none,"[0, 1, 2, 3, 4, 5, 6, 7]",8,8,-1
1758,2,0,1,mandatory_skip,"[0, 1, 2, 3, 4, 5, 7]",7,8,-1
1759,0,0,0,none,"[0, 1, 2, 3, 4, 5, 6, 7]",8,8,-1
1760,0,0,0,none,"[0, 1, 3, 4, 5, 6, 7]",7,6,-1
1761,2,0,1,reverse,"[0, 1, 2, 3, 2, 4, 5, 6, 7]",9,7,-1
1762,2,0,1,unauthorized_jump,"[0, 1, 2, 3, 6, 7]",6,4,-1
1763,0,0,0,none,"[0, 1, 2, 3, 4, 5, 6, 7]",8,8,-1
1764,0,0,0,none,"[0, 1, 2, 3, 4, 5, 6, 7]",8,7,-1
1765,1,1,0,none,"[0, 1, 2, 3, 4, 5, 6, 7]",8,8,2
1766,2,0,1,reverse,"[0, 1, 2, 3, 2, 4, 5, 6, 7]",9,7,-1
1767,1,1,0,none,"[0, 1, 2, 3, 4, 5, 6, 7]",8,6,-1
1768,2,0,1,excess_dwell,"[0, 1, 2, 3, 4, 5, 5, 5, 5, 6, 7]",11,11,-1
1769,2,0,1,reverse,"[0, 1, 2, 3, 4, 5, 4, 6, 7]",9,10,-1
1770,1,1,0,none,"[0, 1, 3, 4, 5, 6, 7]",7,7,4
1771,0,0,0,none,"[0, 1, 2, 3, 4, 5, 6, 7]",8,8,-1
1772,1,1,0,none,"[0, 1, 2, 3, 4, 5, 6, 7]",8,8,0
1773,2,0,1,mandatory_skip,"[0, 1, 2, 3, 5, 6, 7]",7,7,-1
1774,0,0,0,none,"[0, 1, 2, 3, 4, 5, 6, 7]",8,8,-1
1775,2,0,1,excess_dwell,"[0, 1, 2, 2, 2, 2, 3, 4, 5, 6, 7]",11,10,-1
1776,1,1,0,none,"[0, 1, 2, 3, 4, 5, 6, 7]",8,8,-1
1777,2,0,1,excess_dwell,"[0, 1, 2, 3, 4, 4, 4, 4, 5, 6, 7]",11,11,-1
1778,1,1,0,none,"[0, 1, 2, 3, 4, 5, 6, 7]",8,7,-1
1779,0,0,0,none,"[0, 1, 3, 4, 5, 6, 7]",7,9,-1
1780,1,1,0,none,"[0, 1, 3, 4, 5, 6, 7]",7,9,-1
1781,2,0,1,excess_dwell,"[0, 1, 2, 3, 3, 3, 3, 4, 5, 6, 7]",11,12,-1
1782,1,1,0,none,"[0, 1, 2, 3, 4, 5, 6, 7]",8,7,-1
1783,1,1,0,none,"[0, 1, 2, 3, 4, 5, 6, 7]",8,9,-1
1784,0,0,0,none,"[0, 1, 3, 4, 5, 6, 7]",7,7,-1
1785,0,0,0,none,"[0, 1, 2, 3, 4, 5, 6, 7]",8,8,-1
1786,0,0,0,none,"[0, 1, 2, 3, 4, 5, 6, 7]",8,7,-1
1787,2,0,1,mandatory_skip,"[0, 1, 2, 3, 4, 5, 7]",7,8,-1
1788,2,0,1,mandatory_skip,"[0, 1, 2, 3, 5, 6, 7]",7,6,-1
1789,0,0,0,none,"[0, 1, 2, 3, 4, 5, 6, 7]",8,10,-1
1790,2,0,1,unauthorized_jump,"[0, 1, 2, 6, 7]",5,5,-1
1791,0,0,0,none,"[0, 1, 2, 3, 5, 6, 7]",7,7,-1
1792,1,1,0,none,"[0, 1, 2, 3, 4, 5, 6, 7]",8,7,-1
1793,2,0,1,reverse,"[0, 1, 2, 3, 4, 3, 5, 6, 7]",9,9,-1
1794,0,0,0,none,"[0, 1, 3, 4, 5, 6, 7]",7,7,-1
1795,0,0,0,none,"[0, 1, 2, 3, 4, 5, 6, 7]",8,8,-1
1796,2,0,1,excess_dwell,"[0, 1, 2, 2, 2, 2, 3, 4, 5, 6, 7]",11,11,-1
1797,0,0,0,none,"[0, 1, 2, 3, 4, 5, 6, 7]",8,7,-1
1798,2,0,1,excess_dwell,"[0, 1, 2, 3, 4, 5, 5, 5, 5, 6, 7]",11,11,-1
1799,2,0,1,mandatory_skip,"[0, 1, 2, 3, 5, 6, 7]",7,6,-1
1800,2,0,1,excess_dwell,"[0, 1, 2, 3, 4, 4, 4, 4, 5, 6, 7]",11,10,-1
1801,1,1,0,none,"[0, 1, 2, 3, 4, 5, 6, 7]",8,10,-1
1802,2,0,1,mandatory_skip,"[0, 1, 3, 4, 5, 6, 7]",7,7,-1
1803,0,0,0,none,"[0, 1, 2, 3, 4, 5, 6, 7]",8,7,-1
1804,0,0,0,none,"[0, 1, 2, 3, 5, 6, 7]",7,7,-1
1805,0,0,0,none,"[0, 1, 3, 4, 5, 6, 7]",7,7,-1
1806,2,0,1,mandatory_skip,"[0, 1, 2, 3, 5, 6, 7]",7,7,-1
1807,0,0,0,none,"[0, 1, 2, 3, 5, 6, 7]",7,8,-1
1808,0,0,0,none,"[0, 1, 3, 4, 5, 6, 7]",7,10,-1
1809,2,0,1,mandatory_skip,"[0, 1, 2, 3, 5, 6, 7]",7,8,-1
1810,2,0,1,reverse,"[0, 1, 2, 3, 4, 3, 5, 6, 7]",9,9,-1
1811,1,1,0,none,"[0, 1, 2, 3, 4, 5, 6, 7]",8,7,6
1812,2,0,1,reverse,"[0, 1, 2, 3, 2, 4, 5, 6, 7]",9,11,-1
1813,1,1,0,none,"[0, 1, 2, 3, 4, 5, 6, 7]",8,6,-1
1814,0,0,0,none,"[0, 1, 2, 3, 4, 5, 6, 7]",8,8,-1
1815,1,1,0,none,"[0, 1, 2, 3, 4, 5, 6, 7]",8,7,-1
1816,0,0,0,none,"[0, 1, 2, 3, 4, 5, 6, 7]",8,9,-1
1817,0,0,0,none,"[0, 1, 2, 3, 5, 6, 7]",7,7,-1
1818,0,0,0,none,"[0, 1, 2, 3, 4, 5, 6, 7]",8,7,-1
1819,2,0,1,reverse,"[0, 1, 2, 3, 4, 3, 5, 6, 7]",9,8,-1
1820,2,0,1,excess_dwell,"[0, 1, 2, 3, 3, 3, 3, 4, 5, 6, 7]",11,10,-1
1821,2,0,1,unauthorized_jump,"[0, 1, 2, 3, 6, 7]",6,6,-1
1822,1,1,0,none,"[0, 1, 2, 3, 4, 5, 6, 7]",8,9,7
1823,0,0,0,none,"[0, 1, 2, 3, 4, 5, 6, 7]",8,7,-1
1824,2,0,1,mandatory_skip,"[0, 1, 2, 3, 4, 5, 7]",7,7,-1
1825,1,1,0,none,"[0, 1, 2, 3, 5, 6, 7]",7,5,-1
1826,2,0,1,mandatory_skip,"[0, 1, 3, 4, 5, 6, 7]",7,8,-1
1827,0,0,0,none,"[0, 1, 3, 4, 5, 6, 7]",7,7,-1
1828,1,1,0,none,"[0, 1, 2, 3, 4, 5, 6, 7]",8,7,-1
1829,2,0,1,unauthorized_jump,"[0, 1, 2, 5, 6, 7]",6,8,-1
1830,2,0,1,reverse,"[0, 1, 2, 1, 3, 4, 5, 6, 7]",9,8,-1
1831,0,0,0,none,"[0, 1, 2, 3, 4, 5, 6, 7]",8,8,-1
1832,1,1,0,none,"[0, 1, 2, 3, 4, 5, 6, 7]",8,7,7
1833,1,1,0,none,"[0, 1, 2, 3, 4, 5, 6, 7]",8,7,-1
1834,0,0,0,none,"[0, 1, 2, 3, 4, 5, 6, 7]",8,8,-1
1835,1,1,0,none,"[0, 1, 2, 3, 4, 5, 6, 7]",8,9,-1
1836,0,0,0,none,"[0, 1, 2, 3, 4, 5, 6, 7]",8,8,-1
1837,1,1,0,none,"[0, 1, 2, 3, 4, 5, 6, 7]",8,8,-1
1838,0,0,0,none,"[0, 1, 3, 4, 5, 6, 7]",7,7,-1
1839,0,0,0,none,"[0, 1, 2, 3, 5, 6, 7]",7,8,-1
1840,1,1,0,none,"[0, 1, 2, 3, 4, 5, 6, 7]",8,9,-1
1841,0,0,0,none,"[0, 1, 2, 3, 4, 5, 6, 7]",8,8,-1
1842,0,0,0,none,"[0, 1, 3, 4, 5, 6, 7]",7,8,-1
1843,2,0,1,mandatory_skip,"[0, 1, 2, 3, 4, 5, 7]",7,7,-1
1844,1,1,0,none,"[0, 1, 2, 3, 4, 5, 6, 7]",8,10,-1
1845,0,0,0,none,"[0, 1, 2, 3, 4, 5, 6, 7]",8,9,-1
1846,1,1,0,none,"[0, 1, 2, 3, 5, 6, 7]",7,8,-1
1847,0,0,0,none,"[0, 1, 2, 3, 4, 5, 6, 7]",8,8,-1
1848,1,1,0,none,"[0, 1, 2, 3, 4, 5, 6, 7]",8,4,6
1849,1,1,0,none,"[0, 1, 2, 3, 4, 5, 6, 7]",8,6,1
1850,0,0,0,none,"[0, 1, 2, 3, 4, 5, 6, 7]",8,7,-1
1851,1,1,0,none,"[0, 1, 2, 3, 4, 5, 6, 7]",8,7,0
1852,1,1,0,none,"[0, 1, 2, 3, 5, 6, 7]",7,8,-1
1853,1,1,0,none,"[0, 1, 2, 3, 4, 5, 6, 7]",8,10,-1
1854,1,1,0,none,"[0, 1, 3, 4, 5, 6, 7]",7,7,-1
1855,1,1,0,none,"[0, 1, 2, 3, 5, 6, 7]",7,9,-1
1856,2,0,1,unauthorized_jump,"[0, 1, 2, 6, 7]",5,3,-1
1857,0,0,0,none,"[0, 1, 2, 3, 4, 5, 6, 7]",8,8,-1
1858,1,1,0,none,"[0, 1, 2, 3, 4, 5, 6, 7]",8,9,-1
1859,0,0,0,none,"[0, 1, 2, 3, 4, 5, 6, 7]",8,9,-1
1860,0,0,0,none,"[0, 1, 2, 3, 4, 5, 6, 7]",8,8,-1
1861,0,0,0,none,"[0, 1, 2, 3, 4, 5, 6, 7]",8,8,-1
1862,2,0,1,unauthorized_jump,"[0, 1, 5, 6, 7]",5,6,-1
1863,2,0,1,mandatory_skip,"[0, 1, 3, 4, 5, 6, 7]",7,7,-1
1864,2,0,1,excess_dwell,"[0, 1, 2, 3, 4, 4, 4, 4, 5, 6, 7]",11,11,-1
1865,1,1,0,none,"[0, 1, 2, 3, 4, 5, 6, 7]",8,9,-1
1866,0,0,0,none,"[0, 1, 2, 3, 4, 5, 6, 7]",8,8,-1
1867,1,1,0,none,"[0, 1, 2, 3, 4, 5, 6, 7]",8,7,1
1868,0,0,0,none,"[0, 1, 2, 3, 4, 5, 6, 7]",8,7,-1
1869,0,0,0,none,"[0, 1, 2, 3, 4, 5, 6, 7]",8,8,-1
1870,2,0,1,mandatory_skip,"[0, 1, 2, 3, 4, 5, 7]",7,7,-1
1871,1,1,0,none,"[0, 1, 3, 4, 5, 6, 7]",7,7,-1
1872,0,0,0,none,"[0, 1, 2, 3, 5, 6, 7]",7,9,-1
1873,1,1,0,none,"[0, 1, 2, 3, 4, 5, 6, 7]",8,6,-1
1874,1,1,0,none,"[0, 1, 3, 4, 5, 6, 7]",7,7,-1
1875,0,0,0,none,"[0, 1, 2, 3, 4, 5, 6, 7]",8,8,-1
1876,0,0,0,none,"[0, 1, 3, 4, 5, 6, 7]",7,6,-1
1877,0,0,0,none,"[0, 1, 2, 3, 4, 5, 6, 7]",8,7,-1
1878,2,0,1,unauthorized_jump,"[0, 1, 2, 3, 6, 7]",6,6,-1
1879,0,0,0,none,"[0, 1, 3, 4, 5, 6, 7]",7,6,-1
1880,0,0,0,none,"[0, 1, 2, 3, 4, 5, 6, 7]",8,6,-1
1881,2,0,1,unauthorized_jump,"[0, 1, 2, 6, 7]",5,6,-1
1882,2,0,1,reverse,"[0, 1, 2, 3, 4, 5, 4, 6, 7]",9,8,-1
1883,2,0,1,reverse,"[0, 1, 2, 3, 2, 4, 5, 6, 7]",9,10,-1
1884,0,0,0,none,"[0, 1, 2, 3, 4, 5, 6, 7]",8,8,-1
1885,1,1,0,none,"[0, 1, 2, 3, 4, 5, 6, 7]",8,7,6
1886,0,0,0,none,"[0, 1, 2, 3, 4, 5, 6, 7]",8,8,-1
1887,2,0,1,unauthorized_jump,"[0, 1, 4, 5, 6, 7]",6,6,-1
1888,2,0,1,excess_dwell,"[0, 1, 2, 3, 4, 5, 5, 5, 5, 6, 7]",11,10,-1
1889,0,0,0,none,"[0, 1, 2, 3, 4, 5, 6, 7]",8,8,-1
1890,0,0,0,none,"[0, 1, 2, 3, 4, 5, 6, 7]",8,6,-1
1891,1,1,0,none,"[0, 1, 2, 3, 4, 5, 6, 7]",8,8,-1
1892,1,1,0,none,"[0, 1, 2, 3, 4, 5, 6, 7]",8,7,3
1893,1,1,0,none,"[0, 1, 2, 3, 4, 5, 6, 7]",8,6,4
1894,1,1,0,none,"[0, 1, 2, 3, 5, 6, 7]",7,7,-1
1895,0,0,0,none,"[0, 1, 2, 3, 4, 5, 6, 7]",8,7,-1
1896,1,1,0,none,"[0, 1, 2, 3, 4, 5, 6, 7]",8,7,-1
1897,0,0,0,none,"[0, 1, 3, 4, 5, 6, 7]",7,5,-1
1898,0,0,0,none,"[0, 1, 2, 3, 4, 5, 6, 7]",8,7,-1
1899,1,1,0,none,"[0, 1, 2, 3, 4, 5, 6, 7]",8,9,-1
1900,1,1,0,none,"[0, 1, 3, 4, 5, 6, 7]",7,5,-1
1901,0,0,0,none,"[0, 1, 3, 4, 5, 6, 7]",7,8,-1
1902,2,0,1,unauthorized_jump,"[0, 1, 2, 3, 6, 7]",6,6,-1
1903,0,0,0,none,"[0, 1, 2, 3, 4, 5, 6, 7]",8,7,-1
1904,2,0,1,mandatory_skip,"[0, 1, 2, 3, 5, 6, 7]",7,7,-1
1905,0,0,0,none,"[0, 1, 2, 3, 4, 5, 6, 7]",8,8,-1
1906,0,0,0,none,"[0, 1, 2, 3, 4, 5, 6, 7]",8,7,-1
1907,0,0,0,none,"[0, 1, 2, 3, 4, 5, 6, 7]",8,9,-1
1908,0,0,0,none,"[0, 1, 2, 3, 4, 5, 6, 7]",8,7,-1
1909,2,0,1,excess_dwell,"[0, 1, 2, 2, 2, 2, 3, 4, 5, 6, 7]",11,10,-1
1910,1,1,0,none,"[0, 1, 2, 3, 4, 5, 6, 7]",8,7,-1
1911,0,0,0,none,"[0, 1, 2, 3, 4, 5, 6, 7]",8,9,-1
1912,0,0,0,none,"[0, 1, 2, 3, 4, 5, 6, 7]",8,7,-1
1913,0,0,0,none,"[0, 1, 2, 3, 5, 6, 7]",7,6,-1
1914,1,1,0,none,"[0, 1, 2, 3, 4, 5, 6, 7]",8,5,1
1915,1,1,0,none,"[0, 1, 2, 3, 4, 5, 6, 7]",8,7,-1
1916,0,0,0,none,"[0, 1, 2, 3, 4, 5, 6, 7]",8,8,-1
1917,2,0,1,excess_dwell,"[0, 1, 2, 2, 2, 2, 3, 4, 5, 6, 7]",11,13,-1
1918,2,0,1,reverse,"[0, 1, 2, 1, 3, 4, 5, 6, 7]",9,10,-1
1919,0,0,0,none,"[0, 1, 3, 4, 5, 6, 7]",7,7,-1
1920,0,0,0,none,"[0, 1, 2, 3, 4, 5, 6, 7]",8,8,-1
1921,0,0,0,none,"[0, 1, 3, 4, 5, 6, 7]",7,7,-1
1922,2,0,1,reverse,"[0, 1, 2, 1, 3, 4, 5, 6, 7]",9,9,-1
1923,0,0,0,none,"[0, 1, 2, 3, 4, 5, 6, 7]",8,6,-1
1924,2,0,1,unauthorized_jump,"[0, 1, 2, 3, 6, 7]",6,7,-1
1925,0,0,0,none,"[0, 1, 2, 3, 4, 5, 6, 7]",8,8,-1
1926,0,0,0,none,"[0, 1, 3, 4, 5, 6, 7]",7,7,-1
1927,0,0,0,none,"[0, 1, 2, 3, 4, 5, 6, 7]",8,9,-1
1928,0,0,0,none,"[0, 1, 3, 4, 5, 6, 7]",7,7,-1
1929,1,1,0,none,"[0, 1, 3, 4, 5, 6, 7]",7,4,-1
1930,2,0,1,unauthorized_jump,"[0, 1, 2, 3, 6, 7]",6,7,-1
1931,0,0,0,none,"[0, 1, 3, 4, 5, 6, 7]",7,6,-1
1932,2,0,1,mandatory_skip,"[0, 1, 3, 4, 5, 6, 7]",7,10,-1
1933,2,0,1,mandatory_skip,"[0, 1, 2, 3, 4, 5, 7]",7,7,-1
1934,2,0,1,reverse,"[0, 1, 2, 3, 4, 5, 4, 6, 7]",9,9,-1
1935,1,1,0,none,"[0, 1, 3, 4, 5, 6, 7]",7,9,-1
1936,2,0,1,reverse,"[0, 1, 2, 3, 4, 5, 4, 6, 7]",9,9,-1
1937,2,0,1,mandatory_skip,"[0, 1, 2, 3, 4, 5, 7]",7,7,-1
1938,0,0,0,none,"[0, 1, 2, 3, 4, 5, 6, 7]",8,7,-1
1939,0,0,0,none,"[0, 1, 2, 3, 4, 5, 6, 7]",8,10,-1
1940,2,0,1,mandatory_skip,"[0, 1, 3, 4, 5, 6, 7]",7,7,-1
1941,1,1,0,none,"[0, 1, 2, 3, 4, 5, 6, 7]",8,8,-1
1942,0,0,0,none,"[0, 1, 3, 4, 5, 6, 7]",7,7,-1
1943,0,0,0,none,"[0, 1, 3, 4, 5, 6, 7]",7,7,-1
1944,0,0,0,none,"[0, 1, 2, 3, 4, 5, 6, 7]",8,10,-1
1945,0,0,0,none,"[0, 1, 2, 3, 5, 6, 7]",7,7,-1
1946,0,0,0,none,"[0, 1, 2, 3, 4, 5, 6, 7]",8,8,-1
1947,2,0,1,mandatory_skip,"[0, 1, 3, 4, 5, 6, 7]",7,7,-1
1948,0,0,0,none,"[0, 1, 2, 3, 5, 6, 7]",7,9,-1
1949,2,0,1,mandatory_skip,"[0, 1, 2, 3, 4, 5, 7]",7,7,-1
1950,2,0,1,unauthorized_jump,"[0, 1, 2, 6, 7]",5,6,-1
1951,2,0,1,mandatory_skip,"[0, 1, 2, 3, 5, 6, 7]",7,8,-1
1952,1,1,0,none,"[0, 1, 2, 3, 4, 5, 6, 7]",8,7,-1
1953,1,1,0,none,"[0, 1, 2, 3, 4, 5, 6, 7]",8,4,-1
1954,1,1,0,none,"[0, 1, 2, 3, 4, 5, 6, 7]",8,7,-1
1955,0,0,0,none,"[0, 1, 2, 3, 4, 5, 6, 7]",8,8,-1
1956,1,1,0,none,"[0, 1, 2, 3, 4, 5, 6, 7]",8,10,-1
1957,0,0,0,none,"[0, 1, 2, 3, 5, 6, 7]",7,7,-1
1958,2,0,1,excess_dwell,"[0, 1, 2, 3, 4, 5, 5, 5, 5, 6, 7]",11,9,-1
1959,0,0,0,none,"[0, 1, 2, 3, 4, 5, 6, 7]",8,7,-1
1960,2,0,1,excess_dwell,"[0, 1, 2, 3, 3, 3, 3, 4, 5, 6, 7]",11,10,-1
1961,0,0,0,none,"[0, 1, 2, 3, 4, 5, 6, 7]",8,10,-1
1962,2,0,1,excess_dwell,"[0, 1, 2, 3, 4, 4, 4, 4, 5, 6, 7]",11,11,-1
1963,0,0,0,none,"[0, 1, 2, 3, 4, 5, 6, 7]",8,9,-1
1964,1,1,0,none,"[0, 1, 2, 3, 5, 6, 7]",7,9,2
1965,1,1,0,none,"[0, 1, 3, 4, 5, 6, 7]",7,9,3
1966,0,0,0,none,"[0, 1, 2, 3, 4, 5, 6, 7]",8,8,-1
1967,0,0,0,none,"[0, 1, 2, 3, 4, 5, 6, 7]",8,8,-1
1968,0,0,0,none,"[0, 1, 3, 4, 5, 6, 7]",7,6,-1
1969,2,0,1,mandatory_skip,"[0, 1, 2, 3, 4, 5, 7]",7,6,-1
1970,0,0,0,none,"[0, 1, 2, 3, 4, 5, 6, 7]",8,9,-1
1971,1,1,0,none,"[0, 1, 2, 3, 4, 5, 6, 7]",8,5,-1
1972,0,0,0,none,"[0, 1, 2, 3, 4, 5, 6, 7]",8,8,-1
1973,1,1,0,none,"[0, 1, 2, 3, 4, 5, 6, 7]",8,5,0
1974,2,0,1,excess_dwell,"[0, 1, 2, 2, 2, 2, 3, 4, 5, 6, 7]",11,12,-1
1975,1,1,0,none,"[0, 1, 2, 3, 5, 6, 7]",7,7,-1
1976,0,0,0,none,"[0, 1, 3, 4, 5, 6, 7]",7,7,-1
1977,2,0,1,unauthorized_jump,"[0, 1, 2, 6, 7]",5,5,-1
1978,0,0,0,none,"[0, 1, 2, 3, 5, 6, 7]",7,7,-1
1979,0,0,0,none,"[0, 1, 2, 3, 4, 5, 6, 7]",8,9,-1
1980,1,1,0,none,"[0, 1, 2, 3, 4, 5, 6, 7]",8,6,-1
1981,0,0,0,none,"[0, 1, 2, 3, 5, 6, 7]",7,5,-1
1982,0,0,0,none,"[0, 1, 2, 3, 4, 5, 6, 7]",8,9,-1
1983,2,0,1,reverse,"[0, 1, 2, 3, 4, 3, 5, 6, 7]",9,11,-1
1984,1,1,0,none,"[0, 1, 2, 3, 5, 6, 7]",7,7,4
1985,0,0,0,none,"[0, 1, 2, 3, 4, 5, 6, 7]",8,7,-1
1986,1,1,0,none,"[0, 1, 3, 4, 5, 6, 7]",7,6,-1
1987,0,0,0,none,"[0, 1, 2, 3, 4, 5, 6, 7]",8,8,-1
1988,2,0,1,excess_dwell,"[0, 1, 2, 3, 3, 3, 3, 4, 5, 6, 7]",11,10,-1
1989,0,0,0,none,"[0, 1, 2, 3, 4, 5, 6, 7]",8,7,-1
1990,2,0,1,reverse,"[0, 1, 2, 3, 2, 4, 5, 6, 7]",9,9,-1
1991,0,0,0,none,"[0, 1, 2, 3, 4, 5, 6, 7]",8,6,-1
1992,2,0,1,reverse,"[0, 1, 2, 1, 3, 4, 5, 6, 7]",9,9,-1
1993,1,1,0,none,"[0, 1, 2, 3, 4, 5, 6, 7]",8,8,-1
1994,2,0,1,mandatory_skip,"[0, 1, 2, 3, 5, 6, 7]",7,5,-1
1995,1,1,0,none,"[0, 1, 3, 4, 5, 6, 7]",7,4,-1
1996,1,1,0,none,"[0, 1, 2, 3, 4, 5, 6, 7]",8,6,-1
1997,0,0,0,none,"[0, 1, 2, 3, 4, 5, 6, 7]",8,8,-1
1998,0,0,0,none,"[0, 1, 2, 3, 5, 6, 7]",7,8,-1
1999,2,0,1,reverse,"[0, 1, 2, 1, 3, 4, 5, 6, 7]",9,9,-1
2000,0,0,0,none,"[0, 1, 2, 3, 4, 5, 6, 7]",8,8,-1
2001,0,0,0,none,"[0, 1, 2, 3, 4, 5, 6, 7]",8,10,-1
2002,0,0,0,none,"[0, 1, 2, 3, 5, 6, 7]",7,6,-1
2003,2,0,1,excess_dwell,"[0, 1, 2, 3, 4, 4, 4, 4, 5, 6, 7]",11,11,-1
2004,2,0,1,reverse,"[0, 1, 2, 3, 4, 3, 5, 6, 7]",9,10,-1
2005,1,1,0,none,"[0, 1, 2, 3, 4, 5, 6, 7]",8,6,-1
2006,2,0,1,reverse,"[0, 1, 2, 3, 4, 5, 4, 6, 7]",9,6,-1
2007,1,1,0,none,"[0, 1, 2, 3, 4, 5, 6, 7]",8,5,6
2008,0,0,0,none,"[0, 1, 2, 3, 4, 5, 6, 7]",8,6,-1
2009,1,1,0,none,"[0, 1, 2, 3, 4, 5, 6, 7]",8,6,-1
2010,2,0,1,unauthorized_jump,"[0, 1, 2, 5, 6, 7]",6,5,-1
2011,0,0,0,none,"[0, 1, 2, 3, 4, 5, 6, 7]",8,9,-1
2012,0,0,0,none,"[0, 1, 3, 4, 5, 6, 7]",7,7,-1
2013,1,1,0,none,"[0, 1, 2, 3, 4, 5, 6, 7]",8,8,1
2014,2,0,1,unauthorized_jump,"[0, 1, 2, 6, 7]",5,5,-1
2015,0,0,0,none,"[0, 1, 2, 3, 4, 5, 6, 7]",8,5,-1
2016,2,0,1,mandatory_skip,"[0, 1, 3, 4, 5, 6, 7]",7,6,-1
2017,0,0,0,none,"[0, 1, 2, 3, 4, 5, 6, 7]",8,9,-1
2018,2,0,1,excess_dwell,"[0, 1, 2, 3, 4, 4, 4, 4, 5, 6, 7]",11,9,-1
2019,1,1,0,none,"[0, 1, 2, 3, 4, 5, 6, 7]",8,11,-1
2020,0,0,0,none,"[0, 1, 2, 3, 4, 5, 6, 7]",8,8,-1
2021,2,0,1,reverse,"[0, 1, 2, 3, 4, 5, 4, 6, 7]",9,10,-1
2022,0,0,0,none,"[0, 1, 2, 3, 4, 5, 6, 7]",8,6,-1
2023,0,0,0,none,"[0, 1, 2, 3, 4, 5, 6, 7]",8,9,-1
2024,0,0,0,none,"[0, 1, 2, 3, 4, 5, 6, 7]",8,7,-1
2025,1,1,0,none,"[0, 1, 2, 3, 4, 5, 6, 7]",8,7,-1
2026,0,0,0,none,"[0, 1, 2, 3, 4, 5, 6, 7]",8,8,-1
2027,0,0,0,none,"[0, 1, 2, 3, 4, 5, 6, 7]",8,8,-1
2028,2,0,1,excess_dwell,"[0, 1, 2, 2, 2, 2, 3, 4, 5, 6, 7]",11,12,-1
2029,0,0,0,none,"[0, 1, 2, 3, 4, 5, 6, 7]",8,8,-1
2030,1,1,0,none,"[0, 1, 2, 3, 4, 5, 6, 7]",8,9,-1
2031,1,1,0,none,"[0, 1, 2, 3, 4, 5, 6, 7]",8,6,-1
2032,0,0,0,none,"[0, 1, 2, 3, 5, 6, 7]",7,6,-1
2033,0,0,0,none,"[0, 1, 2, 3, 4, 5, 6, 7]",8,7,-1
2034,1,1,0,none,"[0, 1, 3, 4, 5, 6, 7]",7,6,-1
2035,1,1,0,none,"[0, 1, 2, 3, 4, 5, 6, 7]",8,9,1
2036,2,0,1,reverse,"[0, 1, 2, 1, 3, 4, 5, 6, 7]",9,10,-1
2037,0,0,0,none,"[0, 1, 2, 3, 5, 6, 7]",7,8,-1
2038,0,0,0,none,"[0, 1, 3, 4, 5, 6, 7]",7,8,-1
2039,0,0,0,none,"[0, 1, 2, 3, 4, 5, 6, 7]",8,10,-1
2040,0,0,0,none,"[0, 1, 2, 3, 4, 5, 6, 7]",8,8,-1
2041,0,0,0,none,"[0, 1, 2, 3, 4, 5, 6, 7]",8,9,2
2042,0,0,0,none,"[0, 1, 2, 3, 4, 5, 6, 7]",8,8,-1
2043,0,0,0,none,"[0, 1, 3, 4, 5, 6, 7]",7,9,-1
2044,0,0,0,none,"[0, 1, 2, 3, 4, 5, 6, 7]",8,8,-1
2045,0,0,0,none,"[0, 1, 2, 3, 4, 5, 6, 7]",8,7,-1
2046,2,0,1,excess_dwell,"[0, 1, 2, 3, 3, 3, 3, 4, 5, 6, 7]",11,13,-1
2047,0,0,0,none,"[0, 1, 2, 3, 4, 5, 6, 7]",8,8,-1
2048,0,0,0,none,"[0, 1, 2, 3, 4, 5, 6, 7]",8,8,-1
2049,2,0,1,excess_dwell,"[0, 1, 2, 2, 2, 2, 3, 4, 5, 6, 7]",11,10,-1
2050,2,0,1,reverse,"[0, 1, 2, 3, 2, 4, 5, 6, 7]",9,9,-1
2051,1,1,0,none,"[0, 1, 2, 3, 4, 5, 6, 7]",8,8,-1
2052,2,0,1,unauthorized_jump,"[0, 1, 5, 6, 7]",5,5,-1
2053,0,0,0,none,"[0, 1, 2, 3, 4, 5, 6, 7]",8,8,-1
2054,0,0,0,none,"[0, 1, 3, 4, 5, 6, 7]",7,6,-1
2055,0,0,0,none,"[0, 1, 2, 3, 4, 5, 6, 7]",8,7,-1
2056,0,0,0,none,"[0, 1, 3, 4, 5, 6, 7]",7,7,-1
2057,0,0,0,none,"[0, 1, 2, 3, 4, 5, 6, 7]",8,9,-1
2058,1,1,0,none,"[0, 1, 2, 3, 4, 5, 6, 7]",8,7,7
2059,0,0,0,none,"[0, 1, 2, 3, 5, 6, 7]",7,7,-1
2060,0,0,0,none,"[0, 1, 2, 3, 4, 5, 6, 7]",8,8,-1
2061,0,0,0,none,"[0, 1, 2, 3, 4, 5, 6, 7]",8,7,-1
2062,0,0,0,none,"[0, 1, 2, 3, 4, 5, 6, 7]",8,10,-1
2063,1,1,0,none,"[0, 1, 2, 3, 4, 5, 6, 7]",8,10,-1
2064,1,1,0,none,"[0, 1, 2, 3, 4, 5, 6, 7]",8,7,-1
2065,2,0,1,excess_dwell,"[0, 1, 2, 3, 4, 5, 5, 5, 5, 6, 7]",11,11,-1
2066,2,0,1,excess_dwell,"[0, 1, 2, 3, 3, 3, 3, 4, 5, 6, 7]",11,11,-1
2067,0,0,0,none,"[0, 1, 2, 3, 4, 5, 6, 7]",8,7,-1
2068,1,1,0,none,"[0, 1, 2, 3, 4, 5, 6, 7]",8,7,-1
2069,1,1,0,none,"[0, 1, 2, 3, 4, 5, 6, 7]",8,3,4
2070,2,0,1,mandatory_skip,"[0, 1, 2, 3, 5, 6, 7]",7,6,-1
2071,2,0,1,reverse,"[0, 1, 2, 3, 4, 5, 4, 6, 7]",9,9,-1
2072,0,0,0,none,"[0, 1, 2, 3, 4, 5, 6, 7]",8,9,-1
2073,2,0,1,reverse,"[0, 1, 2, 3, 4, 5, 4, 6, 7]",9,10,-1
2074,1,1,0,none,"[0, 1, 2, 3, 4, 5, 6, 7]",8,3,-1
2075,1,1,0,none,"[0, 1, 2, 3, 5, 6, 7]",7,7,-1
2076,2,0,1,reverse,"[0, 1, 2, 1, 3, 4, 5, 6, 7]",9,8,-1
2077,0,0,0,none,"[0, 1, 2, 3, 4, 5, 6, 7]",8,8,-1
2078,2,0,1,mandatory_skip,"[0, 1, 3, 4, 5, 6, 7]",7,8,-1
2079,0,0,0,none,"[0, 1, 3, 4, 5, 6, 7]",7,7,-1
2080,0,0,0,none,"[0, 1, 3, 4, 5, 6, 7]",7,7,-1
2081,1,1,0,none,"[0, 1, 2, 3, 4, 5, 6, 7]",8,12,-1
2082,2,0,1,reverse,"[0, 1, 2, 3, 4, 5, 4, 6, 7]",9,6,-1
2083,0,0,0,none,"[0, 1, 2, 3, 4, 5, 6, 7]",8,8,-1
2084,1,1,0,none,"[0, 1, 2, 3, 5, 6, 7]",7,7,-1
2085,2,0,1,unauthorized_jump,"[0, 1, 2, 6, 7]",5,5,-1
2086,0,0,0,none,"[0, 1, 2, 3, 5, 6, 7]",7,7,-1
2087,0,0,0,none,"[0, 1, 2, 3, 4, 5, 6, 7]",8,7,-1
2088,2,0,1,mandatory_skip,"[0, 1, 2, 3, 4, 5, 7]",7,6,-1
2089,0,0,0,none,"[0, 1, 2, 3, 4, 5, 6, 7]",8,7,-1
2090,2,0,1,mandatory_skip,"[0, 1, 2, 3, 4, 5, 7]",7,7,-1
2091,1,1,0,none,"[0, 1, 2, 3, 5, 6, 7]",7,5,-1
2092,0,0,0,none,"[0, 1, 2, 3, 4, 5, 6, 7]",8,8,-1
2093,0,0,0,none,"[0, 1, 2, 3, 4, 5, 6, 7]",8,8,-1
2094,1,1,0,none,"[0, 1, 2, 3, 4, 5, 6, 7]",8,5,-1
2095,1,1,0,none,"[0, 1, 3, 4, 5, 6, 7]",7,5,-1
2096,0,0,0,none,"[0, 1, 2, 3, 4, 5, 6, 7]",8,6,-1
2097,0,0,0,none,"[0, 1, 2, 3, 5, 6, 7]",7,6,-1
2098,0,0,0,none,"[0, 1, 2, 3, 4, 5, 6, 7]",8,6,-1
2099,0,0,0,none,"[0, 1, 2, 3, 4, 5, 6, 7]",8,9,-1
2100,1,1,0,none,"[0, 1, 2, 3, 4, 5, 6, 7]",8,10,-1
2101,2,0,1,mandatory_skip,"[0, 1, 2, 3, 5, 6, 7]",7,6,-1
2102,0,0,0,none,"[0, 1, 3, 4, 5, 6, 7]",7,6,-1
2103,0,0,0,none,"[0, 1, 2, 3, 4, 5, 6, 7]",8,8,-1
2104,0,0,0,none,"[0, 1, 2, 3, 4, 5, 6, 7]",8,8,-1
2105,2,0,1,unauthorized_jump,"[0, 1, 2, 5, 6, 7]",6,5,-1
2106,0,0,0,none,"[0, 1, 3, 4, 5, 6, 7]",7,7,-1
2107,1,1,0,none,"[0, 1, 2, 3, 4, 5, 6, 7]",8,8,-1
2108,1,1,0,none,"[0, 1, 2, 3, 5, 6, 7]",7,6,5
2109,1,1,0,none,"[0, 1, 2, 3, 4, 5, 6, 7]",8,9,-1
2110,1,1,0,none,"[0, 1, 2, 3, 4, 5, 6, 7]",8,6,-1
2111,1,1,0,none,"[0, 1, 2, 3, 4, 5, 6, 7]",8,6,-1
2112,2,0,1,reverse,"[0, 1, 2, 3, 4, 3, 5, 6, 7]",9,8,-1
2113,1,1,0,none,"[0, 1, 2, 3, 4, 5, 6, 7]",8,8,-1
2114,2,0,1,reverse,"[0, 1, 2, 3, 4, 3, 5, 6, 7]",9,8,-1
2115,2,0,1,mandatory_skip,"[0, 1, 3, 4, 5, 6, 7]",7,8,-1
2116,2,0,1,excess_dwell,"[0, 1, 2, 3, 4, 4, 4, 4, 5, 6, 7]",11,11,-1
2117,0,0,0,none,"[0, 1, 2, 3, 4, 5, 6, 7]",8,8,-1
2118,1,1,0,none,"[0, 1, 2, 3, 4, 5, 6, 7]",8,7,5
2119,0,0,0,none,"[0, 1, 2, 3, 4, 5, 6, 7]",8,6,-1
2120,2,0,1,unauthorized_jump,"[0, 1, 2, 5, 6, 7]",6,5,6
2121,0,0,0,none,"[0, 1, 2, 3, 4, 5, 6, 7]",8,7,-1
2122,0,0,0,none,"[0, 1, 2, 3, 4, 5, 6, 7]",8,8,-1
2123,2,0,1,reverse,"[0, 1, 2, 1, 3, 4, 5, 6, 7]",9,9,-1
2124,2,0,1,excess_dwell,"[0, 1, 2, 3, 4, 4, 4, 4, 5, 6, 7]",11,11,-1
2125,0,0,0,none,"[0, 1, 2, 3, 4, 5, 6, 7]",8,8,-1
2126,1,1,0,none,"[0, 1, 2, 3, 4, 5, 6, 7]",8,7,-1
2127,0,0,0,none,"[0, 1, 2, 3, 5, 6, 7]",7,7,-1
2128,2,0,1,excess_dwell,"[0, 1, 2, 3, 4, 5, 5, 5, 5, 6, 7]",11,11,-1
2129,0,0,0,none,"[0, 1, 2, 3, 4, 5, 6, 7]",8,8,-1
2130,1,1,0,none,"[0, 1, 2, 3, 4, 5, 6, 7]",8,9,-1
2131,0,0,0,none,"[0, 1, 2, 3, 4, 5, 6, 7]",8,8,-1
2132,0,0,0,none,"[0, 1, 2, 3, 4, 5, 6, 7]",8,8,-1
2133,1,1,0,none,"[0, 1, 2, 3, 4, 5, 6, 7]",8,8,6
2134,0,0,0,none,"[0, 1, 2, 3, 4, 5, 6, 7]",8,8,-1
2135,0,0,0,none,"[0, 1, 2, 3, 4, 5, 6, 7]",8,6,-1
2136,2,0,1,excess_dwell,"[0, 1, 2, 2, 2, 2, 3, 4, 5, 6, 7]",11,10,-1
2137,0,0,0,none,"[0, 1, 2, 3, 4, 5, 6, 7]",8,9,-1
2138,1,1,0,none,"[0, 1, 2, 3, 4, 5, 6, 7]",8,3,-1
2139,1,1,0,none,"[0, 1, 2, 3, 4, 5, 6, 7]",8,8,-1
2140,2,0,1,unauthorized_jump,"[0, 1, 2, 3, 7]",5,2,3
2141,1,1,0,none,"[0, 1, 2, 3, 5, 6, 7]",7,5,-1
2142,1,1,0,none,"[0, 1, 2, 3, 4, 5, 6, 7]",8,7,-1
2143,1,1,0,none,"[0, 1, 2, 3, 4, 5, 6, 7]",8,8,-1
2144,1,1,0,none,"[0, 1, 2, 3, 4, 5, 6, 7]",8,8,-1
2145,2,0,1,excess_dwell,"[0, 1, 2, 2, 2, 2, 3, 4, 5, 6, 7]",11,11,-1
2146,2,0,1,unauthorized_jump,"[0, 1, 4, 5, 6, 7]",6,5,-1
2147,0,0,0,none,"[0, 1, 2, 3, 4, 5, 6, 7]",8,7,-1
2148,2,0,1,excess_dwell,"[0, 1, 2, 2, 2, 2, 3, 4, 5, 6, 7]",11,11,-1
2149,2,0,1,unauthorized_jump,"[0, 1, 4, 5, 6, 7]",6,6,-1
2150,0,0,0,none,"[0, 1, 2, 3, 4, 5, 6, 7]",8,9,-1
2151,0,0,0,none,"[0, 1, 2, 3, 4, 5, 6, 7]",8,8,-1
2152,1,1,0,none,"[0, 1, 2, 3, 4, 5, 6, 7]",8,6,-1
2153,0,0,0,none,"[0, 1, 2, 3, 4, 5, 6, 7]",8,10,-1
2154,0,0,0,none,"[0, 1, 2, 3, 4, 5, 6, 7]",8,7,-1
2155,0,0,0,none,"[0, 1, 2, 3, 5, 6, 7]",7,7,-1
2156,1,1,0,none,"[0, 1, 2, 3, 4, 5, 6, 7]",8,9,-1
2157,1,1,0,none,"[0, 1, 3, 4, 5, 6, 7]",7,5,6
2158,1,1,0,none,"[0, 1, 2, 3, 4, 5, 6, 7]",8,11,-1
2159,1,1,0,none,"[0, 1, 2, 3, 4, 5, 6, 7]",8,8,-1
2160,1,1,0,none,"[0, 1, 2, 3, 5, 6, 7]",7,7,2
2161,1,1,0,none,"[0, 1, 2, 3, 4, 5, 6, 7]",8,9,-1
2162,1,1,0,none,"[0, 1, 2, 3, 4, 5, 6, 7]",8,9,-1
2163,0,0,0,none,"[0, 1, 2, 3, 5, 6, 7]",7,6,-1
2164,1,1,0,none,"[0, 1, 2, 3, 4, 5, 6, 7]",8,8,-1
2165,1,1,0,none,"[0, 1, 2, 3, 5, 6, 7]",7,3,-1
2166,2,0,1,mandatory_skip,"[0, 1, 2, 3, 4, 5, 7]",7,7,-1
2167,0,0,0,none,"[0, 1, 2, 3, 4, 5, 6, 7]",8,8,3
2168,1,1,0,none,"[0, 1, 2, 3, 4, 5, 6, 7]",8,7,4
2169,0,0,0,none,"[0, 1, 2, 3, 4, 5, 6, 7]",8,9,-1
2170,1,1,0,none,"[0, 1, 2, 3, 4, 5, 6, 7]",8,6,4
2171,2,0,1,mandatory_skip,"[0, 1, 2, 3, 4, 5, 7]",7,5,-1
2172,1,1,0,none,"[0, 1, 3, 4, 5, 6, 7]",7,7,-1
2173,0,0,0,none,"[0, 1, 2, 3, 4, 5, 6, 7]",8,8,-1
2174,0,0,0,none,"[0, 1, 2, 3, 5, 6, 7]",7,6,-1
2175,1,1,0,none,"[0, 1, 2, 3, 5, 6, 7]",7,4,5
2176,2,0,1,unauthorized_jump,"[0, 1, 2, 3, 7]",5,5,-1
2177,2,0,1,excess_dwell,"[0, 1, 2, 3, 4, 4, 4, 4, 5, 6, 7]",11,12,-1
2178,1,1,0,none,"[0, 1, 3, 4, 5, 6, 7]",7,8,7
2179,1,1,0,none,"[0, 1, 2, 3, 4, 5, 6, 7]",8,8,-1
2180,0,0,0,none,"[0, 1, 2, 3, 4, 5, 6, 7]",8,7,-1
2181,0,0,0,none,"[0, 1, 2, 3, 4, 5, 6, 7]",8,8,-1
2182,2,0,1,excess_dwell,"[0, 1, 2, 2, 2, 2, 3, 4, 5, 6, 7]",11,11,-1
2183,0,0,0,none,"[0, 1, 3, 4, 5, 6, 7]",7,6,-1
2184,0,0,0,none,"[0, 1, 2, 3, 4, 5, 6, 7]",8,8,-1
2185,0,0,0,none,"[0, 1, 2, 3, 4, 5, 6, 7]",8,8,-1
2186,0,0,0,none,"[0, 1, 2, 3, 5, 6, 7]",7,5,-1
2187,1,1,0,none,"[0, 1, 2, 3, 4, 5, 6, 7]",8,5,7
2188,0,0,0,none,"[0, 1, 3, 4, 5, 6, 7]",7,8,-1
2189,2,0,1,excess_dwell,"[0, 1, 2, 3, 3, 3, 3, 4, 5, 6, 7]",11,10,-1
2190,2,0,1,unauthorized_jump,"[0, 1, 2, 3, 7]",5,5,-1
2191,2,0,1,reverse,"[0, 1, 2, 1, 3, 4, 5, 6, 7]",9,10,-1
2192,1,1,0,none,"[0, 1, 2, 3, 4, 5, 6, 7]",8,8,-1
2193,2,0,1,unauthorized_jump,"[0, 1, 4, 5, 6, 7]",6,5,-1
2194,0,0,0,none,"[0, 1, 2, 3, 4, 5, 6, 7]",8,8,-1
2195,1,1,0,none,"[0, 1, 2, 3, 4, 5, 6, 7]",8,10,-1
2196,0,0,0,none,"[0, 1, 2, 3, 4, 5, 6, 7]",8,7,-1
2197,2,0,1,mandatory_skip,"[0, 1, 2, 3, 5, 6, 7]",7,7,-1
2198,1,1,0,none,"[0, 1, 2, 3, 4, 5, 6, 7]",8,6,-1
2199,0,0,0,none,"[0, 1, 2, 3, 4, 5, 6, 7]",8,8,-1
2200,2,0,1,unauthorized_jump,"[0, 1, 2, 6, 7]",5,4,-1
2201,2,0,1,mandatory_skip,"[0, 1, 2, 3, 5, 6, 7]",7,7,-1
2202,2,0,1,mandatory_skip,"[0, 1, 3, 4, 5, 6, 7]",7,7,-1
2203,0,0,0,none,"[0, 1, 2, 3, 4, 5, 6, 7]",8,6,-1
2204,2,0,1,reverse,"[0, 1, 2, 3, 4, 5, 4, 6, 7]",9,9,-1
2205,1,1,0,none,"[0, 1, 2, 3, 5, 6, 7]",7,6,-1
2206,1,1,0,none,"[0, 1, 2, 3, 4, 5, 6, 7]",8,8,-1
2207,0,0,0,none,"[0, 1, 2, 3, 4, 5, 6, 7]",8,9,-1
2208,2,0,1,excess_dwell,"[0, 1, 2, 3, 4, 5, 5, 5, 5, 6, 7]",11,10,-1
2209,0,0,0,none,"[0, 1, 2, 3, 4, 5, 6, 7]",8,7,-1
2210,0,0,0,none,"[0, 1, 2, 3, 4, 5, 6, 7]",8,7,-1
2211,1,1,0,none,"[0, 1, 2, 3, 4, 5, 6, 7]",8,9,-1
2212,0,0,0,none,"[0, 1, 2, 3, 4, 5, 6, 7]",8,7,-1
2213,1,1,0,none,"[0, 1, 2, 3, 4, 5, 6, 7]",8,7,4
2214,2,0,1,excess_dwell,"[0, 1, 2, 3, 4, 5, 5, 5, 5, 6, 7]",11,11,-1
2215,2,0,1,reverse,"[0, 1, 2, 3, 4, 5, 4, 6, 7]",9,8,-1
2216,2,0,1,reverse,"[0, 1, 2, 3, 2, 4, 5, 6, 7]",9,8,-1
2217,1,1,0,none,"[0, 1, 2, 3, 4, 5, 6, 7]",8,9,0
2218,0,0,0,none,"[0, 1, 2, 3, 4, 5, 6, 7]",8,8,-1
2219,1,1,0,none,"[0, 1, 2, 3, 4, 5, 6, 7]",8,11,-1
2220,0,0,0,none,"[0, 1, 2, 3, 4, 5, 6, 7]",8,8,-1
2221,1,1,0,none,"[0, 1, 2, 3, 4, 5, 6, 7]",8,7,-1
2222,0,0,0,none,"[0, 1, 3, 4, 5, 6, 7]",7,7,-1
2223,0,0,0,none,"[0, 1, 2, 3, 4, 5, 6, 7]",8,8,-1
2224,1,1,0,none,"[0, 1, 2, 3, 4, 5, 6, 7]",8,8,-1
2225,0,0,0,none,"[0, 1, 2, 3, 4, 5, 6, 7]",8,7,-1
2226,0,0,0,none,"[0, 1, 2, 3, 4, 5, 6, 7]",8,8,-1
2227,0,0,0,none,"[0, 1, 2, 3, 4, 5, 6, 7]",8,9,-1
2228,2,0,1,mandatory_skip,"[0, 1, 3, 4, 5, 6, 7]",7,8,-1
2229,0,0,0,none,"[0, 1, 2, 3, 4, 5, 6, 7]",8,8,-1
2230,1,1,0,none,"[0, 1, 2, 3, 4, 5, 6, 7]",8,5,-1
2231,2,0,1,unauthorized_jump,"[0, 1, 4, 5, 6, 7]",6,5,-1
2232,2,0,1,unauthorized_jump,"[0, 1, 2, 3, 6, 7]",6,7,-1
2233,2,0,1,excess_dwell,"[0, 1, 2, 3, 4, 5, 5, 5, 5, 6, 7]",11,12,-1
2234,0,0,0,none,"[0, 1, 2, 3, 4, 5, 6, 7]",8,9,-1
2235,2,0,1,excess_dwell,"[0, 1, 2, 2, 2, 2, 3, 4, 5, 6, 7]",11,11,-1
2236,1,1,0,none,"[0, 1, 2, 3, 4, 5, 6, 7]",8,9,-1
2237,0,0,0,none,"[0, 1, 3, 4, 5, 6, 7]",7,8,-1
2238,0,0,0,none,"[0, 1, 2, 3, 4, 5, 6, 7]",8,8,-1
2239,1,1,0,none,"[0, 1, 2, 3, 4, 5, 6, 7]",8,7,-1
2240,2,0,1,mandatory_skip,"[0, 1, 2, 3, 4, 5, 7]",7,7,-1
2241,1,1,0,none,"[0, 1, 2, 3, 5, 6, 7]",7,3,1
2242,2,0,1,mandatory_skip,"[0, 1, 2, 3, 5, 6, 7]",7,7,-1
2243,0,0,0,none,"[0, 1, 2, 3, 4, 5, 6, 7]",8,8,-1
2244,1,1,0,none,"[0, 1, 2, 3, 4, 5, 6, 7]",8,6,1
2245,1,1,0,none,"[0, 1, 3, 4, 5, 6, 7]",7,7,-1
2246,2,0,1,mandatory_skip,"[0, 1, 2, 3, 4, 5, 7]",7,7,-1
2247,0,0,0,none,"[0, 1, 2, 3, 4, 5, 6, 7]",8,10,-1
2248,2,0,1,unauthorized_jump,"[0, 1, 2, 5, 6, 7]",6,6,-1
2249,2,0,1,excess_dwell,"[0, 1, 2, 3, 3, 3, 3, 4, 5, 6, 7]",11,13,-1
2250,2,0,1,excess_dwell,"[0, 1, 2, 2, 2, 2, 3, 4, 5, 6, 7]",11,12,-1
2251,2,0,1,unauthorized_jump,"[0, 1, 4, 5, 6, 7]",6,6,-1
2252,0,0,0,none,"[0, 1, 3, 4, 5, 6, 7]",7,7,-1
2253,0,0,0,none,"[0, 1, 2, 3, 4, 5, 6, 7]",8,9,-1
2254,1,1,0,none,"[0, 1, 2, 3, 4, 5, 6, 7]",8,10,-1
2255,2,0,1,excess_dwell,"[0, 1, 2, 3, 4, 4, 4, 4, 5, 6, 7]",11,11,-1
2256,0,0,0,none,"[0, 1, 2, 3, 4, 5, 6, 7]",8,8,-1
2257,0,0,0,none,"[0, 1, 2, 3, 4, 5, 6, 7]",8,8,-1
2258,0,0,0,none,"[0, 1, 2, 3, 4, 5, 6, 7]",8,8,-1
2259,0,0,0,none,"[0, 1, 3, 4, 5, 6, 7]",7,7,-1
2260,2,0,1,mandatory_skip,"[0, 1, 2, 3, 5, 6, 7]",7,6,-1
2261,2,0,1,unauthorized_jump,"[0, 1, 2, 3, 6, 7]",6,6,-1
2262,1,1,0,none,"[0, 1, 2, 3, 4, 5, 6, 7]",8,7,-1
2263,2,0,1,mandatory_skip,"[0, 1, 3, 4, 5, 6, 7]",7,6,-1
2264,0,0,0,none,"[0, 1, 3, 4, 5, 6, 7]",7,8,-1
2265,1,1,0,none,"[0, 1, 2, 3, 4, 5, 6, 7]",8,3,-1
2266,0,0,0,none,"[0, 1, 2, 3, 4, 5, 6, 7]",8,8,-1
2267,1,1,0,none,"[0, 1, 2, 3, 4, 5, 6, 7]",8,8,-1
2268,1,1,0,none,"[0, 1, 2, 3, 4, 5, 6, 7]",8,6,-1
2269,0,0,0,none,"[0, 1, 2, 3, 4, 5, 6, 7]",8,8,-1
2270,2,0,1,reverse,"[0, 1, 2, 3, 2, 4, 5, 6, 7]",9,7,-1
2271,0,0,0,none,"[0, 1, 2, 3, 4, 5, 6, 7]",8,7,-1
2272,2,0,1,unauthorized_jump,"[0, 1, 5, 6, 7]",5,6,-1
2273,2,0,1,excess_dwell,"[0, 1, 2, 3, 4, 4, 4, 4, 5, 6, 7]",11,12,-1
2274,1,1,0,none,"[0, 1, 2, 3, 4, 5, 6, 7]",8,6,-1
2275,1,1,0,none,"[0, 1, 2, 3, 5, 6, 7]",7,7,-1
2276,1,1,0,none,"[0, 1, 2, 3, 4, 5, 6, 7]",8,7,-1
2277,1,1,0,none,"[0, 1, 3, 4, 5, 6, 7]",7,4,-1
2278,2,0,1,unauthorized_jump,"[0, 1, 2, 3, 7]",5,5,-1
2279,2,0,1,unauthorized_jump,"[0, 1, 2, 5, 6, 7]",6,5,-1
2280,0,0,0,none,"[0, 1, 2, 3, 4, 5, 6, 7]",8,7,-1
2281,1,1,0,none,"[0, 1, 3, 4, 5, 6, 7]",7,7,-1
2282,2,0,1,mandatory_skip,"[0, 1, 2, 3, 5, 6, 7]",7,7,-1
2283,2,0,1,reverse,"[0, 1, 2, 3, 4, 5, 4, 6, 7]",9,10,-1
2284,0,0,0,none,"[0, 1, 3, 4, 5, 6, 7]",7,6,-1
2285,0,0,0,none,"[0, 1, 2, 3, 4, 5, 6, 7]",8,7,-1
2286,2,0,1,excess_dwell,"[0, 1, 2, 3, 4, 5, 5, 5, 5, 6, 7]",11,11,-1
2287,2,0,1,reverse,"[0, 1, 2, 3, 4, 3, 5, 6, 7]",9,8,-1
2288,0,0,0,none,"[0, 1, 2, 3, 4, 5, 6, 7]",8,8,-1
2289,1,1,0,none,"[0, 1, 2, 3, 4, 5, 6, 7]",8,8,-1
2290,2,0,1,excess_dwell,"[0, 1, 2, 3, 4, 4, 4, 4, 5, 6, 7]",11,12,-1
2291,0,0,0,none,"[0, 1, 2, 3, 4, 5, 6, 7]",8,8,-1
2292,0,0,0,none,"[0, 1, 2, 3, 4, 5, 6, 7]",8,7,-1
2293,1,1,0,none,"[0, 1, 3, 4, 5, 6, 7]",7,7,-1
2294,0,0,0,none,"[0, 1, 2, 3, 4, 5, 6, 7]",8,10,-1
2295,0,0,0,none,"[0, 1, 2, 3, 4, 5, 6, 7]",8,7,-1
2296,2,0,1,reverse,"[0, 1, 2, 3, 2, 4, 5, 6, 7]",9,10,-1
2297,0,0,0,none,"[0, 1, 2, 3, 4, 5, 6, 7]",8,8,-1
2298,1,1,0,none,"[0, 1, 2, 3, 4, 5, 6, 7]",8,8,-1
2299,1,1,0,none,"[0, 1, 2, 3, 4, 5, 6, 7]",8,11,-1
2300,0,0,0,none,"[0, 1, 2, 3, 4, 5, 6, 7]",8,8,-1
2301,1,1,0,none,"[0, 1, 2, 3, 4, 5, 6, 7]",8,8,-1
2302,1,1,0,none,"[0, 1, 2, 3, 4, 5, 6, 7]",8,7,1
2303,1,1,0,none,"[0, 1, 3, 4, 5, 6, 7]",7,4,-1
2304,0,0,0,none,"[0, 1, 2, 3, 4, 5, 6, 7]",8,7,-1
2305,0,0,0,none,"[0, 1, 2, 3, 4, 5, 6, 7]",8,6,-1
2306,1,1,0,none,"[0, 1, 3, 4, 5, 6, 7]",7,6,1
2307,1,1,0,none,"[0, 1, 2, 3, 4, 5, 6, 7]",8,9,-1
2308,0,0,0,none,"[0, 1, 2, 3, 4, 5, 6, 7]",8,9,-1
2309,1,1,0,none,"[0, 1, 2, 3, 4, 5, 6, 7]",8,6,3
2310,1,1,0,none,"[0, 1, 2, 3, 4, 5, 6, 7]",8,8,-1
2311,0,0,0,none,"[0, 1, 2, 3, 4, 5, 6, 7]",8,7,-1
2312,1,1,0,none,"[0, 1, 3, 4, 5, 6, 7]",7,6,-1
2313,0,0,0,none,"[0, 1, 3, 4, 5, 6, 7]",7,5,-1
2314,0,0,0,none,"[0, 1, 3, 4, 5, 6, 7]",7,7,-1
2315,0,0,0,none,"[0, 1, 2, 3, 4, 5, 6, 7]",8,6,-1
2316,1,1,0,none,"[0, 1, 2, 3, 4, 5, 6, 7]",8,5,-1
2317,1,1,0,none,"[0, 1, 2, 3, 4, 5, 6, 7]",8,6,-1
2318,2,0,1,mandatory_skip,"[0, 1, 3, 4, 5, 6, 7]",7,6,-1
2319,0,0,0,none,"[0, 1, 3, 4, 5, 6, 7]",7,7,-1
2320,1,1,0,none,"[0, 1, 2, 3, 4, 5, 6, 7]",8,7,-1
2321,0,0,0,none,"[0, 1, 2, 3, 5, 6, 7]",7,4,-1
2322,1,1,0,none,"[0, 1, 3, 4, 5, 6, 7]",7,9,-1
2323,2,0,1,unauthorized_jump,"[0, 1, 5, 6, 7]",5,6,-1
2324,1,1,0,none,"[0, 1, 3, 4, 5, 6, 7]",7,8,-1
2325,2,0,1,mandatory_skip,"[0, 1, 3, 4, 5, 6, 7]",7,7,-1
2326,2,0,1,reverse,"[0, 1, 2, 3, 2, 4, 5, 6, 7]",9,9,-1
2327,0,0,0,none,"[0, 1, 2, 3, 4, 5, 6, 7]",8,9,-1
2328,1,1,0,none,"[0, 1, 2, 3, 4, 5, 6, 7]",8,9,-1
2329,1,1,0,none,"[0, 1, 2, 3, 4, 5, 6, 7]",8,8,2
2330,0,0,0,none,"[0, 1, 2, 3, 4, 5, 6, 7]",8,7,-1
2331,0,0,0,none,"[0, 1, 2, 3, 4, 5, 6, 7]",8,7,7
2332,1,1,0,none,"[0, 1, 3, 4, 5, 6, 7]",7,4,-1
2333,0,0,0,none,"[0, 1, 2, 3, 4, 5, 6, 7]",8,7,-1
2334,2,0,1,mandatory_skip,"[0, 1, 2, 3, 5, 6, 7]",7,8,-1
2335,1,1,0,none,"[0, 1, 2, 3, 4, 5, 6, 7]",8,6,3
2336,1,1,0,none,"[0, 1, 2, 3, 4, 5, 6, 7]",8,5,-1
2337,0,0,0,none,"[0, 1, 2, 3, 4, 5, 6, 7]",8,8,-1
2338,1,1,0,none,"[0, 1, 3, 4, 5, 6, 7]",7,7,2
2339,2,0,1,mandatory_skip,"[0, 1, 2, 3, 5, 6, 7]",7,7,-1
2340,2,0,1,unauthorized_jump,"[0, 1, 2, 6, 7]",5,5,-1
2341,2,0,1,excess_dwell,"[0, 1, 2, 3, 3, 3, 3, 4, 5, 6, 7]",11,10,-1
2342,2,0,1,excess_dwell,"[0, 1, 2, 3, 4, 5, 5, 5, 5, 6, 7]",11,10,-1
2343,1,1,0,none,"[0, 1, 2, 3, 4, 5, 6, 7]",8,5,6
2344,2,0,1,excess_dwell,"[0, 1, 2, 3, 4, 4, 4, 4, 5, 6, 7]",11,10,-1
2345,2,0,1,mandatory_skip,"[0, 1, 3, 4, 5, 6, 7]",7,5,-1
2346,2,0,1,reverse,"[0, 1, 2, 1, 3, 4, 5, 6, 7]",9,8,-1
2347,1,1,0,none,"[0, 1, 3, 4, 5, 6, 7]",7,7,-1
2348,1,1,0,none,"[0, 1, 2, 3, 4, 5, 6, 7]",8,8,7
2349,1,1,0,none,"[0, 1, 3, 4, 5, 6, 7]",7,6,-1
2350,1,1,0,none,"[0, 1, 2, 3, 4, 5, 6, 7]",8,8,-1
2351,0,0,0,none,"[0, 1, 2, 3, 4, 5, 6, 7]",8,8,-1
2352,2,0,1,mandatory_skip,"[0, 1, 2, 3, 5, 6, 7]",7,8,-1
2353,0,0,0,none,"[0, 1, 2, 3, 4, 5, 6, 7]",8,8,-1
2354,1,1,0,none,"[0, 1, 2, 3, 5, 6, 7]",7,8,-1
2355,0,0,0,none,"[0, 1, 2, 3, 4, 5, 6, 7]",8,8,-1
2356,2,0,1,unauthorized_jump,"[0, 1, 5, 6, 7]",5,6,-1
2357,2,0,1,unauthorized_jump,"[0, 1, 2, 5, 6, 7]",6,6,-1
2358,1,1,0,none,"[0, 1, 3, 4, 5, 6, 7]",7,6,-1
2359,1,1,0,none,"[0, 1, 2, 3, 4, 5, 6, 7]",8,8,-1
2360,1,1,0,none,"[0, 1, 2, 3, 4, 5, 6, 7]",8,8,-1
2361,2,0,1,reverse,"[0, 1, 2, 3, 4, 5, 4, 6, 7]",9,8,-1
2362,0,0,0,none,"[0, 1, 2, 3, 5, 6, 7]",7,7,-1
2363,1,1,0,none,"[0, 1, 2, 3, 4, 5, 6, 7]",8,7,-1
2364,0,0,0,none,"[0, 1, 2, 3, 4, 5, 6, 7]",8,6,-1
2365,2,0,1,mandatory_skip,"[0, 1, 2, 3, 5, 6, 7]",7,7,-1
2366,0,0,0,none,"[0, 1, 2, 3, 4, 5, 6, 7]",8,10,-1
2367,0,0,0,none,"[0, 1, 2, 3, 4, 5, 6, 7]",8,8,-1
2368,2,0,1,mandatory_skip,"[0, 1, 3, 4, 5, 6, 7]",7,5,0
2369,0,0,0,none,"[0, 1, 2, 3, 4, 5, 6, 7]",8,8,6
2370,0,0,0,none,"[0, 1, 2, 3, 4, 5, 6, 7]",8,7,-1
2371,0,0,0,none,"[0, 1, 2, 3, 4, 5, 6, 7]",8,7,-1
2372,2,0,1,mandatory_skip,"[0, 1, 3, 4, 5, 6, 7]",7,6,-1
2373,2,0,1,unauthorized_jump,"[0, 1, 2, 3, 7]",5,5,-1
2374,2,0,1,reverse,"[0, 1, 2, 1, 3, 4, 5, 6, 7]",9,9,-1
2375,2,0,1,excess_dwell,"[0, 1, 2, 3, 4, 5, 5, 5, 5, 6, 7]",11,12,-1
2376,1,1,0,none,"[0, 1, 2, 3, 4, 5, 6, 7]",8,4,-1
2377,2,0,1,unauthorized_jump,"[0, 1, 2, 5, 6, 7]",6,5,-1
2378,0,0,0,none,"[0, 1, 2, 3, 5, 6, 7]",7,6,-1
2379,0,0,0,none,"[0, 1, 2, 3, 5, 6, 7]",7,7,-1
2380,1,1,0,none,"[0, 1, 3, 4, 5, 6, 7]",7,7,7
2381,1,1,0,none,"[0, 1, 2, 3, 4, 5, 6, 7]",8,11,-1
2382,2,0,1,mandatory_skip,"[0, 1, 2, 3, 4, 5, 7]",7,6,-1
2383,1,1,0,none,"[0, 1, 2, 3, 4, 5, 6, 7]",8,9,-1
2384,1,1,0,none,"[0, 1, 2, 3, 4, 5, 6, 7]",8,6,-1
2385,0,0,0,none,"[0, 1, 3, 4, 5, 6, 7]",7,8,-1
2386,0,0,0,none,"[0, 1, 2, 3, 4, 5, 6, 7]",8,9,-1
2387,0,0,0,none,"[0, 1, 2, 3, 5, 6, 7]",7,6,-1
2388,1,1,0,none,"[0, 1, 2, 3, 4, 5, 6, 7]",8,3,1
2389,1,1,0,none,"[0, 1, 3, 4, 5, 6, 7]",7,6,0
2390,0,0,0,none,"[0, 1, 3, 4, 5, 6, 7]",7,7,-1
2391,1,1,0,none,"[0, 1, 2, 3, 4, 5, 6, 7]",8,8,-1
2392,0,0,0,none,"[0, 1, 2, 3, 4, 5, 6, 7]",8,9,-1
2393,0,0,0,none,"[0, 1, 2, 3, 4, 5, 6, 7]",8,7,-1
2394,1,1,0,none,"[0, 1, 2, 3, 4, 5, 6, 7]",8,3,-1
2395,0,0,0,none,"[0, 1, 2, 3, 5, 6, 7]",7,7,-1
2396,1,1,0,none,"[0, 1, 2, 3, 4, 5, 6, 7]",8,6,6
2397,0,0,0,none,"[0, 1, 2, 3, 4, 5, 6, 7]",8,8,-1
2398,2,0,1,mandatory_skip,"[0, 1, 3, 4, 5, 6, 7]",7,7,-1
2399,0,0,0,none,"[0, 1, 2, 3, 4, 5, 6, 7]",8,8,-1
2400,0,0,0,none,"[0, 1, 2, 3, 4, 5, 6, 7]",8,9,-1
2401,0,0,0,none,"[0, 1, 2, 3, 4, 5, 6, 7]",8,11,-1
2402,2,0,1,unauthorized_jump,"[0, 1, 2, 3, 6, 7]",6,6,-1
2403,2,0,1,mandatory_skip,"[0, 1, 3, 4, 5, 6, 7]",7,7,-1
2404,2,0,1,reverse,"[0, 1, 2, 3, 2, 4, 5, 6, 7]",9,9,-1
2405,2,0,1,mandatory_skip,"[0, 1, 2, 3, 4, 5, 7]",7,7,-1
2406,1,1,0,none,"[0, 1, 2, 3, 4, 5, 6, 7]",8,8,0
2407,2,0,1,mandatory_skip,"[0, 1, 3, 4, 5, 6, 7]",7,5,-1
2408,2,0,1,reverse,"[0, 1, 2, 1, 3, 4, 5, 6, 7]",9,9,-1
2409,1,1,0,none,"[0, 1, 3, 4, 5, 6, 7]",7,3,-1
2410,0,0,0,none,"[0, 1, 2, 3, 4, 5, 6, 7]",8,7,-1
2411,2,0,1,mandatory_skip,"[0, 1, 3, 4, 5, 6, 7]",7,7,-1
2412,0,0,0,none,"[0, 1, 2, 3, 4, 5, 6, 7]",8,8,-1
2413,1,1,0,none,"[0, 1, 2, 3, 4, 5, 6, 7]",8,9,-1
2414,2,0,1,mandatory_skip,"[0, 1, 3, 4, 5, 6, 7]",7,5,-1
2415,1,1,0,none,"[0, 1, 2, 3, 4, 5, 6, 7]",8,7,-1
2416,2,0,1,excess_dwell,"[0, 1, 2, 2, 2, 2, 3, 4, 5, 6, 7]",11,12,-1
2417,2,0,1,unauthorized_jump,"[0, 1, 2, 6, 7]",5,5,-1
2418,2,0,1,excess_dwell,"[0, 1, 2, 3, 4, 4, 4, 4, 5, 6, 7]",11,13,-1
2419,2,0,1,reverse,"[0, 1, 2, 3, 4, 3, 5, 6, 7]",9,10,-1
2420,1,1,0,none,"[0, 1, 2, 3, 4, 5, 6, 7]",8,6,5
2421,0,0,0,none,"[0, 1, 3, 4, 5, 6, 7]",7,8,-1
2422,1,1,0,none,"[0, 1, 3, 4, 5, 6, 7]",7,6,-1
2423,1,1,0,none,"[0, 1, 2, 3, 4, 5, 6, 7]",8,7,5
2424,0,0,0,none,"[0, 1, 2, 3, 4, 5, 6, 7]",8,9,-1
2425,1,1,0,none,"[0, 1, 2, 3, 5, 6, 7]",7,8,-1
2426,0,0,0,none,"[0, 1, 2, 3, 4, 5, 6, 7]",8,9,-1
2427,2,0,1,unauthorized_jump,"[0, 1, 5, 6, 7]",5,4,-1
2428,2,0,1,excess_dwell,"[0, 1, 2, 3, 4, 5, 5, 5, 5, 6, 7]",11,11,-1
2429,0,0,0,none,"[0, 1, 2, 3, 4, 5, 6, 7]",8,8,-1
2430,2,0,1,unauthorized_jump,"[0, 1, 2, 5, 6, 7]",6,5,-1
2431,0,0,0,none,"[0, 1, 3, 4, 5, 6, 7]",7,8,-1
2432,1,1,0,none,"[0, 1, 2, 3, 4, 5, 6, 7]",8,8,-1
2433,0,0,0,none,"[0, 1, 2, 3, 4, 5, 6, 7]",8,7,-1
2434,2,0,1,mandatory_skip,"[0, 1, 2, 3, 5, 6, 7]",7,7,-1
2435,2,0,1,excess_dwell,"[0, 1, 2, 3, 4, 5, 5, 5, 5, 6, 7]",11,10,-1
2436,0,0,0,none,"[0, 1, 2, 3, 4, 5, 6, 7]",8,8,-1
2437,0,0,0,none,"[0, 1, 2, 3, 4, 5, 6, 7]",8,8,-1
2438,2,0,1,mandatory_skip,"[0, 1, 3, 4, 5, 6, 7]",7,5,-1
2439,1,1,0,none,"[0, 1, 2, 3, 4, 5, 6, 7]",8,7,-1
2440,0,0,0,none,"[0, 1, 2, 3, 4, 5, 6, 7]",8,6,-1
2441,0,0,0,none,"[0, 1, 2, 3, 4, 5, 6, 7]",8,8,-1
2442,0,0,0,none,"[0, 1, 2, 3, 4, 5, 6, 7]",8,7,-1
2443,0,0,0,none,"[0, 1, 2, 3, 4, 5, 6, 7]",8,10,-1
2444,2,0,1,mandatory_skip,"[0, 1, 2, 3, 5, 6, 7]",7,7,-1
2445,0,0,0,none,"[0, 1, 2, 3, 4, 5, 6, 7]",8,9,-1
2446,2,0,1,reverse,"[0, 1, 2, 1, 3, 4, 5, 6, 7]",9,8,-1
2447,1,1,0,none,"[0, 1, 2, 3, 4, 5, 6, 7]",8,6,-1
2448,1,1,0,none,"[0, 1, 3, 4, 5, 6, 7]",7,7,-1
2449,1,1,0,none,"[0, 1, 2, 3, 4, 5, 6, 7]",8,8,-1
2450,1,1,0,none,"[0, 1, 2, 3, 5, 6, 7]",7,4,-1
2451,1,1,0,none,"[0, 1, 2, 3, 4, 5, 6, 7]",8,10,-1
2452,0,0,0,none,"[0, 1, 2, 3, 4, 5, 6, 7]",8,8,-1
2453,1,1,0,none,"[0, 1, 2, 3, 4, 5, 6, 7]",8,10,6
2454,2,0,1,unauthorized_jump,"[0, 1, 2, 3, 6, 7]",6,5,-1
2455,1,1,0,none,"[0, 1, 2, 3, 4, 5, 6, 7]",8,10,-1
2456,1,1,0,none,"[0, 1, 2, 3, 5, 6, 7]",7,6,-1
2457,2,0,1,excess_dwell,"[0, 1, 2, 3, 3, 3, 3, 4, 5, 6, 7]",11,7,3
2458,0,0,0,none,"[0, 1, 2, 3, 4, 5, 6, 7]",8,9,-1
2459,0,0,0,none,"[0, 1, 2, 3, 4, 5, 6, 7]",8,8,-1
2460,2,0,1,mandatory_skip,"[0, 1, 3, 4, 5, 6, 7]",7,8,-1
2461,0,0,0,none,"[0, 1, 2, 3, 4, 5, 6, 7]",8,8,-1
2462,0,0,0,none,"[0, 1, 2, 3, 4, 5, 6, 7]",8,8,-1
2463,1,1,0,none,"[0, 1, 2, 3, 4, 5, 6, 7]",8,6,1
2464,0,0,0,none,"[0, 1, 2, 3, 4, 5, 6, 7]",8,9,-1
2465,0,0,0,none,"[0, 1, 2, 3, 4, 5, 6, 7]",8,8,-1
2466,2,0,1,reverse,"[0, 1, 2, 3, 4, 3, 5, 6, 7]",9,9,-1
2467,1,1,0,none,"[0, 1, 2, 3, 4, 5, 6, 7]",8,6,-1
2468,1,1,0,none,"[0, 1, 2, 3, 5, 6, 7]",7,9,-1
2469,0,0,0,none,"[0, 1, 2, 3, 4, 5, 6, 7]",8,8,-1
2470,1,1,0,none,"[0, 1, 2, 3, 5, 6, 7]",7,5,6
2471,2,0,1,unauthorized_jump,"[0, 1, 4, 5, 6, 7]",6,5,-1
2472,2,0,1,unauthorized_jump,"[0, 1, 5, 6, 7]",5,4,-1
2473,0,0,0,none,"[0, 1, 2, 3, 4, 5, 6, 7]",8,8,-1
2474,2,0,1,mandatory_skip,"[0, 1, 2, 3, 4, 5, 7]",7,6,-1
2475,1,1,0,none,"[0, 1, 2, 3, 4, 5, 6, 7]",8,8,-1
2476,2,0,1,mandatory_skip,"[0, 1, 3, 4, 5, 6, 7]",7,6,1
2477,0,0,0,none,"[0, 1, 2, 3, 4, 5, 6, 7]",8,8,-1
2478,0,0,0,none,"[0, 1, 3, 4, 5, 6, 7]",7,7,-1
2479,0,0,0,none,"[0, 1, 2, 3, 4, 5, 6, 7]",8,9,-1
2480,0,0,0,none,"[0, 1, 2, 3, 4, 5, 6, 7]",8,7,-1
2481,1,1,0,none,"[0, 1, 2, 3, 4, 5, 6, 7]",8,7,-1
2482,1,1,0,none,"[0, 1, 2, 3, 4, 5, 6, 7]",8,7,7
2483,2,0,1,reverse,"[0, 1, 2, 1, 3, 4, 5, 6, 7]",9,10,-1
2484,1,1,0,none,"[0, 1, 2, 3, 4, 5, 6, 7]",8,8,-1
2485,0,0,0,none,"[0, 1, 2, 3, 4, 5, 6, 7]",8,8,-1
2486,2,0,1,mandatory_skip,"[0, 1, 3, 4, 5, 6, 7]",7,6,-1
2487,1,1,0,none,"[0, 1, 3, 4, 5, 6, 7]",7,3,2
2488,2,0,1,mandatory_skip,"[0, 1, 3, 4, 5, 6, 7]",7,9,-1
2489,0,0,0,none,"[0, 1, 3, 4, 5, 6, 7]",7,6,-1
2490,0,0,0,none,"[0, 1, 2, 3, 4, 5, 6, 7]",8,10,-1
2491,0,0,0,none,"[0, 1, 2, 3, 4, 5, 6, 7]",8,10,-1
2492,1,1,0,none,"[0, 1, 2, 3, 4, 5, 6, 7]",8,7,-1
2493,0,0,0,none,"[0, 1, 3, 4, 5, 6, 7]",7,8,-1
2494,1,1,0,none,"[0, 1, 2, 3, 4, 5, 6, 7]",8,3,-1
2495,1,1,0,none,"[0, 1, 2, 3, 5, 6, 7]",7,7,-1
2496,1,1,0,none,"[0, 1, 3, 4, 5, 6, 7]",7,5,0
2497,1,1,0,none,"[0, 1, 3, 4, 5, 6, 7]",7,5,5
2498,2,0,1,excess_dwell,"[0, 1, 2, 2, 2, 2, 3, 4, 5, 6, 7]",11,8,-1
2499,0,0,0,none,"[0, 1, 2, 3, 5, 6, 7]",7,8,-1
2500,1,1,0,none,"[0, 1, 2, 3, 4, 5, 6, 7]",8,5,-1
2501,2,0,1,mandatory_skip,"[0, 1, 2, 3, 5, 6, 7]",7,6,-1
2502,1,1,0,none,"[0, 1, 2, 3, 4, 5, 6, 7]",8,8,-1
2503,2,0,1,unauthorized_jump,"[0, 1, 2, 5, 6, 7]",6,6,-1
2504,0,0,0,none,"[0, 1, 2, 3, 4, 5, 6, 7]",8,8,-1
2505,0,0,0,none,"[0, 1, 2, 3, 4, 5, 6, 7]",8,8,-1
2506,0,0,0,none,"[0, 1, 2, 3, 4, 5, 6, 7]",8,10,-1
2507,0,0,0,none,"[0, 1, 3, 4, 5, 6, 7]",7,6,-1
2508,0,0,0,none,"[0, 1, 2, 3, 4, 5, 6, 7]",8,6,-1
2509,2,0,1,mandatory_skip,"[0, 1, 3, 4, 5, 6, 7]",7,4,-1
2510,0,0,0,none,"[0, 1, 2, 3, 4, 5, 6, 7]",8,7,-1
2511,0,0,0,none,"[0, 1, 2, 3, 4, 5, 6, 7]",8,9,-1
2512,2,0,1,reverse,"[0, 1, 2, 1, 3, 4, 5, 6, 7]",9,9,-1
2513,1,1,0,none,"[0, 1, 2, 3, 4, 5, 6, 7]",8,6,-1
2514,0,0,0,none,"[0, 1, 2, 3, 4, 5, 6, 7]",8,8,-1
2515,1,1,0,none,"[0, 1, 2, 3, 4, 5, 6, 7]",8,4,-1
2516,1,1,0,none,"[0, 1, 3, 4, 5, 6, 7]",7,9,-1
2517,0,0,0,none,"[0, 1, 2, 3, 4, 5, 6, 7]",8,9,-1
2518,1,1,0,none,"[0, 1, 2, 3, 4, 5, 6, 7]",8,6,-1
2519,2,0,1,mandatory_skip,"[0, 1, 2, 3, 5, 6, 7]",7,7,-1
2520,0,0,0,none,"[0, 1, 2, 3, 4, 5, 6, 7]",8,9,-1
2521,0,0,0,none,"[0, 1, 2, 3, 4, 5, 6, 7]",8,9,-1
2522,0,0,0,none,"[0, 1, 2, 3, 5, 6, 7]",7,6,-1
2523,0,0,0,none,"[0, 1, 3, 4, 5, 6, 7]",7,8,-1
2524,1,1,0,none,"[0, 1, 2, 3, 4, 5, 6, 7]",8,10,-1
2525,1,1,0,none,"[0, 1, 2, 3, 4, 5, 6, 7]",8,6,-1
2526,0,0,0,none,"[0, 1, 2, 3, 4, 5, 6, 7]",8,10,-1
2527,0,0,0,none,"[0, 1, 3, 4, 5, 6, 7]",7,8,-1
2528,1,1,0,none,"[0, 1, 2, 3, 4, 5, 6, 7]",8,3,-1
2529,2,0,1,excess_dwell,"[0, 1, 2, 3, 3, 3, 3, 4, 5, 6, 7]",11,8,-1
2530,1,1,0,none,"[0, 1, 2, 3, 4, 5, 6, 7]",8,9,-1
2531,2,0,1,mandatory_skip,"[0, 1, 2, 3, 5, 6, 7]",7,7,-1
2532,2,0,1,reverse,"[0, 1, 2, 3, 4, 5, 4, 6, 7]",9,9,-1
2533,0,0,0,none,"[0, 1, 2, 3, 4, 5, 6, 7]",8,7,-1
2534,2,0,1,reverse,"[0, 1, 2, 1, 3, 4, 5, 6, 7]",9,9,-1
2535,0,0,0,none,"[0, 1, 2, 3, 4, 5, 6, 7]",8,7,-1
2536,2,0,1,mandatory_skip,"[0, 1, 2, 3, 4, 5, 7]",7,6,-1
2537,0,0,0,none,"[0, 1, 2, 3, 4, 5, 6, 7]",8,8,-1
2538,2,0,1,unauthorized_jump,"[0, 1, 2, 6, 7]",5,7,-1
2539,2,0,1,mandatory_skip,"[0, 1, 3, 4, 5, 6, 7]",7,8,-1
2540,0,0,0,none,"[0, 1, 2, 3, 4, 5, 6, 7]",8,10,-1
2541,0,0,0,none,"[0, 1, 2, 3, 4, 5, 6, 7]",8,7,-1
2542,0,0,0,none,"[0, 1, 2, 3, 4, 5, 6, 7]",8,8,-1
2543,0,0,0,none,"[0, 1, 2, 3, 4, 5, 6, 7]",8,8,-1
2544,2,0,1,reverse,"[0, 1, 2, 1, 3, 4, 5, 6, 7]",9,9,-1
2545,1,1,0,none,"[0, 1, 2, 3, 4, 5, 6, 7]",8,5,2
2546,2,0,1,mandatory_skip,"[0, 1, 2, 3, 5, 6, 7]",7,7,-1
2547,1,1,0,none,"[0, 1, 3, 4, 5, 6, 7]",7,4,-1
2548,0,0,0,none,"[0, 1, 2, 3, 4, 5, 6, 7]",8,8,-1
2549,0,0,0,none,"[0, 1, 2, 3, 4, 5, 6, 7]",8,8,-1
2550,2,0,1,unauthorized_jump,"[0, 1, 2, 6, 7]",5,5,-1
2551,0,0,0,none,"[0, 1, 2, 3, 4, 5, 6, 7]",8,8,-1
2552,0,0,0,none,"[0, 1, 2, 3, 4, 5, 6, 7]",8,8,-1
2553,1,1,0,none,"[0, 1, 2, 3, 4, 5, 6, 7]",8,9,-1
2554,2,0,1,mandatory_skip,"[0, 1, 3, 4, 5, 6, 7]",7,8,-1
2555,1,1,0,none,"[0, 1, 2, 3, 4, 5, 6, 7]",8,7,-1
2556,2,0,1,reverse,"[0, 1, 2, 1, 3, 4, 5, 6, 7]",9,9,-1
2557,2,0,1,mandatory_skip,"[0, 1, 3, 4, 5, 6, 7]",7,6,-1
2558,0,0,0,none,"[0, 1, 2, 3, 5, 6, 7]",7,7,-1
2559,0,0,0,none,"[0, 1, 3, 4, 5, 6, 7]",7,7,-1
2560,0,0,0,none,"[0, 1, 3, 4, 5, 6, 7]",7,8,-1
2561,1,1,0,none,"[0, 1, 2, 3, 4, 5, 6, 7]",8,9,-1
2562,0,0,0,none,"[0, 1, 3, 4, 5, 6, 7]",7,7,-1
2563,0,0,0,none,"[0, 1, 2, 3, 4, 5, 6, 7]",8,7,-1
2564,0,0,0,none,"[0, 1, 2, 3, 4, 5, 6, 7]",8,6,-1
2565,0,0,0,none,"[0, 1, 2, 3, 4, 5, 6, 7]",8,8,-1
2566,1,1,0,none,"[0, 1, 2, 3, 4, 5, 6, 7]",8,9,-1
2567,0,0,0,none,"[0, 1, 2, 3, 4, 5, 6, 7]",8,9,-1
2568,1,1,0,none,"[0, 1, 2, 3, 4, 5, 6, 7]",8,8,-1
2569,1,1,0,none,"[0, 1, 2, 3, 4, 5, 6, 7]",8,8,-1
2570,0,0,0,none,"[0, 1, 2, 3, 4, 5, 6, 7]",8,9,-1
2571,2,0,1,reverse,"[0, 1, 2, 1, 3, 4, 5, 6, 7]",9,10,-1
2572,1,1,0,none,"[0, 1, 2, 3, 4, 5, 6, 7]",8,10,-1
2573,2,0,1,mandatory_skip,"[0, 1, 2, 3, 5, 6, 7]",7,7,-1
2574,2,0,1,unauthorized_jump,"[0, 1, 2, 5, 6, 7]",6,7,-1
2575,0,0,0,none,"[0, 1, 2, 3, 4, 5, 6, 7]",8,8,-1
2576,0,0,0,none,"[0, 1, 2, 3, 4, 5, 6, 7]",8,6,-1
2577,2,0,1,excess_dwell,"[0, 1, 2, 3, 4, 4, 4, 4, 5, 6, 7]",11,9,-1
2578,2,0,1,mandatory_skip,"[0, 1, 2, 3, 5, 6, 7]",7,9,-1
2579,0,0,0,none,"[0, 1, 2, 3, 4, 5, 6, 7]",8,9,-1
2580,2,0,1,reverse,"[0, 1, 2, 3, 2, 4, 5, 6, 7]",9,7,-1
2581,1,1,0,none,"[0, 1, 3, 4, 5, 6, 7]",7,7,-1
2582,0,0,0,none,"[0, 1, 2, 3, 4, 5, 6, 7]",8,9,-1
2583,1,1,0,none,"[0, 1, 2, 3, 4, 5, 6, 7]",8,6,2
2584,1,1,0,none,"[0, 1, 2, 3, 4, 5, 6, 7]",8,6,4
2585,1,1,0,none,"[0, 1, 2, 3, 4, 5, 6, 7]",8,10,-1
2586,0,0,0,none,"[0, 1, 2, 3, 4, 5, 6, 7]",8,8,-1
2587,1,1,0,none,"[0, 1, 2, 3, 4, 5, 6, 7]",8,10,-1
2588,2,0,1,excess_dwell,"[0, 1, 2, 3, 3, 3, 3, 4, 5, 6, 7]",11,9,-1
2589,1,1,0,none,"[0, 1, 2, 3, 5, 6, 7]",7,10,-1
2590,1,1,0,none,"[0, 1, 2, 3, 4, 5, 6, 7]",8,2,3
2591,0,0,0,none,"[0, 1, 2, 3, 4, 5, 6, 7]",8,8,-1
2592,2,0,1,reverse,"[0, 1, 2, 3, 2, 4, 5, 6, 7]",9,9,-1
2593,1,1,0,none,"[0, 1, 2, 3, 4, 5, 6, 7]",8,5,-1
2594,0,0,0,none,"[0, 1, 2, 3, 4, 5, 6, 7]",8,9,-1
2595,2,0,1,unauthorized_jump,"[0, 1, 4, 5, 6, 7]",6,7,-1
2596,2,0,1,unauthorized_jump,"[0, 1, 5, 6, 7]",5,4,-1
2597,1,1,0,none,"[0, 1, 2, 3, 4, 5, 6, 7]",8,10,-1
2598,2,0,1,reverse,"[0, 1, 2, 3, 4, 5, 4, 6, 7]",9,9,-1
2599,1,1,0,none,"[0, 1, 2, 3, 4, 5, 6, 7]",8,6,3
2600,2,0,1,reverse,"[0, 1, 2, 1, 3, 4, 5, 6, 7]",9,9,-1
2601,2,0,1,excess_dwell,"[0, 1, 2, 2, 2, 2, 3, 4, 5, 6, 7]",11,12,-1
2602,1,1,0,none,"[0, 1, 3, 4, 5, 6, 7]",7,4,3
2603,2,0,1,reverse,"[0, 1, 2, 3, 4, 3, 5, 6, 7]",9,9,-1
2604,2,0,1,unauthorized_jump,"[0, 1, 2, 6, 7]",5,5,-1
2605,1,1,0,none,"[0, 1, 2, 3, 4, 5, 6, 7]",8,11,-1
2606,1,1,0,none,"[0, 1, 2, 3, 4, 5, 6, 7]",8,8,-1
2607,2,0,1,reverse,"[0, 1, 2, 3, 2, 4, 5, 6, 7]",9,8,-1
2608,2,0,1,unauthorized_jump,"[0, 1, 4, 5, 6, 7]",6,6,-1
2609,0,0,0,none,"[0, 1, 2, 3, 4, 5, 6, 7]",8,8,-1
2610,0,0,0,none,"[0, 1, 2, 3, 5, 6, 7]",7,8,-1
2611,2,0,1,mandatory_skip,"[0, 1, 2, 3, 5, 6, 7]",7,5,-1
2612,0,0,0,none,"[0, 1, 2, 3, 4, 5, 6, 7]",8,10,-1
2613,2,0,1,excess_dwell,"[0, 1, 2, 3, 4, 5, 5, 5, 5, 6, 7]",11,11,-1
2614,1,1,0,none,"[0, 1, 2, 3, 4, 5, 6, 7]",8,7,5
2615,2,0,1,unauthorized_jump,"[0, 1, 2, 5, 6, 7]",6,5,-1
2616,2,0,1,unauthorized_jump,"[0, 1, 2, 6, 7]",5,4,6
2617,1,1,0,none,"[0, 1, 2, 3, 4, 5, 6, 7]",8,6,-1
2618,2,0,1,unauthorized_jump,"[0, 1, 2, 6, 7]",5,5,-1
2619,1,1,0,none,"[0, 1, 2, 3, 4, 5, 6, 7]",8,6,-1
2620,0,0,0,none,"[0, 1, 2, 3, 4, 5, 6, 7]",8,8,-1
2621,2,0,1,excess_dwell,"[0, 1, 2, 3, 3, 3, 3, 4, 5, 6, 7]",11,11,-1
2622,2,0,1,mandatory_skip,"[0, 1, 2, 3, 4, 5, 7]",7,7,-1
2623,0,0,0,none,"[0, 1, 2, 3, 4, 5, 6, 7]",8,8,-1
2624,1,1,0,none,"[0, 1, 2, 3, 4, 5, 6, 7]",8,9,-1
2625,1,1,0,none,"[0, 1, 2, 3, 4, 5, 6, 7]",8,4,5
2626,0,0,0,none,"[0, 1, 2, 3, 4, 5, 6, 7]",8,9,-1
2627,0,0,0,none,"[0, 1, 3, 4, 5, 6, 7]",7,9,-1
2628,0,0,0,none,"[0, 1, 2, 3, 4, 5, 6, 7]",8,8,-1
2629,0,0,0,none,"[0, 1, 2, 3, 4, 5, 6, 7]",8,10,-1
2630,1,1,0,none,"[0, 1, 2, 3, 5, 6, 7]",7,7,-1
2631,2,0,1,reverse,"[0, 1, 2, 3, 2, 4, 5, 6, 7]",9,10,-1
2632,0,0,0,none,"[0, 1, 2, 3, 4, 5, 6, 7]",8,9,-1
2633,0,0,0,none,"[0, 1, 2, 3, 4, 5, 6, 7]",8,7,-1
2634,2,0,1,reverse,"[0, 1, 2, 3, 4, 3, 5, 6, 7]",9,9,-1
2635,0,0,0,none,"[0, 1, 2, 3, 4, 5, 6, 7]",8,8,-1
2636,2,0,1,mandatory_skip,"[0, 1, 2, 3, 4, 5, 7]",7,8,-1
2637,1,1,0,none,"[0, 1, 2, 3, 4, 5, 6, 7]",8,6,5
2638,1,1,0,none,"[0, 1, 2, 3, 4, 5, 6, 7]",8,8,-1
2639,1,1,0,none,"[0, 1, 2, 3, 4, 5, 6, 7]",8,7,-1
2640,1,1,0,none,"[0, 1, 2, 3, 4, 5, 6, 7]",8,6,-1
2641,2,0,1,reverse,"[0, 1, 2, 3, 4, 3, 5, 6, 7]",9,9,-1
2642,0,0,0,none,"[0, 1, 2, 3, 5, 6, 7]",7,7,-1
2643,2,0,1,reverse,"[0, 1, 2, 3, 2, 4, 5, 6, 7]",9,10,-1
2644,2,0,1,unauthorized_jump,"[0, 1, 2, 5, 6, 7]",6,7,-1
2645,1,1,0,none,"[0, 1, 2, 3, 5, 6, 7]",7,7,-1
2646,1,1,0,none,"[0, 1, 2, 3, 4, 5, 6, 7]",8,5,4
2647,0,0,0,none,"[0, 1, 2, 3, 5, 6, 7]",7,7,-1
2648,2,0,1,mandatory_skip,"[0, 1, 3, 4, 5, 6, 7]",7,7,-1
2649,0,0,0,none,"[0, 1, 2, 3, 4, 5, 6, 7]",8,6,-1
2650,1,1,0,none,"[0, 1, 3, 4, 5, 6, 7]",7,5,7
2651,2,0,1,excess_dwell,"[0, 1, 2, 2, 2, 2, 3, 4, 5, 6, 7]",11,10,-1
2652,2,0,1,reverse,"[0, 1, 2, 3, 4, 3, 5, 6, 7]",9,9,-1
2653,2,0,1,excess_dwell,"[0, 1, 2, 3, 3, 3, 3, 4, 5, 6, 7]",11,10,-1
2654,0,0,0,none,"[0, 1, 2, 3, 5, 6, 7]",7,5,-1
2655,0,0,0,none,"[0, 1, 2, 3, 4, 5, 6, 7]",8,11,-1
2656,1,1,0,none,"[0, 1, 2, 3, 4, 5, 6, 7]",8,6,-1
2657,2,0,1,unauthorized_jump,"[0, 1, 5, 6, 7]",5,4,-1
2658,1,1,0,none,"[0, 1, 2, 3, 4, 5, 6, 7]",8,6,-1
2659,2,0,1,unauthorized_jump,"[0, 1, 2, 3, 6, 7]",6,5,-1
2660,0,0,0,none,"[0, 1, 2, 3, 4, 5, 6, 7]",8,9,-1
2661,0,0,0,none,"[0, 1, 2, 3, 4, 5, 6, 7]",8,7,-1
2662,0,0,0,none,"[0, 1, 2, 3, 4, 5, 6, 7]",8,8,-1
2663,1,1,0,none,"[0, 1, 2, 3, 4, 5, 6, 7]",8,8,-1
2664,2,0,1,reverse,"[0, 1, 2, 3, 4, 5, 4, 6, 7]",9,10,-1
2665,0,0,0,none,"[0, 1, 2, 3, 4, 5, 6, 7]",8,6,0
2666,2,0,1,reverse,"[0, 1, 2, 3, 4, 5, 4, 6, 7]",9,9,-1
2667,0,0,0,none,"[0, 1, 2, 3, 4, 5, 6, 7]",8,8,-1
2668,0,0,0,none,"[0, 1, 2, 3, 4, 5, 6, 7]",8,6,-1
2669,0,0,0,none,"[0, 1, 2, 3, 4, 5, 6, 7]",8,9,-1
2670,2,0,1,unauthorized_jump,"[0, 1, 4, 5, 6, 7]",6,6,-1
2671,1,1,0,none,"[0, 1, 3, 4, 5, 6, 7]",7,5,-1
2672,0,0,0,none,"[0, 1, 2, 3, 5, 6, 7]",7,5,-1
2673,0,0,0,none,"[0, 1, 2, 3, 4, 5, 6, 7]",8,9,-1
2674,0,0,0,none,"[0, 1, 2, 3, 5, 6, 7]",7,9,-1
2675,1,1,0,none,"[0, 1, 2, 3, 4, 5, 6, 7]",8,5,0
2676,1,1,0,none,"[0, 1, 2, 3, 4, 5, 6, 7]",8,7,-1
2677,0,0,0,none,"[0, 1, 2, 3, 4, 5, 6, 7]",8,7,-1
2678,1,1,0,none,"[0, 1, 2, 3, 5, 6, 7]",7,8,1
2679,0,0,0,none,"[0, 1, 2, 3, 4, 5, 6, 7]",8,7,-1
2680,0,0,0,none,"[0, 1, 3, 4, 5, 6, 7]",7,7,-1
2681,0,0,0,none,"[0, 1, 2, 3, 5, 6, 7]",7,6,-1
2682,0,0,0,none,"[0, 1, 2, 3, 5, 6, 7]",7,7,-1
2683,0,0,0,none,"[0, 1, 2, 3, 4, 5, 6, 7]",8,8,-1
2684,0,0,0,none,"[0, 1, 3, 4, 5, 6, 7]",7,7,-1
2685,0,0,0,none,"[0, 1, 2, 3, 4, 5, 6, 7]",8,6,-1
2686,1,1,0,none,"[0, 1, 2, 3, 4, 5, 6, 7]",8,7,-1
2687,2,0,1,unauthorized_jump,"[0, 1, 2, 3, 7]",5,5,-1
2688,1,1,0,none,"[0, 1, 2, 3, 4, 5, 6, 7]",8,10,-1
2689,0,0,0,none,"[0, 1, 2, 3, 4, 5, 6, 7]",8,9,-1
2690,1,1,0,none,"[0, 1, 2, 3, 4, 5, 6, 7]",8,9,-1
2691,1,1,0,none,"[0, 1, 3, 4, 5, 6, 7]",7,5,-1
2692,1,1,0,none,"[0, 1, 2, 3, 4, 5, 6, 7]",8,4,-1
2693,1,1,0,none,"[0, 1, 2, 3, 4, 5, 6, 7]",8,7,-1
2694,0,0,0,none,"[0, 1, 2, 3, 4, 5, 6, 7]",8,6,-1
2695,2,0,1,unauthorized_jump,"[0, 1, 5, 6, 7]",5,3,-1
2696,1,1,0,none,"[0, 1, 2, 3, 4, 5, 6, 7]",8,9,-1
2697,0,0,0,none,"[0, 1, 2, 3, 4, 5, 6, 7]",8,7,-1
2698,2,0,1,unauthorized_jump,"[0, 1, 4, 5, 6, 7]",6,7,-1
2699,1,1,0,none,"[0, 1, 3, 4, 5, 6, 7]",7,6,-1
2700,2,0,1,mandatory_skip,"[0, 1, 2, 3, 4, 5, 7]",7,7,-1
2701,1,1,0,none,"[0, 1, 2, 3, 4, 5, 6, 7]",8,7,-1
2702,0,0,0,none,"[0, 1, 3, 4, 5, 6, 7]",7,6,-1
2703,0,0,0,none,"[0, 1, 2, 3, 5, 6, 7]",7,6,-1
2704,2,0,1,reverse,"[0, 1, 2, 3, 4, 3, 5, 6, 7]",9,9,-1
2705,0,0,0,none,"[0, 1, 3, 4, 5, 6, 7]",7,8,-1
2706,1,1,0,none,"[0, 1, 2, 3, 4, 5, 6, 7]",8,6,-1
2707,1,1,0,none,"[0, 1, 2, 3, 5, 6, 7]",7,7,-1
2708,2,0,1,reverse,"[0, 1, 2, 1, 3, 4, 5, 6, 7]",9,8,-1
2709,0,0,0,none,"[0, 1, 2, 3, 5, 6, 7]",7,6,-1
2710,1,1,0,none,"[0, 1, 2, 3, 4, 5, 6, 7]",8,5,-1
2711,2,0,1,unauthorized_jump,"[0, 1, 2, 3, 6, 7]",6,7,-1
2712,2,0,1,unauthorized_jump,"[0, 1, 2, 6, 7]",5,7,-1
2713,0,0,0,none,"[0, 1, 2, 3, 4, 5, 6, 7]",8,7,-1
2714,0,0,0,none,"[0, 1, 2, 3, 4, 5, 6, 7]",8,9,-1
2715,1,1,0,none,"[0, 1, 3, 4, 5, 6, 7]",7,9,-1
2716,1,1,0,none,"[0, 1, 2, 3, 4, 5, 6, 7]",8,9,-1
2717,2,0,1,unauthorized_jump,"[0, 1, 5, 6, 7]",5,5,-1
2718,0,0,0,none,"[0, 1, 2, 3, 4, 5, 6, 7]",8,8,-1
2719,2,0,1,excess_dwell,"[0, 1, 2, 3, 4, 4, 4, 4, 5, 6, 7]",11,12,-1
2720,0,0,0,none,"[0, 1, 2, 3, 4, 5, 6, 7]",8,9,-1
2721,1,1,0,none,"[0, 1, 3, 4, 5, 6, 7]",7,5,-1
2722,1,1,0,none,"[0, 1, 2, 3, 4, 5, 6, 7]",8,6,3
2723,2,0,1,unauthorized_jump,"[0, 1, 4, 5, 6, 7]",6,4,-1
2724,1,1,0,none,"[0, 1, 2, 3, 4, 5, 6, 7]",8,5,-1
2725,1,1,0,none,"[0, 1, 2, 3, 4, 5, 6, 7]",8,9,-1
2726,1,1,0,none,"[0, 1, 2, 3, 4, 5, 6, 7]",8,5,3
2727,2,0,1,excess_dwell,"[0, 1, 2, 3, 4, 4, 4, 4, 5, 6, 7]",11,11,-1
2728,0,0,0,none,"[0, 1, 3, 4, 5, 6, 7]",7,8,-1
2729,1,1,0,none,"[0, 1, 2, 3, 4, 5, 6, 7]",8,7,-1
2730,1,1,0,none,"[0, 1, 2, 3, 4, 5, 6, 7]",8,10,-1
2731,1,1,0,none,"[0, 1, 2, 3, 4, 5, 6, 7]",8,7,-1
2732,0,0,0,none,"[0, 1, 2, 3, 4, 5, 6, 7]",8,7,-1
2733,0,0,0,none,"[0, 1, 3, 4, 5, 6, 7]",7,7,-1
2734,0,0,0,none,"[0, 1, 2, 3, 4, 5, 6, 7]",8,9,-1
2735,2,0,1,unauthorized_jump,"[0, 1, 5, 6, 7]",5,5,-1
2736,0,0,0,none,"[0, 1, 2, 3, 4, 5, 6, 7]",8,7,-1
2737,1,1,0,none,"[0, 1, 3, 4, 5, 6, 7]",7,5,-1
2738,0,0,0,none,"[0, 1, 3, 4, 5, 6, 7]",7,7,-1
2739,0,0,0,none,"[0, 1, 2, 3, 4, 5, 6, 7]",8,9,-1
2740,0,0,0,none,"[0, 1, 2, 3, 4, 5, 6, 7]",8,7,-1
2741,0,0,0,none,"[0, 1, 3, 4, 5, 6, 7]",7,8,-1
2742,1,1,0,none,"[0, 1, 3, 4, 5, 6, 7]",7,7,1
2743,2,0,1,mandatory_skip,"[0, 1, 2, 3, 4, 5, 7]",7,6,-1
2744,2,0,1,mandatory_skip,"[0, 1, 3, 4, 5, 6, 7]",7,7,-1
2745,0,0,0,none,"[0, 1, 2, 3, 4, 5, 6, 7]",8,7,-1
2746,1,1,0,none,"[0, 1, 3, 4, 5, 6, 7]",7,7,-1
2747,2,0,1,unauthorized_jump,"[0, 1, 5, 6, 7]",5,5,-1
2748,1,1,0,none,"[0, 1, 2, 3, 4, 5, 6, 7]",8,6,6
2749,2,0,1,mandatory_skip,"[0, 1, 2, 3, 4, 5, 7]",7,6,-1
2750,0,0,0,none,"[0, 1, 2, 3, 4, 5, 6, 7]",8,8,-1
2751,1,1,0,none,"[0, 1, 2, 3, 4, 5, 6, 7]",8,6,-1
2752,2,0,1,excess_dwell,"[0, 1, 2, 3, 3, 3, 3, 4, 5, 6, 7]",11,11,-1
2753,1,1,0,none,"[0, 1, 2, 3, 4, 5, 6, 7]",8,8,-1
2754,1,1,0,none,"[0, 1, 3, 4, 5, 6, 7]",7,4,-1
2755,0,0,0,none,"[0, 1, 2, 3, 4, 5, 6, 7]",8,6,-1
2756,1,1,0,none,"[0, 1, 2, 3, 5, 6, 7]",7,8,5
2757,2,0,1,mandatory_skip,"[0, 1, 3, 4, 5, 6, 7]",7,7,-1
2758,1,1,0,none,"[0, 1, 2, 3, 4, 5, 6, 7]",8,7,3
2759,2,0,1,excess_dwell,"[0, 1, 2, 3, 4, 4, 4, 4, 5, 6, 7]",11,11,-1
2760,1,1,0,none,"[0, 1, 2, 3, 4, 5, 6, 7]",8,5,3
2761,0,0,0,none,"[0, 1, 2, 3, 4, 5, 6, 7]",8,9,-1
2762,1,1,0,none,"[0, 1, 2, 3, 4, 5, 6, 7]",8,6,2
2763,1,1,0,none,"[0, 1, 2, 3, 5, 6, 7]",7,7,-1
2764,2,0,1,unauthorized_jump,"[0, 1, 5, 6, 7]",5,5,-1
2765,1,1,0,none,"[0, 1, 2, 3, 4, 5, 6, 7]",8,8,6
2766,0,0,0,none,"[0, 1, 2, 3, 4, 5, 6, 7]",8,6,-1
2767,2,0,1,excess_dwell,"[0, 1, 2, 3, 3, 3, 3, 4, 5, 6, 7]",11,11,-1
2768,1,1,0,none,"[0, 1, 2, 3, 4, 5, 6, 7]",8,6,-1
2769,1,1,0,none,"[0, 1, 2, 3, 4, 5, 6, 7]",8,5,2
2770,0,0,0,none,"[0, 1, 2, 3, 4, 5, 6, 7]",8,8,-1
2771,1,1,0,none,"[0, 1, 2, 3, 4, 5, 6, 7]",8,9,-1
2772,0,0,0,none,"[0, 1, 2, 3, 4, 5, 6, 7]",8,8,-1
2773,0,0,0,none,"[0, 1, 3, 4, 5, 6, 7]",7,7,-1
2774,1,1,0,none,"[0, 1, 2, 3, 4, 5, 6, 7]",8,8,-1
2775,2,0,1,reverse,"[0, 1, 2, 3, 4, 3, 5, 6, 7]",9,10,-1
2776,1,1,0,none,"[0, 1, 2, 3, 4, 5, 6, 7]",8,8,-1
2777,2,0,1,reverse,"[0, 1, 2, 3, 4, 5, 4, 6, 7]",9,7,-1
2778,1,1,0,none,"[0, 1, 2, 3, 4, 5, 6, 7]",8,6,-1
2779,1,1,0,none,"[0, 1, 2, 3, 4, 5, 6, 7]",8,5,2
2780,0,0,0,none,"[0, 1, 2, 3, 4, 5, 6, 7]",8,9,-1
2781,1,1,0,none,"[0, 1, 2, 3, 4, 5, 6, 7]",8,6,-1
2782,1,1,0,none,"[0, 1, 2, 3, 4, 5, 6, 7]",8,8,-1
2783,0,0,0,none,"[0, 1, 2, 3, 4, 5, 6, 7]",8,7,-1
2784,0,0,0,none,"[0, 1, 2, 3, 5, 6, 7]",7,8,-1
2785,2,0,1,mandatory_skip,"[0, 1, 3, 4, 5, 6, 7]",7,7,-1
2786,2,0,1,mandatory_skip,"[0, 1, 3, 4, 5, 6, 7]",7,7,-1
2787,2,0,1,reverse,"[0, 1, 2, 3, 4, 5, 4, 6, 7]",9,10,-1
2788,2,0,1,excess_dwell,"[0, 1, 2, 2, 2, 2, 3, 4, 5, 6, 7]",11,10,-1
2789,2,0,1,reverse,"[0, 1, 2, 1, 3, 4, 5, 6, 7]",9,8,-1
2790,0,0,0,none,"[0, 1, 2, 3, 4, 5, 6, 7]",8,8,-1
2791,0,0,0,none,"[0, 1, 2, 3, 4, 5, 6, 7]",8,7,-1
2792,1,1,0,none,"[0, 1, 2, 3, 4, 5, 6, 7]",8,6,4
2793,0,0,0,none,"[0, 1, 2, 3, 4, 5, 6, 7]",8,7,-1
2794,2,0,1,unauthorized_jump,"[0, 1, 2, 5, 6, 7]",6,6,-1
2795,0,0,0,none,"[0, 1, 2, 3, 4, 5, 6, 7]",8,7,-1
2796,0,0,0,none,"[0, 1, 2, 3, 4, 5, 6, 7]",8,7,-1
2797,1,1,0,none,"[0, 1, 2, 3, 4, 5, 6, 7]",8,7,-1
2798,1,1,0,none,"[0, 1, 2, 3, 4, 5, 6, 7]",8,6,-1
2799,2,0,1,reverse,"[0, 1, 2, 1, 3, 4, 5, 6, 7]",9,10,-1
2800,1,1,0,none,"[0, 1, 2, 3, 4, 5, 6, 7]",8,8,-1
2801,1,1,0,none,"[0, 1, 3, 4, 5, 6, 7]",7,5,-1
2802,0,0,0,none,"[0, 1, 2, 3, 4, 5, 6, 7]",8,8,-1
2803,1,1,0,none,"[0, 1, 3, 4, 5, 6, 7]",7,4,3
2804,2,0,1,reverse,"[0, 1, 2, 3, 4, 5, 4, 6, 7]",9,9,-1
2805,1,1,0,none,"[0, 1, 2, 3, 5, 6, 7]",7,7,-1
2806,1,1,0,none,"[0, 1, 2, 3, 4, 5, 6, 7]",8,9,-1
2807,0,0,0,none,"[0, 1, 2, 3, 4, 5, 6, 7]",8,5,-1
2808,0,0,0,none,"[0, 1, 2, 3, 5, 6, 7]",7,8,-1
2809,2,0,1,excess_dwell,"[0, 1, 2, 2, 2, 2, 3, 4, 5, 6, 7]",11,11,-1
2810,0,0,0,none,"[0, 1, 2, 3, 5, 6, 7]",7,8,-1
2811,0,0,0,none,"[0, 1, 2, 3, 4, 5, 6, 7]",8,7,-1
2812,2,0,1,excess_dwell,"[0, 1, 2, 3, 4, 5, 5, 5, 5, 6, 7]",11,12,-1
2813,0,0,0,none,"[0, 1, 2, 3, 4, 5, 6, 7]",8,8,-1
2814,2,0,1,reverse,"[0, 1, 2, 1, 3, 4, 5, 6, 7]",9,9,-1
2815,1,1,0,none,"[0, 1, 3, 4, 5, 6, 7]",7,6,1
2816,2,0,1,excess_dwell,"[0, 1, 2, 3, 3, 3, 3, 4, 5, 6, 7]",11,12,-1
2817,2,0,1,reverse,"[0, 1, 2, 3, 2, 4, 5, 6, 7]",9,9,-1
2818,2,0,1,mandatory_skip,"[0, 1, 3, 4, 5, 6, 7]",7,6,-1
2819,0,0,0,none,"[0, 1, 2, 3, 4, 5, 6, 7]",8,8,-1
2820,1,1,0,none,"[0, 1, 2, 3, 4, 5, 6, 7]",8,5,-1
2821,2,0,1,reverse,"[0, 1, 2, 3, 2, 4, 5, 6, 7]",9,10,-1
2822,2,0,1,reverse,"[0, 1, 2, 3, 4, 3, 5, 6, 7]",9,11,-1
2823,1,1,0,none,"[0, 1, 3, 4, 5, 6, 7]",7,8,-1
2824,0,0,0,none,"[0, 1, 2, 3, 4, 5, 6, 7]",8,8,-1
2825,0,0,0,none,"[0, 1, 2, 3, 4, 5, 6, 7]",8,7,-1
2826,2,0,1,reverse,"[0, 1, 2, 3, 4, 5, 4, 6, 7]",9,9,-1
2827,0,0,0,none,"[0, 1, 2, 3, 4, 5, 6, 7]",8,9,-1
2828,0,0,0,none,"[0, 1, 2, 3, 4, 5, 6, 7]",8,8,-1
2829,0,0,0,none,"[0, 1, 2, 3, 4, 5, 6, 7]",8,7,-1
2830,2,0,1,unauthorized_jump,"[0, 1, 5, 6, 7]",5,5,-1
2831,2,0,1,reverse,"[0, 1, 2, 3, 4, 5, 4, 6, 7]",9,9,-1
2832,2,0,1,reverse,"[0, 1, 2, 3, 4, 5, 4, 6, 7]",9,9,-1
2833,1,1,0,none,"[0, 1, 2, 3, 4, 5, 6, 7]",8,5,-1
2834,1,1,0,none,"[0, 1, 2, 3, 4, 5, 6, 7]",8,10,-1
2835,0,0,0,none,"[0, 1, 2, 3, 4, 5, 6, 7]",8,8,-1
2836,0,0,0,none,"[0, 1, 2, 3, 4, 5, 6, 7]",8,8,-1
2837,1,1,0,none,"[0, 1, 3, 4, 5, 6, 7]",7,8,6
2838,2,0,1,reverse,"[0, 1, 2, 3, 4, 5, 4, 6, 7]",9,8,-1
2839,2,0,1,mandatory_skip,"[0, 1, 3, 4, 5, 6, 7]",7,6,-1
2840,0,0,0,none,"[0, 1, 3, 4, 5, 6, 7]",7,6,-1
2841,0,0,0,none,"[0, 1, 2, 3, 4, 5, 6, 7]",8,8,4
2842,0,0,0,none,"[0, 1, 2, 3, 4, 5, 6, 7]",8,7,-1
2843,1,1,0,none,"[0, 1, 2, 3, 4, 5, 6, 7]",8,5,-1
2844,0,0,0,none,"[0, 1, 2, 3, 4, 5, 6, 7]",8,8,-1
2845,2,0,1,mandatory_skip,"[0, 1, 3, 4, 5, 6, 7]",7,7,-1
2846,0,0,0,none,"[0, 1, 2, 3, 5, 6, 7]",7,7,-1
2847,0,0,0,none,"[0, 1, 3, 4, 5, 6, 7]",7,8,-1
2848,1,1,0,none,"[0, 1, 3, 4, 5, 6, 7]",7,7,7
2849,0,0,0,none,"[0, 1, 2, 3, 4, 5, 6, 7]",8,7,-1
2850,0,0,0,none,"[0, 1, 2, 3, 4, 5, 6, 7]",8,6,-1
2851,0,0,0,none,"[0, 1, 2, 3, 4, 5, 6, 7]",8,9,-1
2852,2,0,1,mandatory_skip,"[0, 1, 3, 4, 5, 6, 7]",7,7,-1
2853,1,1,0,none,"[0, 1, 3, 4, 5, 6, 7]",7,8,-1
2854,0,0,0,none,"[0, 1, 2, 3, 4, 5, 6, 7]",8,7,-1
2855,0,0,0,none,"[0, 1, 2, 3, 4, 5, 6, 7]",8,8,-1
2856,0,0,0,none,"[0, 1, 2, 3, 4, 5, 6, 7]",8,10,-1
2857,1,1,0,none,"[0, 1, 2, 3, 5, 6, 7]",7,7,5
2858,1,1,0,none,"[0, 1, 2, 3, 4, 5, 6, 7]",8,6,-1
2859,0,0,0,none,"[0, 1, 3, 4, 5, 6, 7]",7,7,-1
2860,2,0,1,mandatory_skip,"[0, 1, 2, 3, 5, 6, 7]",7,7,-1
2861,2,0,1,excess_dwell,"[0, 1, 2, 2, 2, 2, 3, 4, 5, 6, 7]",11,10,-1
2862,0,0,0,none,"[0, 1, 2, 3, 4, 5, 6, 7]",8,8,-1
2863,2,0,1,excess_dwell,"[0, 1, 2, 3, 4, 4, 4, 4, 5, 6, 7]",11,12,-1
2864,0,0,0,none,"[0, 1, 2, 3, 4, 5, 6, 7]",8,7,-1
2865,1,1,0,none,"[0, 1, 2, 3, 5, 6, 7]",7,6,-1
2866,1,1,0,none,"[0, 1, 2, 3, 4, 5, 6, 7]",8,8,-1
2867,0,0,0,none,"[0, 1, 2, 3, 4, 5, 6, 7]",8,9,-1
2868,2,0,1,unauthorized_jump,"[0, 1, 4, 5, 6, 7]",6,6,-1
2869,1,1,0,none,"[0, 1, 2, 3, 5, 6, 7]",7,7,-1
2870,1,1,0,none,"[0, 1, 2, 3, 4, 5, 6, 7]",8,6,7
2871,0,0,0,none,"[0, 1, 2, 3, 4, 5, 6, 7]",8,8,-1
2872,2,0,1,reverse,"[0, 1, 2, 3, 4, 5, 4, 6, 7]",9,8,-1
2873,0,0,0,none,"[0, 1, 2, 3, 4, 5, 6, 7]",8,7,-1
2874,2,0,1,excess_dwell,"[0, 1, 2, 2, 2, 2, 3, 4, 5, 6, 7]",11,11,-1
2875,2,0,1,reverse,"[0, 1, 2, 3, 2, 4, 5, 6, 7]",9,11,-1
2876,0,0,0,none,"[0, 1, 2, 3, 4, 5, 6, 7]",8,7,-1
2877,1,1,0,none,"[0, 1, 2, 3, 5, 6, 7]",7,6,7
2878,0,0,0,none,"[0, 1, 3, 4, 5, 6, 7]",7,6,-1
2879,0,0,0,none,"[0, 1, 2, 3, 4, 5, 6, 7]",8,6,-1
2880,2,0,1,unauthorized_jump,"[0, 1, 5, 6, 7]",5,4,-1
2881,0,0,0,none,"[0, 1, 3, 4, 5, 6, 7]",7,5,-1
2882,2,0,1,mandatory_skip,"[0, 1, 2, 3, 5, 6, 7]",7,6,-1
2883,1,1,0,none,"[0, 1, 2, 3, 5, 6, 7]",7,7,-1
2884,2,0,1,reverse,"[0, 1, 2, 1, 3, 4, 5, 6, 7]",9,9,-1
2885,1,1,0,none,"[0, 1, 2, 3, 4, 5, 6, 7]",8,7,-1
2886,2,0,1,reverse,"[0, 1, 2, 1, 3, 4, 5, 6, 7]",9,9,-1
2887,0,0,0,none,"[0, 1, 2, 3, 4, 5, 6, 7]",8,7,-1
2888,2,0,1,reverse,"[0, 1, 2, 3, 2, 4, 5, 6, 7]",9,9,7
2889,2,0,1,excess_dwell,"[0, 1, 2, 3, 4, 5, 5, 5, 5, 6, 7]",11,8,-1
2890,0,0,0,none,"[0, 1, 2, 3, 4, 5, 6, 7]",8,6,-1
2891,0,0,0,none,"[0, 1, 2, 3, 4, 5, 6, 7]",8,8,-1
2892,0,0,0,none,"[0, 1, 2, 3, 5, 6, 7]",7,6,-1
2893,1,1,0,none,"[0, 1, 3, 4, 5, 6, 7]",7,8,-1
2894,0,0,0,none,"[0, 1, 2, 3, 4, 5, 6, 7]",8,8,-1
2895,2,0,1,reverse,"[0, 1, 2, 3, 4, 3, 5, 6, 7]",9,8,-1
2896,2,0,1,excess_dwell,"[0, 1, 2, 3, 3, 3, 3, 4, 5, 6, 7]",11,10,-1
2897,2,0,1,unauthorized_jump,"[0, 1, 2, 5, 6, 7]",6,5,7
2898,0,0,0,none,"[0, 1, 2, 3, 4, 5, 6, 7]",8,9,-1
2899,0,0,0,none,"[0, 1, 2, 3, 4, 5, 6, 7]",8,10,-1
2900,2,0,1,mandatory_skip,"[0, 1, 2, 3, 5, 6, 7]",7,7,-1
2901,0,0,0,none,"[0, 1, 3, 4, 5, 6, 7]",7,8,-1
2902,0,0,0,none,"[0, 1, 2, 3, 4, 5, 6, 7]",8,6,-1
2903,2,0,1,unauthorized_jump,"[0, 1, 2, 5, 6, 7]",6,6,-1
2904,0,0,0,none,"[0, 1, 2, 3, 5, 6, 7]",7,8,-1
2905,0,0,0,none,"[0, 1, 2, 3, 4, 5, 6, 7]",8,7,-1
2906,2,0,1,excess_dwell,"[0, 1, 2, 3, 4, 4, 4, 4, 5, 6, 7]",11,8,-1
2907,0,0,0,none,"[0, 1, 2, 3, 4, 5, 6, 7]",8,8,-1
2908,2,0,1,reverse,"[0, 1, 2, 1, 3, 4, 5, 6, 7]",9,9,-1
2909,1,1,0,none,"[0, 1, 2, 3, 4, 5, 6, 7]",8,5,-1
2910,2,0,1,reverse,"[0, 1, 2, 3, 4, 5, 4, 6, 7]",9,9,-1
2911,1,1,0,none,"[0, 1, 2, 3, 4, 5, 6, 7]",8,6,-1
2912,0,0,0,none,"[0, 1, 2, 3, 4, 5, 6, 7]",8,8,-1
2913,2,0,1,reverse,"[0, 1, 2, 3, 4, 3, 5, 6, 7]",9,9,-1
2914,2,0,1,excess_dwell,"[0, 1, 2, 2, 2, 2, 3, 4, 5, 6, 7]",11,12,-1
2915,1,1,0,none,"[0, 1, 2, 3, 4, 5, 6, 7]",8,7,-1
2916,1,1,0,none,"[0, 1, 2, 3, 4, 5, 6, 7]",8,5,-1
2917,1,1,0,none,"[0, 1, 2, 3, 4, 5, 6, 7]",8,9,-1
2918,0,0,0,none,"[0, 1, 2, 3, 4, 5, 6, 7]",8,6,-1
2919,0,0,0,none,"[0, 1, 2, 3, 4, 5, 6, 7]",8,10,-1
2920,2,0,1,excess_dwell,"[0, 1, 2, 3, 4, 4, 4, 4, 5, 6, 7]",11,11,-1
2921,1,1,0,none,"[0, 1, 2, 3, 4, 5, 6, 7]",8,7,-1
2922,2,0,1,reverse,"[0, 1, 2, 3, 4, 3, 5, 6, 7]",9,9,-1
2923,1,1,0,none,"[0, 1, 2, 3, 4, 5, 6, 7]",8,10,2
2924,1,1,0,none,"[0, 1, 2, 3, 5, 6, 7]",7,6,-1
2925,0,0,0,none,"[0, 1, 2, 3, 4, 5, 6, 7]",8,6,-1
2926,1,1,0,none,"[0, 1, 2, 3, 4, 5, 6, 7]",8,7,-1
2927,1,1,0,none,"[0, 1, 2, 3, 4, 5, 6, 7]",8,7,-1
2928,2,0,1,unauthorized_jump,"[0, 1, 5, 6, 7]",5,5,-1
2929,0,0,0,none,"[0, 1, 2, 3, 4, 5, 6, 7]",8,9,-1
2930,0,0,0,none,"[0, 1, 3, 4, 5, 6, 7]",7,7,-1
2931,2,0,1,mandatory_skip,"[0, 1, 2, 3, 5, 6, 7]",7,8,-1
2932,0,0,0,none,"[0, 1, 2, 3, 4, 5, 6, 7]",8,8,-1
2933,1,1,0,none,"[0, 1, 2, 3, 4, 5, 6, 7]",8,5,-1
2934,1,1,0,none,"[0, 1, 2, 3, 4, 5, 6, 7]",8,12,-1
2935,0,0,0,none,"[0, 1, 2, 3, 4, 5, 6, 7]",8,11,-1
2936,0,0,0,none,"[0, 1, 2, 3, 4, 5, 6, 7]",8,8,-1
2937,0,0,0,none,"[0, 1, 2, 3, 4, 5, 6, 7]",8,10,-1
2938,0,0,0,none,"[0, 1, 2, 3, 4, 5, 6, 7]",8,7,-1
2939,2,0,1,unauthorized_jump,"[0, 1, 5, 6, 7]",5,6,-1
2940,1,1,0,none,"[0, 1, 2, 3, 4, 5, 6, 7]",8,6,-1
2941,0,0,0,none,"[0, 1, 2, 3, 4, 5, 6, 7]",8,8,-1
2942,0,0,0,none,"[0, 1, 2, 3, 4, 5, 6, 7]",8,8,-1
2943,1,1,0,none,"[0, 1, 2, 3, 4, 5, 6, 7]",8,8,-1
2944,0,0,0,none,"[0, 1, 3, 4, 5, 6, 7]",7,7,-1
2945,0,0,0,none,"[0, 1, 2, 3, 4, 5, 6, 7]",8,8,-1
2946,2,0,1,mandatory_skip,"[0, 1, 2, 3, 5, 6, 7]",7,6,-1
2947,0,0,0,none,"[0, 1, 2, 3, 4, 5, 6, 7]",8,8,-1
2948,0,0,0,none,"[0, 1, 2, 3, 4, 5, 6, 7]",8,6,-1
2949,2,0,1,unauthorized_jump,"[0, 1, 5, 6, 7]",5,6,-1
2950,2,0,1,reverse,"[0, 1, 2, 3, 4, 3, 5, 6, 7]",9,8,-1
2951,0,0,0,none,"[0, 1, 2, 3, 5, 6, 7]",7,6,-1
2952,1,1,0,none,"[0, 1, 2, 3, 4, 5, 6, 7]",8,7,7
2953,0,0,0,none,"[0, 1, 2, 3, 4, 5, 6, 7]",8,8,-1
2954,1,1,0,none,"[0, 1, 2, 3, 4, 5, 6, 7]",8,8,7
2955,0,0,0,none,"[0, 1, 2, 3, 4, 5, 6, 7]",8,7,-1
2956,0,0,0,none,"[0, 1, 2, 3, 5, 6, 7]",7,7,-1
2957,0,0,0,none,"[0, 1, 3, 4, 5, 6, 7]",7,8,-1
2958,0,0,0,none,"[0, 1, 2, 3, 4, 5, 6, 7]",8,7,-1
2959,2,0,1,unauthorized_jump,"[0, 1, 5, 6, 7]",5,5,-1
2960,1,1,0,none,"[0, 1, 3, 4, 5, 6, 7]",7,9,-1
2961,0,0,0,none,"[0, 1, 2, 3, 4, 5, 6, 7]",8,5,-1
2962,1,1,0,none,"[0, 1, 2, 3, 4, 5, 6, 7]",8,6,-1
2963,1,1,0,none,"[0, 1, 2, 3, 4, 5, 6, 7]",8,4,4
2964,0,0,0,none,"[0, 1, 2, 3, 4, 5, 6, 7]",8,7,-1
2965,0,0,0,none,"[0, 1, 2, 3, 4, 5, 6, 7]",8,9,-1
2966,0,0,0,none,"[0, 1, 2, 3, 4, 5, 6, 7]",8,6,-1
2967,0,0,0,none,"[0, 1, 3, 4, 5, 6, 7]",7,6,-1
2968,2,0,1,mandatory_skip,"[0, 1, 2, 3, 4, 5, 7]",7,7,-1
2969,0,0,0,none,"[0, 1, 2, 3, 4, 5, 6, 7]",8,7,-1
2970,1,1,0,none,"[0, 1, 2, 3, 4, 5, 6, 7]",8,7,0
2971,0,0,0,none,"[0, 1, 2, 3, 4, 5, 6, 7]",8,8,-1
2972,1,1,0,none,"[0, 1, 2, 3, 4, 5, 6, 7]",8,7,-1
2973,1,1,0,none,"[0, 1, 2, 3, 4, 5, 6, 7]",8,9,3
2974,0,0,0,none,"[0, 1, 2, 3, 5, 6, 7]",7,6,-1
2975,0,0,0,none,"[0, 1, 2, 3, 5, 6, 7]",7,7,-1
2976,0,0,0,none,"[0, 1, 2, 3, 5, 6, 7]",7,8,-1
2977,0,0,0,none,"[0, 1, 2, 3, 4, 5, 6, 7]",8,7,2
2978,0,0,0,none,"[0, 1, 2, 3, 4, 5, 6, 7]",8,6,-1
2979,1,1,0,none,"[0, 1, 2, 3, 4, 5, 6, 7]",8,10,-1
2980,0,0,0,none,"[0, 1, 2, 3, 4, 5, 6, 7]",8,8,-1
2981,0,0,0,none,"[0, 1, 2, 3, 4, 5, 6, 7]",8,9,-1
2982,2,0,1,reverse,"[0, 1, 2, 1, 3, 4, 5, 6, 7]",9,8,-1
2983,1,1,0,none,"[0, 1, 2, 3, 4, 5, 6, 7]",8,8,-1
2984,0,0,0,none,"[0, 1, 2, 3, 4, 5, 6, 7]",8,9,-1
2985,2,0,1,unauthorized_jump,"[0, 1, 5, 6, 7]",5,6,-1
2986,0,0,0,none,"[0, 1, 2, 3, 4, 5, 6, 7]",8,9,-1
2987,1,1,0,none,"[0, 1, 2, 3, 4, 5, 6, 7]",8,7,0
2988,1,1,0,none,"[0, 1, 3, 4, 5, 6, 7]",7,6,-1
2989,1,1,0,none,"[0, 1, 3, 4, 5, 6, 7]",7,6,0
2990,0,0,0,none,"[0, 1, 2, 3, 4, 5, 6, 7]",8,8,-1
2991,2,0,1,unauthorized_jump,"[0, 1, 2, 3, 6, 7]",6,8,-1
2992,0,0,0,none,"[0, 1, 3, 4, 5, 6, 7]",7,7,-1
2993,2,0,1,reverse,"[0, 1, 2, 3, 4, 3, 5, 6, 7]",9,9,-1
2994,1,1,0,none,"[0, 1, 2, 3, 4, 5, 6, 7]",8,9,1
2995,1,1,0,none,"[0, 1, 2, 3, 4, 5, 6, 7]",8,6,-1
2996,2,0,1,excess_dwell,"[0, 1, 2, 3, 4, 5, 5, 5, 5, 6, 7]",11,12,-1
2997,2,0,1,reverse,"[0, 1, 2, 1, 3, 4, 5, 6, 7]",9,8,-1
2998,0,0,0,none,"[0, 1, 2, 3, 4, 5, 6, 7]",8,8,-1
2999,0,0,0,none,"[0, 1, 2, 3, 4, 5, 6, 7]",8,9,-1
3000,0,0,0,none,"[0, 1, 2, 3, 4, 5, 6, 7]",8,8,-1
3001,1,1,0,none,"[0, 1, 2, 3, 4, 5, 6, 7]",8,8,7
3002,2,0,1,excess_dwell,"[0, 1, 2, 2, 2, 2, 3, 4, 5, 6, 7]",11,11,-1
3003,0,0,0,none,"[0, 1, 2, 3, 4, 5, 6, 7]",8,7,-1
3004,0,0,0,none,"[0, 1, 2, 3, 5, 6, 7]",7,6,-1
3005,2,0,1,excess_dwell,"[0, 1, 2, 3, 4, 4, 4, 4, 5, 6, 7]",11,9,-1
3006,2,0,1,excess_dwell,"[0, 1, 2, 3, 3, 3, 3, 4, 5, 6, 7]",11,9,-1
3007,0,0,0,none,"[0, 1, 2, 3, 4, 5, 6, 7]",8,9,-1
3008,0,0,0,none,"[0, 1, 2, 3, 4, 5, 6, 7]",8,9,-1
3009,2,0,1,unauthorized_jump,"[0, 1, 2, 5, 6, 7]",6,6,-1
3010,1,1,0,none,"[0, 1, 2, 3, 4, 5, 6, 7]",8,7,5
3011,2,0,1,excess_dwell,"[0, 1, 2, 3, 4, 4, 4, 4, 5, 6, 7]",11,11,-1
3012,2,0,1,excess_dwell,"[0, 1, 2, 3, 4, 4, 4, 4, 5, 6, 7]",11,12,-1
3013,2,0,1,unauthorized_jump,"[0, 1, 5, 6, 7]",5,5,-1
3014,0,0,0,none,"[0, 1, 2, 3, 4, 5, 6, 7]",8,8,-1
3015,1,1,0,none,"[0, 1, 2, 3, 4, 5, 6, 7]",8,7,1
3016,1,1,0,none,"[0, 1, 2, 3, 4, 5, 6, 7]",8,7,-1
3017,2,0,1,reverse,"[0, 1, 2, 1, 3, 4, 5, 6, 7]",9,9,-1
3018,2,0,1,excess_dwell,"[0, 1, 2, 2, 2, 2, 3, 4, 5, 6, 7]",11,11,-1
3019,0,0,0,none,"[0, 1, 2, 3, 4, 5, 6, 7]",8,8,-1
3020,0,0,0,none,"[0, 1, 2, 3, 5, 6, 7]",7,7,-1
3021,0,0,0,none,"[0, 1, 2, 3, 4, 5, 6, 7]",8,7,-1
3022,1,1,0,none,"[0, 1, 2, 3, 5, 6, 7]",7,7,-1
3023,2,0,1,mandatory_skip,"[0, 1, 3, 4, 5, 6, 7]",7,7,-1
3024,0,0,0,none,"[0, 1, 2, 3, 4, 5, 6, 7]",8,8,-1
3025,1,1,0,none,"[0, 1, 2, 3, 4, 5, 6, 7]",8,6,5
3026,2,0,1,unauthorized_jump,"[0, 1, 2, 5, 6, 7]",6,7,-1
3027,0,0,0,none,"[0, 1, 2, 3, 5, 6, 7]",7,8,-1
3028,2,0,1,reverse,"[0, 1, 2, 3, 4, 3, 5, 6, 7]",9,8,4
3029,1,1,0,none,"[0, 1, 3, 4, 5, 6, 7]",7,7,-1
3030,0,0,0,none,"[0, 1, 2, 3, 4, 5, 6, 7]",8,7,-1
3031,1,1,0,none,"[0, 1, 2, 3, 4, 5, 6, 7]",8,4,-1
3032,1,1,0,none,"[0, 1, 2, 3, 4, 5, 6, 7]",8,7,-1
3033,1,1,0,none,"[0, 1, 2, 3, 4, 5, 6, 7]",8,7,-1
3034,1,1,0,none,"[0, 1, 2, 3, 4, 5, 6, 7]",8,7,-1
3035,2,0,1,excess_dwell,"[0, 1, 2, 3, 4, 5, 5, 5, 5, 6, 7]",11,11,-1
3036,2,0,1,mandatory_skip,"[0, 1, 2, 3, 4, 5, 7]",7,8,-1
3037,0,0,0,none,"[0, 1, 2, 3, 4, 5, 6, 7]",8,8,-1
3038,2,0,1,mandatory_skip,"[0, 1, 2, 3, 4, 5, 7]",7,8,-1
3039,2,0,1,mandatory_skip,"[0, 1, 2, 3, 4, 5, 7]",7,6,-1
3040,0,0,0,none,"[0, 1, 2, 3, 4, 5, 6, 7]",8,7,-1
3041,1,1,0,none,"[0, 1, 2, 3, 4, 5, 6, 7]",8,6,-1
3042,2,0,1,excess_dwell,"[0, 1, 2, 2, 2, 2, 3, 4, 5, 6, 7]",11,9,-1
3043,1,1,0,none,"[0, 1, 2, 3, 4, 5, 6, 7]",8,7,-1
3044,1,1,0,none,"[0, 1, 2, 3, 4, 5, 6, 7]",8,6,-1
3045,0,0,0,none,"[0, 1, 2, 3, 5, 6, 7]",7,8,-1
3046,0,0,0,none,"[0, 1, 2, 3, 4, 5, 6, 7]",8,8,-1
3047,1,1,0,none,"[0, 1, 2, 3, 4, 5, 6, 7]",8,6,-1
3048,0,0,0,none,"[0, 1, 2, 3, 4, 5, 6, 7]",8,10,-1
3049,1,1,0,none,"[0, 1, 2, 3, 4, 5, 6, 7]",8,7,3
3050,2,0,1,excess_dwell,"[0, 1, 2, 2, 2, 2, 3, 4, 5, 6, 7]",11,11,-1
3051,2,0,1,unauthorized_jump,"[0, 1, 2, 5, 6, 7]",6,7,-1
3052,0,0,0,none,"[0, 1, 2, 3, 5, 6, 7]",7,6,-1
3053,2,0,1,reverse,"[0, 1, 2, 1, 3, 4, 5, 6, 7]",9,10,-1
3054,1,1,0,none,"[0, 1, 2, 3, 4, 5, 6, 7]",8,7,-1
3055,2,0,1,mandatory_skip,"[0, 1, 2, 3, 5, 6, 7]",7,6,-1
3056,2,0,1,excess_dwell,"[0, 1, 2, 3, 3, 3, 3, 4, 5, 6, 7]",11,11,-1
3057,0,0,0,none,"[0, 1, 2, 3, 4, 5, 6, 7]",8,8,-1
3058,0,0,0,none,"[0, 1, 3, 4, 5, 6, 7]",7,10,-1
3059,1,1,0,none,"[0, 1, 2, 3, 4, 5, 6, 7]",8,6,-1
3060,1,1,0,none,"[0, 1, 2, 3, 4, 5, 6, 7]",8,7,0
3061,0,0,0,none,"[0, 1, 2, 3, 4, 5, 6, 7]",8,8,-1
3062,1,1,0,none,"[0, 1, 2, 3, 4, 5, 6, 7]",8,5,1
3063,1,1,0,none,"[0, 1, 2, 3, 4, 5, 6, 7]",8,7,-1
3064,0,0,0,none,"[0, 1, 2, 3, 4, 5, 6, 7]",8,6,-1
3065,2,0,1,unauthorized_jump,"[0, 1, 5, 6, 7]",5,5,-1
3066,1,1,0,none,"[0, 1, 2, 3, 4, 5, 6, 7]",8,8,-1
3067,1,1,0,none,"[0, 1, 2, 3, 4, 5, 6, 7]",8,9,-1
3068,0,0,0,none,"[0, 1, 2, 3, 4, 5, 6, 7]",8,9,-1
3069,2,0,1,mandatory_skip,"[0, 1, 2, 3, 5, 6, 7]",7,6,-1
3070,1,1,0,none,"[0, 1, 2, 3, 4, 5, 6, 7]",8,10,-1
3071,0,0,0,none,"[0, 1, 2, 3, 4, 5, 6, 7]",8,7,-1
3072,1,1,0,none,"[0, 1, 3, 4, 5, 6, 7]",7,6,-1
3073,1,1,0,none,"[0, 1, 2, 3, 4, 5, 6, 7]",8,8,-1
3074,0,0,0,none,"[0, 1, 2, 3, 4, 5, 6, 7]",8,8,-1
3075,0,0,0,none,"[0, 1, 2, 3, 4, 5, 6, 7]",8,9,-1
3076,2,0,1,unauthorized_jump,"[0, 1, 2, 6, 7]",5,5,-1
3077,0,0,0,none,"[0, 1, 2, 3, 4, 5, 6, 7]",8,9,-1
3078,2,0,1,excess_dwell,"[0, 1, 2, 3, 3, 3, 3, 4, 5, 6, 7]",11,13,-1
3079,1,1,0,none,"[0, 1, 2, 3, 4, 5, 6, 7]",8,5,1
3080,2,0,1,mandatory_skip,"[0, 1, 2, 3, 4, 5, 7]",7,6,-1
3081,0,0,0,none,"[0, 1, 3, 4, 5, 6, 7]",7,7,-1
3082,0,0,0,none,"[0, 1, 2, 3, 5, 6, 7]",7,7,-1
3083,2,0,1,excess_dwell,"[0, 1, 2, 3, 4, 4, 4, 4, 5, 6, 7]",11,12,-1
3084,0,0,0,none,"[0, 1, 2, 3, 4, 5, 6, 7]",8,9,-1
3085,0,0,0,none,"[0, 1, 2, 3, 4, 5, 6, 7]",8,6,-1
3086,1,1,0,none,"[0, 1, 2, 3, 4, 5, 6, 7]",8,8,1
3087,0,0,0,none,"[0, 1, 2, 3, 4, 5, 6, 7]",8,8,-1
3088,0,0,0,none,"[0, 1, 3, 4, 5, 6, 7]",7,7,-1
3089,1,1,0,none,"[0, 1, 2, 3, 4, 5, 6, 7]",8,5,-1
3090,1,1,0,none,"[0, 1, 3, 4, 5, 6, 7]",7,4,-1
3091,1,1,0,none,"[0, 1, 2, 3, 4, 5, 6, 7]",8,6,2
3092,0,0,0,none,"[0, 1, 2, 3, 4, 5, 6, 7]",8,8,-1
3093,1,1,0,none,"[0, 1, 2, 3, 4, 5, 6, 7]",8,8,-1
3094,2,0,1,excess_dwell,"[0, 1, 2, 3, 4, 4, 4, 4, 5, 6, 7]",11,12,-1
3095,0,0,0,none,"[0, 1, 2, 3, 4, 5, 6, 7]",8,8,-1
3096,1,1,0,none,"[0, 1, 2, 3, 4, 5, 6, 7]",8,7,2
3097,1,1,0,none,"[0, 1, 2, 3, 4, 5, 6, 7]",8,11,-1
3098,0,0,0,none,"[0, 1, 2, 3, 4, 5, 6, 7]",8,9,-1
3099,2,0,1,reverse,"[0, 1, 2, 3, 4, 5, 4, 6, 7]",9,10,-1
3100,1,1,0,none,"[0, 1, 2, 3, 5, 6, 7]",7,7,-1
3101,2,0,1,reverse,"[0, 1, 2, 3, 4, 3, 5, 6, 7]",9,10,-1
3102,0,0,0,none,"[0, 1, 2, 3, 4, 5, 6, 7]",8,7,-1
3103,2,0,1,mandatory_skip,"[0, 1, 3, 4, 5, 6, 7]",7,8,-1
3104,1,1,0,none,"[0, 1, 2, 3, 4, 5, 6, 7]",8,9,0
3105,2,0,1,unauthorized_jump,"[0, 1, 2, 6, 7]",5,5,-1
3106,1,1,0,none,"[0, 1, 3, 4, 5, 6, 7]",7,5,-1
3107,2,0,1,mandatory_skip,"[0, 1, 2, 3, 4, 5, 7]",7,7,-1
3108,2,0,1,mandatory_skip,"[0, 1, 2, 3, 5, 6, 7]",7,7,-1
3109,2,0,1,excess_dwell,"[0, 1, 2, 3, 4, 5, 5, 5, 5, 6, 7]",11,13,-1
3110,0,0,0,none,"[0, 1, 2, 3, 4, 5, 6, 7]",8,8,-1
3111,0,0,0,none,"[0, 1, 2, 3, 4, 5, 6, 7]",8,9,-1
3112,0,0,0,none,"[0, 1, 2, 3, 4, 5, 6, 7]",8,8,-1
3113,2,0,1,excess_dwell,"[0, 1, 2, 3, 4, 4, 4, 4, 5, 6, 7]",11,14,-1
3114,2,0,1,excess_dwell,"[0, 1, 2, 2, 2, 2, 3, 4, 5, 6, 7]",11,11,-1
3115,2,0,1,mandatory_skip,"[0, 1, 2, 3, 5, 6, 7]",7,8,-1
3116,2,0,1,mandatory_skip,"[0, 1, 3, 4, 5, 6, 7]",7,7,-1
3117,2,0,1,reverse,"[0, 1, 2, 3, 4, 5, 4, 6, 7]",9,7,-1
3118,1,1,0,none,"[0, 1, 2, 3, 4, 5, 6, 7]",8,8,-1
3119,0,0,0,none,"[0, 1, 2, 3, 4, 5, 6, 7]",8,8,-1
3120,0,0,0,none,"[0, 1, 3, 4, 5, 6, 7]",7,6,-1
3121,0,0,0,none,"[0, 1, 2, 3, 4, 5, 6, 7]",8,8,-1
3122,2,0,1,excess_dwell,"[0, 1, 2, 3, 4, 4, 4, 4, 5, 6, 7]",11,9,-1
3123,0,0,0,none,"[0, 1, 2, 3, 4, 5, 6, 7]",8,8,-1
3124,1,1,0,none,"[0, 1, 2, 3, 4, 5, 6, 7]",8,7,0
3125,0,0,0,none,"[0, 1, 2, 3, 4, 5, 6, 7]",8,8,-1
3126,0,0,0,none,"[0, 1, 2, 3, 4, 5, 6, 7]",8,8,-1
3127,1,1,0,none,"[0, 1, 3, 4, 5, 6, 7]",7,5,-1
3128,0,0,0,none,"[0, 1, 2, 3, 4, 5, 6, 7]",8,8,-1
3129,0,0,0,none,"[0, 1, 2, 3, 4, 5, 6, 7]",8,10,-1
3130,2,0,1,excess_dwell,"[0, 1, 2, 3, 4, 5, 5, 5, 5, 6, 7]",11,11,-1
3131,1,1,0,none,"[0, 1, 3, 4, 5, 6, 7]",7,3,4
3132,0,0,0,none,"[0, 1, 2, 3, 4, 5, 6, 7]",8,10,-1
3133,0,0,0,none,"[0, 1, 2, 3, 4, 5, 6, 7]",8,8,-1
3134,1,1,0,none,"[0, 1, 2, 3, 4, 5, 6, 7]",8,8,-1
3135,0,0,0,none,"[0, 1, 2, 3, 4, 5, 6, 7]",8,8,-1
3136,1,1,0,none,"[0, 1, 2, 3, 5, 6, 7]",7,7,-1
3137,0,0,0,none,"[0, 1, 2, 3, 4, 5, 6, 7]",8,7,-1
3138,0,0,0,none,"[0, 1, 2, 3, 4, 5, 6, 7]",8,6,-1
3139,0,0,0,none,"[0, 1, 2, 3, 4, 5, 6, 7]",8,7,-1
3140,1,1,0,none,"[0, 1, 2, 3, 5, 6, 7]",7,5,6
3141,1,1,0,none,"[0, 1, 2, 3, 4, 5, 6, 7]",8,8,-1
3142,2,0,1,unauthorized_jump,"[0, 1, 2, 3, 6, 7]",6,6,-1
3143,0,0,0,none,"[0, 1, 2, 3, 4, 5, 6, 7]",8,8,-1
3144,2,0,1,unauthorized_jump,"[0, 1, 4, 5, 6, 7]",6,6,-1
3145,1,1,0,none,"[0, 1, 2, 3, 4, 5, 6, 7]",8,8,5
3146,2,0,1,unauthorized_jump,"[0, 1, 2, 6, 7]",5,4,-1
3147,2,0,1,mandatory_skip,"[0, 1, 2, 3, 4, 5, 7]",7,7,-1
3148,0,0,0,none,"[0, 1, 2, 3, 4, 5, 6, 7]",8,7,-1
3149,2,0,1,excess_dwell,"[0, 1, 2, 3, 4, 5, 5, 5, 5, 6, 7]",11,12,-1
3150,0,0,0,none,"[0, 1, 2, 3, 4, 5, 6, 7]",8,9,-1
3151,0,0,0,none,"[0, 1, 2, 3, 4, 5, 6, 7]",8,9,-1
3152,0,0,0,none,"[0, 1, 2, 3, 4, 5, 6, 7]",8,8,-1
3153,0,0,0,none,"[0, 1, 2, 3, 4, 5, 6, 7]",8,8,-1
3154,2,0,1,excess_dwell,"[0, 1, 2, 3, 4, 4, 4, 4, 5, 6, 7]",11,11,-1
3155,2,0,1,mandatory_skip,"[0, 1, 3, 4, 5, 6, 7]",7,7,-1
3156,2,0,1,excess_dwell,"[0, 1, 2, 3, 3, 3, 3, 4, 5, 6, 7]",11,11,-1
3157,2,0,1,mandatory_skip,"[0, 1, 3, 4, 5, 6, 7]",7,6,-1
3158,0,0,0,none,"[0, 1, 3, 4, 5, 6, 7]",7,6,-1
3159,1,1,0,none,"[0, 1, 2, 3, 5, 6, 7]",7,3,-1
3160,0,0,0,none,"[0, 1, 2, 3, 4, 5, 6, 7]",8,8,-1
3161,2,0,1,excess_dwell,"[0, 1, 2, 3, 4, 4, 4, 4, 5, 6, 7]",11,12,-1
3162,0,0,0,none,"[0, 1, 2, 3, 4, 5, 6, 7]",8,10,-1
3163,0,0,0,none,"[0, 1, 2, 3, 4, 5, 6, 7]",8,8,-1
3164,1,1,0,none,"[0, 1, 2, 3, 4, 5, 6, 7]",8,9,-1
3165,0,0,0,none,"[0, 1, 2, 3, 4, 5, 6, 7]",8,10,-1
3166,0,0,0,none,"[0, 1, 2, 3, 5, 6, 7]",7,6,-1
3167,0,0,0,none,"[0, 1, 2, 3, 4, 5, 6, 7]",8,8,-1
3168,0,0,0,none,"[0, 1, 2, 3, 4, 5, 6, 7]",8,8,-1
3169,1,1,0,none,"[0, 1, 2, 3, 4, 5, 6, 7]",8,7,-1
3170,0,0,0,none,"[0, 1, 2, 3, 4, 5, 6, 7]",8,8,-1
3171,0,0,0,none,"[0, 1, 2, 3, 5, 6, 7]",7,7,-1
3172,2,0,1,reverse,"[0, 1, 2, 3, 2, 4, 5, 6, 7]",9,8,-1
3173,0,0,0,none,"[0, 1, 2, 3, 4, 5, 6, 7]",8,8,-1
3174,1,1,0,none,"[0, 1, 2, 3, 4, 5, 6, 7]",8,7,2
3175,0,0,0,none,"[0, 1, 2, 3, 4, 5, 6, 7]",8,6,-1
3176,0,0,0,none,"[0, 1, 2, 3, 4, 5, 6, 7]",8,7,-1
3177,0,0,0,none,"[0, 1, 2, 3, 4, 5, 6, 7]",8,7,-1
3178,0,0,0,none,"[0, 1, 3, 4, 5, 6, 7]",7,8,-1
3179,0,0,0,none,"[0, 1, 2, 3, 5, 6, 7]",7,7,-1
3180,0,0,0,none,"[0, 1, 2, 3, 4, 5, 6, 7]",8,9,-1
3181,1,1,0,none,"[0, 1, 3, 4, 5, 6, 7]",7,8,-1
3182,1,1,0,none,"[0, 1, 2, 3, 4, 5, 6, 7]",8,7,6
3183,0,0,0,none,"[0, 1, 2, 3, 4, 5, 6, 7]",8,8,-1
3184,2,0,1,unauthorized_jump,"[0, 1, 2, 3, 6, 7]",6,8,-1
3185,2,0,1,excess_dwell,"[0, 1, 2, 3, 3, 3, 3, 4, 5, 6, 7]",11,9,-1
3186,0,0,0,none,"[0, 1, 2, 3, 4, 5, 6, 7]",8,8,-1
3187,0,0,0,none,"[0, 1, 2, 3, 4, 5, 6, 7]",8,9,-1
3188,0,0,0,none,"[0, 1, 2, 3, 5, 6, 7]",7,7,-1
3189,1,1,0,none,"[0, 1, 2, 3, 4, 5, 6, 7]",8,10,-1
3190,2,0,1,reverse,"[0, 1, 2, 1, 3, 4, 5, 6, 7]",9,8,-1
3191,1,1,0,none,"[0, 1, 3, 4, 5, 6, 7]",7,7,-1
3192,1,1,0,none,"[0, 1, 2, 3, 4, 5, 6, 7]",8,6,-1
3193,0,0,0,none,"[0, 1, 2, 3, 4, 5, 6, 7]",8,7,-1
3194,0,0,0,none,"[0, 1, 2, 3, 4, 5, 6, 7]",8,8,-1
3195,0,0,0,none,"[0, 1, 2, 3, 4, 5, 6, 7]",8,10,-1
3196,2,0,1,mandatory_skip,"[0, 1, 2, 3, 5, 6, 7]",7,7,-1
3197,2,0,1,mandatory_skip,"[0, 1, 2, 3, 5, 6, 7]",7,6,-1
3198,1,1,0,none,"[0, 1, 2, 3, 4, 5, 6, 7]",8,5,-1
3199,1,1,0,none,"[0, 1, 3, 4, 5, 6, 7]",7,7,-1
3200,1,1,0,none,"[0, 1, 2, 3, 4, 5, 6, 7]",8,8,-1
3201,2,0,1,reverse,"[0, 1, 2, 1, 3, 4, 5, 6, 7]",9,6,-1
3202,1,1,0,none,"[0, 1, 2, 3, 4, 5, 6, 7]",8,7,-1
3203,1,1,0,none,"[0, 1, 2, 3, 4, 5, 6, 7]",8,6,-1
3204,0,0,0,none,"[0, 1, 2, 3, 4, 5, 6, 7]",8,7,-1
3205,2,0,1,reverse,"[0, 1, 2, 3, 4, 5, 4, 6, 7]",9,8,-1
3206,2,0,1,mandatory_skip,"[0, 1, 2, 3, 4, 5, 7]",7,7,-1
3207,1,1,0,none,"[0, 1, 2, 3, 4, 5, 6, 7]",8,7,-1
3208,1,1,0,none,"[0, 1, 2, 3, 4, 5, 6, 7]",8,7,2
3209,1,1,0,none,"[0, 1, 2, 3, 4, 5, 6, 7]",8,7,-1
3210,0,0,0,none,"[0, 1, 2, 3, 4, 5, 6, 7]",8,8,-1
3211,2,0,1,mandatory_skip,"[0, 1, 3, 4, 5, 6, 7]",7,7,-1
3212,0,0,0,none,"[0, 1, 2, 3, 4, 5, 6, 7]",8,9,-1
3213,0,0,0,none,"[0, 1, 2, 3, 4, 5, 6, 7]",8,8,-1
3214,0,0,0,none,"[0, 1, 2, 3, 4, 5, 6, 7]",8,9,-1
3215,0,0,0,none,"[0, 1, 2, 3, 4, 5, 6, 7]",8,7,-1
3216,1,1,0,none,"[0, 1, 2, 3, 5, 6, 7]",7,7,-1
3217,0,0,0,none,"[0, 1, 2, 3, 4, 5, 6, 7]",8,8,-1
3218,1,1,0,none,"[0, 1, 2, 3, 4, 5, 6, 7]",8,8,1
3219,2,0,1,unauthorized_jump,"[0, 1, 4, 5, 6, 7]",6,5,-1
3220,0,0,0,none,"[0, 1, 2, 3, 4, 5, 6, 7]",8,5,-1
3221,0,0,0,none,"[0, 1, 2, 3, 4, 5, 6, 7]",8,8,-1
3222,0,0,0,none,"[0, 1, 2, 3, 4, 5, 6, 7]",8,9,-1
3223,0,0,0,none,"[0, 1, 2, 3, 4, 5, 6, 7]",8,7,0
3224,1,1,0,none,"[0, 1, 2, 3, 4, 5, 6, 7]",8,7,-1
3225,2,0,1,unauthorized_jump,"[0, 1, 4, 5, 6, 7]",6,6,-1
3226,0,0,0,none,"[0, 1, 2, 3, 4, 5, 6, 7]",8,9,-1
3227,2,0,1,unauthorized_jump,"[0, 1, 2, 3, 7]",5,5,-1
3228,0,0,0,none,"[0, 1, 2, 3, 5, 6, 7]",7,9,-1
3229,0,0,0,none,"[0, 1, 2, 3, 4, 5, 6, 7]",8,12,-1
3230,2,0,1,excess_dwell,"[0, 1, 2, 3, 3, 3, 3, 4, 5, 6, 7]",11,10,-1
3231,2,0,1,unauthorized_jump,"[0, 1, 2, 6, 7]",5,5,-1
3232,0,0,0,none,"[0, 1, 2, 3, 4, 5, 6, 7]",8,8,-1
3233,2,0,1,reverse,"[0, 1, 2, 1, 3, 4, 5, 6, 7]",9,9,-1
3234,0,0,0,none,"[0, 1, 2, 3, 4, 5, 6, 7]",8,8,-1
3235,2,0,1,reverse,"[0, 1, 2, 3, 4, 3, 5, 6, 7]",9,10,-1
3236,1,1,0,none,"[0, 1, 2, 3, 4, 5, 6, 7]",8,7,-1
3237,2,0,1,mandatory_skip,"[0, 1, 3, 4, 5, 6, 7]",7,7,-1
3238,0,0,0,none,"[0, 1, 3, 4, 5, 6, 7]",7,9,-1
3239,0,0,0,none,"[0, 1, 2, 3, 4, 5, 6, 7]",8,6,5
3240,1,1,0,none,"[0, 1, 2, 3, 4, 5, 6, 7]",8,9,-1
3241,1,1,0,none,"[0, 1, 2, 3, 4, 5, 6, 7]",8,7,4
3242,1,1,0,none,"[0, 1, 2, 3, 4, 5, 6, 7]",8,3,-1
3243,0,0,0,none,"[0, 1, 2, 3, 4, 5, 6, 7]",8,8,-1
3244,0,0,0,none,"[0, 1, 2, 3, 5, 6, 7]",7,7,-1
3245,0,0,0,none,"[0, 1, 2, 3, 4, 5, 6, 7]",8,7,-1
3246,0,0,0,none,"[0, 1, 2, 3, 4, 5, 6, 7]",8,8,-1
3247,0,0,0,none,"[0, 1, 2, 3, 4, 5, 6, 7]",8,7,-1
3248,1,1,0,none,"[0, 1, 3, 4, 5, 6, 7]",7,7,-1
3249,2,0,1,mandatory_skip,"[0, 1, 2, 3, 5, 6, 7]",7,6,-1
3250,2,0,1,reverse,"[0, 1, 2, 3, 4, 5, 4, 6, 7]",9,10,-1
3251,0,0,0,none,"[0, 1, 2, 3, 4, 5, 6, 7]",8,9,-1
3252,0,0,0,none,"[0, 1, 2, 3, 4, 5, 6, 7]",8,9,-1
3253,0,0,0,none,"[0, 1, 2, 3, 4, 5, 6, 7]",8,8,-1
3254,1,1,0,none,"[0, 1, 3, 4, 5, 6, 7]",7,7,-1
3255,1,1,0,none,"[0, 1, 3, 4, 5, 6, 7]",7,8,-1
3256,1,1,0,none,"[0, 1, 2, 3, 4, 5, 6, 7]",8,6,-1
3257,1,1,0,none,"[0, 1, 2, 3, 4, 5, 6, 7]",8,7,3
3258,1,1,0,none,"[0, 1, 2, 3, 4, 5, 6, 7]",8,6,6
3259,0,0,0,none,"[0, 1, 2, 3, 4, 5, 6, 7]",8,9,-1
3260,2,0,1,unauthorized_jump,"[0, 1, 5, 6, 7]",5,4,-1
3261,1,1,0,none,"[0, 1, 2, 3, 4, 5, 6, 7]",8,6,-1
3262,0,0,0,none,"[0, 1, 2, 3, 4, 5, 6, 7]",8,9,-1
3263,0,0,0,none,"[0, 1, 2, 3, 4, 5, 6, 7]",8,8,-1
3264,0,0,0,none,"[0, 1, 2, 3, 5, 6, 7]",7,7,-1
3265,0,0,0,none,"[0, 1, 2, 3, 4, 5, 6, 7]",8,7,-1
3266,2,0,1,reverse,"[0, 1, 2, 3, 2, 4, 5, 6, 7]",9,9,-1
3267,0,0,0,none,"[0, 1, 2, 3, 4, 5, 6, 7]",8,7,-1
3268,0,0,0,none,"[0, 1, 2, 3, 4, 5, 6, 7]",8,9,-1
3269,0,0,0,none,"[0, 1, 2, 3, 4, 5, 6, 7]",8,9,-1
3270,1,1,0,none,"[0, 1, 2, 3, 5, 6, 7]",7,4,3
3271,0,0,0,none,"[0, 1, 2, 3, 4, 5, 6, 7]",8,7,-1
3272,0,0,0,none,"[0, 1, 3, 4, 5, 6, 7]",7,9,-1
3273,2,0,1,unauthorized_jump,"[0, 1, 2, 3, 6, 7]",6,5,-1
3274,1,1,0,none,"[0, 1, 2, 3, 4, 5, 6, 7]",8,8,-1
3275,0,0,0,none,"[0, 1, 2, 3, 4, 5, 6, 7]",8,7,-1
3276,0,0,0,none,"[0, 1, 2, 3, 4, 5, 6, 7]",8,10,-1
3277,0,0,0,none,"[0, 1, 3, 4, 5, 6, 7]",7,7,-1
3278,0,0,0,none,"[0, 1, 2, 3, 4, 5, 6, 7]",8,10,-1
3279,0,0,0,none,"[0, 1, 2, 3, 4, 5, 6, 7]",8,6,-1
3280,1,1,0,none,"[0, 1, 2, 3, 5, 6, 7]",7,6,-1
3281,0,0,0,none,"[0, 1, 3, 4, 5, 6, 7]",7,7,-1
3282,1,1,0,none,"[0, 1, 2, 3, 4, 5, 6, 7]",8,7,4
3283,2,0,1,unauthorized_jump,"[0, 1, 2, 3, 6, 7]",6,6,-1
3284,0,0,0,none,"[0, 1, 2, 3, 5, 6, 7]",7,6,-1
3285,0,0,0,none,"[0, 1, 2, 3, 4, 5, 6, 7]",8,7,-1
3286,1,1,0,none,"[0, 1, 2, 3, 5, 6, 7]",7,5,-1
3287,1,1,0,none,"[0, 1, 2, 3, 4, 5, 6, 7]",8,8,-1
3288,1,1,0,none,"[0, 1, 2, 3, 4, 5, 6, 7]",8,9,-1
3289,2,0,1,mandatory_skip,"[0, 1, 3, 4, 5, 6, 7]",7,7,-1
3290,1,1,0,none,"[0, 1, 2, 3, 4, 5, 6, 7]",8,6,-1
3291,0,0,0,none,"[0, 1, 2, 3, 4, 5, 6, 7]",8,9,-1
3292,2,0,1,excess_dwell,"[0, 1, 2, 2, 2, 2, 3, 4, 5, 6, 7]",11,14,-1
3293,2,0,1,reverse,"[0, 1, 2, 3, 4, 3, 5, 6, 7]",9,9,-1
3294,0,0,0,none,"[0, 1, 3, 4, 5, 6, 7]",7,7,-1
3295,0,0,0,none,"[0, 1, 2, 3, 4, 5, 6, 7]",8,8,-1
3296,1,1,0,none,"[0, 1, 2, 3, 4, 5, 6, 7]",8,5,1
3297,1,1,0,none,"[0, 1, 2, 3, 4, 5, 6, 7]",8,9,7
3298,2,0,1,reverse,"[0, 1, 2, 3, 4, 3, 5, 6, 7]",9,9,-1
3299,0,0,0,none,"[0, 1, 2, 3, 4, 5, 6, 7]",8,7,-1
3300,1,1,0,none,"[0, 1, 2, 3, 4, 5, 6, 7]",8,6,-1
3301,1,1,0,none,"[0, 1, 2, 3, 4, 5, 6, 7]",8,5,4
3302,0,0,0,none,"[0, 1, 2, 3, 5, 6, 7]",7,7,-1
3303,2,0,1,mandatory_skip,"[0, 1, 2, 3, 5, 6, 7]",7,5,-1
3304,2,0,1,mandatory_skip,"[0, 1, 2, 3, 5, 6, 7]",7,7,-1
3305,2,0,1,unauthorized_jump,"[0, 1, 5, 6, 7]",5,5,-1
3306,2,0,1,reverse,"[0, 1, 2, 3, 4, 3, 5, 6, 7]",9,8,-1
3307,2,0,1,unauthorized_jump,"[0, 1, 4, 5, 6, 7]",6,7,-1
3308,0,0,0,none,"[0, 1, 2, 3, 4, 5, 6, 7]",8,6,-1
3309,2,0,1,mandatory_skip,"[0, 1, 2, 3, 5, 6, 7]",7,6,-1
3310,1,1,0,none,"[0, 1, 3, 4, 5, 6, 7]",7,8,-1
3311,0,0,0,none,"[0, 1, 3, 4, 5, 6, 7]",7,8,-1
3312,0,0,0,none,"[0, 1, 2, 3, 4, 5, 6, 7]",8,8,-1
3313,0,0,0,none,"[0, 1, 2, 3, 4, 5, 6, 7]",8,8,-1
3314,1,1,0,none,"[0, 1, 2, 3, 4, 5, 6, 7]",8,8,-1
3315,0,0,0,none,"[0, 1, 2, 3, 4, 5, 6, 7]",8,10,-1
3316,2,0,1,unauthorized_jump,"[0, 1, 4, 5, 6, 7]",6,5,-1
3317,0,0,0,none,"[0, 1, 2, 3, 5, 6, 7]",7,6,-1
3318,2,0,1,mandatory_skip,"[0, 1, 3, 4, 5, 6, 7]",7,8,-1
3319,0,0,0,none,"[0, 1, 2, 3, 4, 5, 6, 7]",8,8,-1
3320,0,0,0,none,"[0, 1, 2, 3, 4, 5, 6, 7]",8,8,-1
3321,1,1,0,none,"[0, 1, 2, 3, 4, 5, 6, 7]",8,5,-1
3322,2,0,1,reverse,"[0, 1, 2, 3, 4, 5, 4, 6, 7]",9,9,-1
3323,2,0,1,unauthorized_jump,"[0, 1, 2, 3, 6, 7]",6,5,-1
3324,1,1,0,none,"[0, 1, 2, 3, 4, 5, 6, 7]",8,6,-1
3325,2,0,1,unauthorized_jump,"[0, 1, 2, 3, 6, 7]",6,8,-1
3326,0,0,0,none,"[0, 1, 2, 3, 4, 5, 6, 7]",8,9,-1
3327,2,0,1,excess_dwell,"[0, 1, 2, 3, 4, 4, 4, 4, 5, 6, 7]",11,12,-1
3328,0,0,0,none,"[0, 1, 2, 3, 4, 5, 6, 7]",8,9,-1
3329,1,1,0,none,"[0, 1, 2, 3, 4, 5, 6, 7]",8,7,6
3330,0,0,0,none,"[0, 1, 2, 3, 4, 5, 6, 7]",8,10,-1
3331,0,0,0,none,"[0, 1, 2, 3, 4, 5, 6, 7]",8,9,-1
3332,2,0,1,reverse,"[0, 1, 2, 3, 2, 4, 5, 6, 7]",9,9,-1
3333,0,0,0,none,"[0, 1, 3, 4, 5, 6, 7]",7,7,-1
3334,1,1,0,none,"[0, 1, 2, 3, 4, 5, 6, 7]",8,7,-1
3335,1,1,0,none,"[0, 1, 2, 3, 4, 5, 6, 7]",8,6,6
3336,0,0,0,none,"[0, 1, 2, 3, 4, 5, 6, 7]",8,7,-1
3337,1,1,0,none,"[0, 1, 2, 3, 4, 5, 6, 7]",8,5,-1
3338,2,0,1,mandatory_skip,"[0, 1, 2, 3, 5, 6, 7]",7,3,-1
3339,0,0,0,none,"[0, 1, 2, 3, 4, 5, 6, 7]",8,8,5
3340,1,1,0,none,"[0, 1, 2, 3, 4, 5, 6, 7]",8,6,-1
3341,2,0,1,unauthorized_jump,"[0, 1, 2, 3, 6, 7]",6,4,-1
3342,1,1,0,none,"[0, 1, 3, 4, 5, 6, 7]",7,7,-1
3343,0,0,0,none,"[0, 1, 2, 3, 4, 5, 6, 7]",8,6,-1
3344,1,1,0,none,"[0, 1, 2, 3, 4, 5, 6, 7]",8,6,4
3345,2,0,1,mandatory_skip,"[0, 1, 2, 3, 5, 6, 7]",7,7,-1
3346,0,0,0,none,"[0, 1, 2, 3, 4, 5, 6, 7]",8,7,-1
3347,1,1,0,none,"[0, 1, 2, 3, 4, 5, 6, 7]",8,8,-1
3348,2,0,1,unauthorized_jump,"[0, 1, 5, 6, 7]",5,3,-1
3349,1,1,0,none,"[0, 1, 2, 3, 4, 5, 6, 7]",8,6,-1
3350,1,1,0,none,"[0, 1, 2, 3, 4, 5, 6, 7]",8,8,-1
3351,0,0,0,none,"[0, 1, 2, 3, 4, 5, 6, 7]",8,8,-1
3352,0,0,0,none,"[0, 1, 2, 3, 4, 5, 6, 7]",8,8,-1
3353,1,1,0,none,"[0, 1, 2, 3, 4, 5, 6, 7]",8,6,0
3354,0,0,0,none,"[0, 1, 2, 3, 4, 5, 6, 7]",8,9,-1
3355,0,0,0,none,"[0, 1, 2, 3, 5, 6, 7]",7,6,-1
3356,0,0,0,none,"[0, 1, 2, 3, 5, 6, 7]",7,7,-1
3357,2,0,1,mandatory_skip,"[0, 1, 2, 3, 4, 5, 7]",7,8,-1
3358,2,0,1,reverse,"[0, 1, 2, 3, 4, 3, 5, 6, 7]",9,9,-1
3359,0,0,0,none,"[0, 1, 2, 3, 5, 6, 7]",7,7,-1
3360,0,0,0,none,"[0, 1, 2, 3, 4, 5, 6, 7]",8,8,-1
3361,0,0,0,none,"[0, 1, 3, 4, 5, 6, 7]",7,7,-1
3362,2,0,1,reverse,"[0, 1, 2, 3, 4, 5, 4, 6, 7]",9,9,-1
3363,2,0,1,unauthorized_jump,"[0, 1, 2, 5, 6, 7]",6,7,-1
3364,2,0,1,excess_dwell,"[0, 1, 2, 3, 4, 4, 4, 4, 5, 6, 7]",11,10,-1
3365,2,0,1,excess_dwell,"[0, 1, 2, 2, 2, 2, 3, 4, 5, 6, 7]",11,12,-1
3366,1,1,0,none,"[0, 1, 3, 4, 5, 6, 7]",7,7,-1
3367,0,0,0,none,"[0, 1, 2, 3, 4, 5, 6, 7]",8,7,-1
3368,0,0,0,none,"[0, 1, 3, 4, 5, 6, 7]",7,7,-1
3369,2,0,1,unauthorized_jump,"[0, 1, 4, 5, 6, 7]",6,5,-1
3370,2,0,1,mandatory_skip,"[0, 1, 2, 3, 4, 5, 7]",7,8,-1
3371,2,0,1,reverse,"[0, 1, 2, 3, 4, 3, 5, 6, 7]",9,9,-1
3372,0,0,0,none,"[0, 1, 2, 3, 4, 5, 6, 7]",8,8,-1
3373,1,1,0,none,"[0, 1, 3, 4, 5, 6, 7]",7,6,0
3374,0,0,0,none,"[0, 1, 2, 3, 4, 5, 6, 7]",8,8,-1
3375,2,0,1,mandatory_skip,"[0, 1, 3, 4, 5, 6, 7]",7,8,-1
3376,0,0,0,none,"[0, 1, 2, 3, 4, 5, 6, 7]",8,9,-1
3377,0,0,0,none,"[0, 1, 2, 3, 4, 5, 6, 7]",8,8,-1
3378,2,0,1,reverse,"[0, 1, 2, 3, 4, 5, 4, 6, 7]",9,8,-1
3379,1,1,0,none,"[0, 1, 3, 4, 5, 6, 7]",7,5,1
3380,0,0,0,none,"[0, 1, 2, 3, 4, 5, 6, 7]",8,7,-1
3381,1,1,0,none,"[0, 1, 2, 3, 4, 5, 6, 7]",8,8,-1
3382,1,1,0,none,"[0, 1, 3, 4, 5, 6, 7]",7,6,5
3383,0,0,0,none,"[0, 1, 2, 3, 4, 5, 6, 7]",8,7,-1
3384,2,0,1,unauthorized_jump,"[0, 1, 2, 3, 6, 7]",6,6,-1
3385,2,0,1,mandatory_skip,"[0, 1, 2, 3, 5, 6, 7]",7,8,-1
3386,2,0,1,excess_dwell,"[0, 1, 2, 3, 4, 4, 4, 4, 5, 6, 7]",11,11,-1
3387,2,0,1,reverse,"[0, 1, 2, 1, 3, 4, 5, 6, 7]",9,10,-1
3388,2,0,1,excess_dwell,"[0, 1, 2, 3, 4, 5, 5, 5, 5, 6, 7]",11,12,-1
3389,2,0,1,unauthorized_jump,"[0, 1, 2, 6, 7]",5,5,-1
3390,1,1,0,none,"[0, 1, 2, 3, 4, 5, 6, 7]",8,6,0
3391,1,1,0,none,"[0, 1, 2, 3, 4, 5, 6, 7]",8,9,-1
3392,0,0,0,none,"[0, 1, 2, 3, 4, 5, 6, 7]",8,7,-1
3393,0,0,0,none,"[0, 1, 2, 3, 4, 5, 6, 7]",8,8,-1
3394,2,0,1,mandatory_skip,"[0, 1, 2, 3, 5, 6, 7]",7,9,-1
3395,2,0,1,mandatory_skip,"[0, 1, 2, 3, 4, 5, 7]",7,7,-1
3396,2,0,1,reverse,"[0, 1, 2, 3, 4, 3, 5, 6, 7]",9,8,-1
3397,1,1,0,none,"[0, 1, 3, 4, 5, 6, 7]",7,10,-1
3398,0,0,0,none,"[0, 1, 2, 3, 4, 5, 6, 7]",8,8,-1
3399,0,0,0,none,"[0, 1, 3, 4, 5, 6, 7]",7,7,-1
3400,0,0,0,none,"[0, 1, 3, 4, 5, 6, 7]",7,7,-1
3401,0,0,0,none,"[0, 1, 3, 4, 5, 6, 7]",7,5,-1
3402,2,0,1,excess_dwell,"[0, 1, 2, 3, 3, 3, 3, 4, 5, 6, 7]",11,10,-1
3403,2,0,1,excess_dwell,"[0, 1, 2, 3, 4, 5, 5, 5, 5, 6, 7]",11,11,-1
3404,2,0,1,reverse,"[0, 1, 2, 3, 4, 3, 5, 6, 7]",9,7,-1
3405,0,0,0,none,"[0, 1, 2, 3, 4, 5, 6, 7]",8,9,-1
3406,2,0,1,mandatory_skip,"[0, 1, 2, 3, 5, 6, 7]",7,9,-1
3407,2,0,1,mandatory_skip,"[0, 1, 2, 3, 5, 6, 7]",7,7,-1
3408,2,0,1,mandatory_skip,"[0, 1, 2, 3, 4, 5, 7]",7,6,-1
3409,0,0,0,none,"[0, 1, 2, 3, 4, 5, 6, 7]",8,7,-1
3410,0,0,0,none,"[0, 1, 2, 3, 4, 5, 6, 7]",8,8,-1
3411,2,0,1,reverse,"[0, 1, 2, 3, 2, 4, 5, 6, 7]",9,9,-1
3412,0,0,0,none,"[0, 1, 2, 3, 4, 5, 6, 7]",8,9,-1
3413,2,0,1,excess_dwell,"[0, 1, 2, 2, 2, 2, 3, 4, 5, 6, 7]",11,10,-1
3414,1,1,0,none,"[0, 1, 2, 3, 4, 5, 6, 7]",8,7,-1
3415,2,0,1,excess_dwell,"[0, 1, 2, 3, 4, 5, 5, 5, 5, 6, 7]",11,13,-1
3416,0,0,0,none,"[0, 1, 2, 3, 5, 6, 7]",7,7,-1
3417,1,1,0,none,"[0, 1, 2, 3, 4, 5, 6, 7]",8,12,-1
3418,0,0,0,none,"[0, 1, 3, 4, 5, 6, 7]",7,7,-1
3419,2,0,1,mandatory_skip,"[0, 1, 3, 4, 5, 6, 7]",7,6,-1
3420,0,0,0,none,"[0, 1, 2, 3, 4, 5, 6, 7]",8,6,-1
3421,2,0,1,excess_dwell,"[0, 1, 2, 3, 3, 3, 3, 4, 5, 6, 7]",11,10,-1
3422,1,1,0,none,"[0, 1, 2, 3, 4, 5, 6, 7]",8,4,5
3423,1,1,0,none,"[0, 1, 2, 3, 4, 5, 6, 7]",8,10,-1
3424,2,0,1,mandatory_skip,"[0, 1, 2, 3, 5, 6, 7]",7,8,-1
3425,2,0,1,reverse,"[0, 1, 2, 3, 2, 4, 5, 6, 7]",9,8,-1
3426,1,1,0,none,"[0, 1, 2, 3, 4, 5, 6, 7]",8,5,-1
3427,2,0,1,reverse,"[0, 1, 2, 3, 4, 3, 5, 6, 7]",9,7,6
3428,1,1,0,none,"[0, 1, 2, 3, 4, 5, 6, 7]",8,6,7
3429,2,0,1,unauthorized_jump,"[0, 1, 2, 5, 6, 7]",6,6,-1
3430,0,0,0,none,"[0, 1, 3, 4, 5, 6, 7]",7,7,-1
3431,0,0,0,none,"[0, 1, 2, 3, 4, 5, 6, 7]",8,8,-1
3432,2,0,1,mandatory_skip,"[0, 1, 2, 3, 5, 6, 7]",7,7,-1
3433,0,0,0,none,"[0, 1, 2, 3, 4, 5, 6, 7]",8,8,-1
3434,2,0,1,excess_dwell,"[0, 1, 2, 3, 4, 5, 5, 5, 5, 6, 7]",11,11,-1
3435,1,1,0,none,"[0, 1, 2, 3, 4, 5, 6, 7]",8,5,-1
3436,2,0,1,mandatory_skip,"[0, 1, 3, 4, 5, 6, 7]",7,7,-1
3437,2,0,1,unauthorized_jump,"[0, 1, 4, 5, 6, 7]",6,6,-1
3438,2,0,1,reverse,"[0, 1, 2, 3, 2, 4, 5, 6, 7]",9,10,-1
3439,2,0,1,unauthorized_jump,"[0, 1, 2, 3, 6, 7]",6,6,-1
3440,2,0,1,excess_dwell,"[0, 1, 2, 3, 4, 5, 5, 5, 5, 6, 7]",11,13,-1
3441,1,1,0,none,"[0, 1, 2, 3, 4, 5, 6, 7]",8,8,2
3442,2,0,1,excess_dwell,"[0, 1, 2, 2, 2, 2, 3, 4, 5, 6, 7]",11,11,-1
3443,2,0,1,unauthorized_jump,"[0, 1, 5, 6, 7]",5,5,-1
3444,2,0,1,reverse,"[0, 1, 2, 3, 4, 3, 5, 6, 7]",9,7,-1
3445,0,0,0,none,"[0, 1, 2, 3, 5, 6, 7]",7,8,-1
3446,0,0,0,none,"[0, 1, 2, 3, 4, 5, 6, 7]",8,9,-1
3447,0,0,0,none,"[0, 1, 2, 3, 4, 5, 6, 7]",8,8,-1
3448,2,0,1,unauthorized_jump,"[0, 1, 2, 5, 6, 7]",6,7,-1
3449,1,1,0,none,"[0, 1, 2, 3, 4, 5, 6, 7]",8,8,-1
3450,0,0,0,none,"[0, 1, 2, 3, 4, 5, 6, 7]",8,7,-1
3451,2,0,1,excess_dwell,"[0, 1, 2, 3, 3, 3, 3, 4, 5, 6, 7]",11,10,-1
3452,0,0,0,none,"[0, 1, 2, 3, 4, 5, 6, 7]",8,7,-1
3453,1,1,0,none,"[0, 1, 2, 3, 4, 5, 6, 7]",8,6,-1
3454,2,0,1,mandatory_skip,"[0, 1, 2, 3, 5, 6, 7]",7,7,-1
3455,0,0,0,none,"[0, 1, 2, 3, 4, 5, 6, 7]",8,8,-1
3456,0,0,0,none,"[0, 1, 2, 3, 4, 5, 6, 7]",8,9,-1
3457,2,0,1,unauthorized_jump,"[0, 1, 2, 6, 7]",5,4,-1
3458,1,1,0,none,"[0, 1, 2, 3, 4, 5, 6, 7]",8,8,-1
3459,2,0,1,unauthorized_jump,"[0, 1, 2, 6, 7]",5,4,-1
3460,2,0,1,reverse,"[0, 1, 2, 3, 4, 5, 4, 6, 7]",9,10,-1
3461,0,0,0,none,"[0, 1, 2, 3, 5, 6, 7]",7,7,-1
3462,1,1,0,none,"[0, 1, 3, 4, 5, 6, 7]",7,5,-1
3463,2,0,1,unauthorized_jump,"[0, 1, 2, 3, 6, 7]",6,6,-1
3464,2,0,1,excess_dwell,"[0, 1, 2, 3, 3, 3, 3, 4, 5, 6, 7]",11,9,-1
3465,0,0,0,none,"[0, 1, 2, 3, 4, 5, 6, 7]",8,8,-1
3466,1,1,0,none,"[0, 1, 2, 3, 4, 5, 6, 7]",8,5,2
3467,2,0,1,unauthorized_jump,"[0, 1, 4, 5, 6, 7]",6,6,-1
3468,2,0,1,excess_dwell,"[0, 1, 2, 3, 4, 4, 4, 4, 5, 6, 7]",11,11,-1
3469,1,1,0,none,"[0, 1, 3, 4, 5, 6, 7]",7,7,-1
3470,0,0,0,none,"[0, 1, 2, 3, 4, 5, 6, 7]",8,10,-1
3471,1,1,0,none,"[0, 1, 2, 3, 4, 5, 6, 7]",8,7,-1
3472,1,1,0,none,"[0, 1, 2, 3, 5, 6, 7]",7,8,-1
3473,1,1,0,none,"[0, 1, 2, 3, 4, 5, 6, 7]",8,6,0
3474,0,0,0,none,"[0, 1, 3, 4, 5, 6, 7]",7,7,-1
3475,0,0,0,none,"[0, 1, 2, 3, 4, 5, 6, 7]",8,8,-1
3476,0,0,0,none,"[0, 1, 2, 3, 4, 5, 6, 7]",8,8,-1
3477,1,1,0,none,"[0, 1, 2, 3, 4, 5, 6, 7]",8,9,2
3478,0,0,0,none,"[0, 1, 2, 3, 4, 5, 6, 7]",8,9,-1
3479,0,0,0,none,"[0, 1, 2, 3, 4, 5, 6, 7]",8,9,-1
3480,0,0,0,none,"[0, 1, 2, 3, 4, 5, 6, 7]",8,8,-1
3481,0,0,0,none,"[0, 1, 2, 3, 4, 5, 6, 7]",8,8,-1
3482,1,1,0,none,"[0, 1, 2, 3, 4, 5, 6, 7]",8,6,4
3483,2,0,1,reverse,"[0, 1, 2, 3, 4, 3, 5, 6, 7]",9,9,-1
3484,0,0,0,none,"[0, 1, 3, 4, 5, 6, 7]",7,6,-1
3485,0,0,0,none,"[0, 1, 2, 3, 4, 5, 6, 7]",8,9,-1
3486,1,1,0,none,"[0, 1, 2, 3, 4, 5, 6, 7]",8,6,4
3487,2,0,1,excess_dwell,"[0, 1, 2, 2, 2, 2, 3, 4, 5, 6, 7]",11,11,-1
3488,1,1,0,none,"[0, 1, 2, 3, 4, 5, 6, 7]",8,5,-1
3489,2,0,1,reverse,"[0, 1, 2, 1, 3, 4, 5, 6, 7]",9,7,-1
3490,2,0,1,unauthorized_jump,"[0, 1, 4, 5, 6, 7]",6,6,-1
3491,0,0,0,none,"[0, 1, 2, 3, 4, 5, 6, 7]",8,8,1
3492,0,0,0,none,"[0, 1, 2, 3, 4, 5, 6, 7]",8,8,-1
3493,1,1,0,none,"[0, 1, 2, 3, 4, 5, 6, 7]",8,5,-1
3494,2,0,1,unauthorized_jump,"[0, 1, 2, 6, 7]",5,6,-1
3495,1,1,0,none,"[0, 1, 2, 3, 4, 5, 6, 7]",8,8,-1
3496,0,0,0,none,"[0, 1, 2, 3, 4, 5, 6, 7]",8,9,-1
3497,0,0,0,none,"[0, 1, 2, 3, 4, 5, 6, 7]",8,7,-1
3498,0,0,0,none,"[0, 1, 2, 3, 4, 5, 6, 7]",8,6,-1
3499,0,0,0,none,"[0, 1, 2, 3, 4, 5, 6, 7]",8,10,-1
3500,2,0,1,reverse,"[0, 1, 2, 3, 4, 5, 4, 6, 7]",9,8,-1
3501,1,1,0,none,"[0, 1, 2, 3, 5, 6, 7]",7,5,1
3502,0,0,0,none,"[0, 1, 3, 4, 5, 6, 7]",7,9,-1
3503,0,0,0,none,"[0, 1, 2, 3, 4, 5, 6, 7]",8,10,-1
3504,0,0,0,none,"[0, 1, 2, 3, 4, 5, 6, 7]",8,9,-1
3505,0,0,0,none,"[0, 1, 2, 3, 4, 5, 6, 7]",8,8,-1
3506,1,1,0,none,"[0, 1, 2, 3, 4, 5, 6, 7]",8,6,-1
3507,1,1,0,none,"[0, 1, 2, 3, 4, 5, 6, 7]",8,6,5
3508,2,0,1,mandatory_skip,"[0, 1, 3, 4, 5, 6, 7]",7,8,-1
3509,0,0,0,none,"[0, 1, 2, 3, 5, 6, 7]",7,7,-1
3510,0,0,0,none,"[0, 1, 2, 3, 4, 5, 6, 7]",8,5,-1
3511,2,0,1,unauthorized_jump,"[0, 1, 2, 6, 7]",5,4,-1
3512,2,0,1,mandatory_skip,"[0, 1, 3, 4, 5, 6, 7]",7,7,-1
3513,0,0,0,none,"[0, 1, 2, 3, 4, 5, 6, 7]",8,9,-1
3514,0,0,0,none,"[0, 1, 2, 3, 4, 5, 6, 7]",8,8,-1
3515,1,1,0,none,"[0, 1, 2, 3, 4, 5, 6, 7]",8,6,-1
3516,1,1,0,none,"[0, 1, 2, 3, 4, 5, 6, 7]",8,8,-1
3517,1,1,0,none,"[0, 1, 2, 3, 4, 5, 6, 7]",8,6,6
3518,0,0,0,none,"[0, 1, 2, 3, 4, 5, 6, 7]",8,7,-1
3519,2,0,1,unauthorized_jump,"[0, 1, 2, 3, 7]",5,5,-1
3520,1,1,0,none,"[0, 1, 2, 3, 4, 5, 6, 7]",8,8,-1
3521,1,1,0,none,"[0, 1, 2, 3, 4, 5, 6, 7]",8,9,-1
3522,1,1,0,none,"[0, 1, 2, 3, 4, 5, 6, 7]",8,9,-1
3523,2,0,1,excess_dwell,"[0, 1, 2, 3, 4, 4, 4, 4, 5, 6, 7]",11,10,-1
3524,1,1,0,none,"[0, 1, 2, 3, 5, 6, 7]",7,5,0
3525,2,0,1,unauthorized_jump,"[0, 1, 5, 6, 7]",5,5,-1
3526,1,1,0,none,"[0, 1, 3, 4, 5, 6, 7]",7,6,-1
3527,2,0,1,excess_dwell,"[0, 1, 2, 3, 3, 3, 3, 4, 5, 6, 7]",11,11,-1
3528,1,1,0,none,"[0, 1, 2, 3, 4, 5, 6, 7]",8,8,-1
3529,1,1,0,none,"[0, 1, 2, 3, 4, 5, 6, 7]",8,10,-1
3530,0,0,0,none,"[0, 1, 2, 3, 5, 6, 7]",7,7,-1
3531,0,0,0,none,"[0, 1, 2, 3, 4, 5, 6, 7]",8,7,-1
3532,1,1,0,none,"[0, 1, 2, 3, 4, 5, 6, 7]",8,5,-1
3533,2,0,1,mandatory_skip,"[0, 1, 3, 4, 5, 6, 7]",7,6,-1
3534,0,0,0,none,"[0, 1, 2, 3, 5, 6, 7]",7,6,-1
3535,1,1,0,none,"[0, 1, 2, 3, 4, 5, 6, 7]",8,9,-1
3536,2,0,1,unauthorized_jump,"[0, 1, 2, 3, 7]",5,5,-1
3537,2,0,1,mandatory_skip,"[0, 1, 3, 4, 5, 6, 7]",7,6,-1
3538,0,0,0,none,"[0, 1, 2, 3, 4, 5, 6, 7]",8,8,-1
3539,2,0,1,unauthorized_jump,"[0, 1, 2, 6, 7]",5,5,-1
3540,1,1,0,none,"[0, 1, 2, 3, 4, 5, 6, 7]",8,6,5
3541,1,1,0,none,"[0, 1, 2, 3, 4, 5, 6, 7]",8,4,-1
3542,2,0,1,excess_dwell,"[0, 1, 2, 2, 2, 2, 3, 4, 5, 6, 7]",11,11,-1
3543,1,1,0,none,"[0, 1, 2, 3, 4, 5, 6, 7]",8,5,-1
3544,0,0,0,none,"[0, 1, 2, 3, 5, 6, 7]",7,9,-1
3545,1,1,0,none,"[0, 1, 2, 3, 4, 5, 6, 7]",8,8,-1
3546,1,1,0,none,"[0, 1, 2, 3, 4, 5, 6, 7]",8,5,3
3547,2,0,1,reverse,"[0, 1, 2, 1, 3, 4, 5, 6, 7]",9,9,-1
3548,2,0,1,mandatory_skip,"[0, 1, 3, 4, 5, 6, 7]",7,7,-1
3549,0,0,0,none,"[0, 1, 3, 4, 5, 6, 7]",7,8,-1
3550,2,0,1,unauthorized_jump,"[0, 1, 5, 6, 7]",5,6,-1
3551,0,0,0,none,"[0, 1, 2, 3, 4, 5, 6, 7]",8,9,-1
3552,0,0,0,none,"[0, 1, 2, 3, 4, 5, 6, 7]",8,10,-1
3553,2,0,1,excess_dwell,"[0, 1, 2, 3, 4, 4, 4, 4, 5, 6, 7]",11,11,-1
3554,1,1,0,none,"[0, 1, 2, 3, 4, 5, 6, 7]",8,7,-1
3555,2,0,1,reverse,"[0, 1, 2, 3, 4, 5, 4, 6, 7]",9,11,-1
3556,0,0,0,none,"[0, 1, 2, 3, 4, 5, 6, 7]",8,7,-1
3557,2,0,1,unauthorized_jump,"[0, 1, 4, 5, 6, 7]",6,6,-1
3558,2,0,1,unauthorized_jump,"[0, 1, 2, 5, 6, 7]",6,8,-1
3559,2,0,1,reverse,"[0, 1, 2, 1, 3, 4, 5, 6, 7]",9,9,-1
3560,1,1,0,none,"[0, 1, 2, 3, 4, 5, 6, 7]",8,9,-1
3561,1,1,0,none,"[0, 1, 2, 3, 4, 5, 6, 7]",8,9,-1
3562,1,1,0,none,"[0, 1, 2, 3, 4, 5, 6, 7]",8,7,-1
3563,0,0,0,none,"[0, 1, 2, 3, 4, 5, 6, 7]",8,7,-1
3564,2,0,1,mandatory_skip,"[0, 1, 3, 4, 5, 6, 7]",7,6,-1
3565,2,0,1,mandatory_skip,"[0, 1, 3, 4, 5, 6, 7]",7,4,-1
3566,2,0,1,reverse,"[0, 1, 2, 3, 2, 4, 5, 6, 7]",9,9,-1
3567,1,1,0,none,"[0, 1, 3, 4, 5, 6, 7]",7,8,-1
3568,0,0,0,none,"[0, 1, 3, 4, 5, 6, 7]",7,7,-1
3569,0,0,0,none,"[0, 1, 2, 3, 4, 5, 6, 7]",8,7,-1
3570,1,1,0,none,"[0, 1, 2, 3, 4, 5, 6, 7]",8,6,0
3571,0,0,0,none,"[0, 1, 2, 3, 4, 5, 6, 7]",8,8,-1
3572,2,0,1,excess_dwell,"[0, 1, 2, 3, 4, 5, 5, 5, 5, 6, 7]",11,12,-1
3573,0,0,0,none,"[0, 1, 3, 4, 5, 6, 7]",7,8,-1
3574,0,0,0,none,"[0, 1, 2, 3, 4, 5, 6, 7]",8,9,-1
3575,1,1,0,none,"[0, 1, 2, 3, 4, 5, 6, 7]",8,7,6
3576,2,0,1,unauthorized_jump,"[0, 1, 2, 6, 7]",5,7,-1
3577,2,0,1,unauthorized_jump,"[0, 1, 2, 6, 7]",5,4,-1
3578,2,0,1,unauthorized_jump,"[0, 1, 2, 6, 7]",5,2,-1
3579,0,0,0,none,"[0, 1, 3, 4, 5, 6, 7]",7,8,-1
3580,1,1,0,none,"[0, 1, 2, 3, 5, 6, 7]",7,8,-1
3581,0,0,0,none,"[0, 1, 2, 3, 4, 5, 6, 7]",8,7,-1
3582,2,0,1,mandatory_skip,"[0, 1, 2, 3, 4, 5, 7]",7,7,-1
3583,2,0,1,mandatory_skip,"[0, 1, 2, 3, 4, 5, 7]",7,8,-1
3584,2,0,1,reverse,"[0, 1, 2, 3, 4, 3, 5, 6, 7]",9,10,-1
3585,0,0,0,none,"[0, 1, 2, 3, 5, 6, 7]",7,7,-1
3586,1,1,0,none,"[0, 1, 2, 3, 5, 6, 7]",7,11,-1
3587,2,0,1,mandatory_skip,"[0, 1, 2, 3, 4, 5, 7]",7,9,-1
3588,0,0,0,none,"[0, 1, 3, 4, 5, 6, 7]",7,6,-1
3589,1,1,0,none,"[0, 1, 2, 3, 4, 5, 6, 7]",8,7,-1
3590,1,1,0,none,"[0, 1, 2, 3, 4, 5, 6, 7]",8,8,-1
3591,0,0,0,none,"[0, 1, 2, 3, 4, 5, 6, 7]",8,9,-1
3592,2,0,1,unauthorized_jump,"[0, 1, 4, 5, 6, 7]",6,5,-1
3593,2,0,1,excess_dwell,"[0, 1, 2, 3, 4, 4, 4, 4, 5, 6, 7]",11,12,-1
3594,0,0,0,none,"[0, 1, 2, 3, 4, 5, 6, 7]",8,9,-1
3595,0,0,0,none,"[0, 1, 3, 4, 5, 6, 7]",7,6,-1
3596,2,0,1,reverse,"[0, 1, 2, 3, 2, 4, 5, 6, 7]",9,9,-1
3597,1,1,0,none,"[0, 1, 2, 3, 4, 5, 6, 7]",8,7,-1
3598,1,1,0,none,"[0, 1, 2, 3, 4, 5, 6, 7]",8,4,5
3599,2,0,1,reverse,"[0, 1, 2, 3, 2, 4, 5, 6, 7]",9,9,-1
3600,0,0,0,none,"[0, 1, 2, 3, 5, 6, 7]",7,7,-1
3601,1,1,0,none,"[0, 1, 2, 3, 4, 5, 6, 7]",8,5,-1
3602,1,1,0,none,"[0, 1, 2, 3, 4, 5, 6, 7]",8,5,-1
3603,0,0,0,none,"[0, 1, 2, 3, 4, 5, 6, 7]",8,8,-1
3604,1,1,0,none,"[0, 1, 2, 3, 4, 5, 6, 7]",8,8,-1
3605,1,1,0,none,"[0, 1, 2, 3, 4, 5, 6, 7]",8,7,-1
3606,2,0,1,excess_dwell,"[0, 1, 2, 3, 3, 3, 3, 4, 5, 6, 7]",11,12,-1
3607,1,1,0,none,"[0, 1, 2, 3, 4, 5, 6, 7]",8,9,-1
3608,0,0,0,none,"[0, 1, 2, 3, 4, 5, 6, 7]",8,8,-1
3609,0,0,0,none,"[0, 1, 2, 3, 4, 5, 6, 7]",8,7,-1
3610,0,0,0,none,"[0, 1, 2, 3, 4, 5, 6, 7]",8,9,-1
3611,2,0,1,mandatory_skip,"[0, 1, 2, 3, 4, 5, 7]",7,7,-1
3612,0,0,0,none,"[0, 1, 2, 3, 4, 5, 6, 7]",8,9,-1
3613,2,0,1,reverse,"[0, 1, 2, 1, 3, 4, 5, 6, 7]",9,9,-1
3614,0,0,0,none,"[0, 1, 3, 4, 5, 6, 7]",7,8,-1
3615,1,1,0,none,"[0, 1, 2, 3, 4, 5, 6, 7]",8,6,-1
3616,2,0,1,mandatory_skip,"[0, 1, 2, 3, 5, 6, 7]",7,6,-1
3617,0,0,0,none,"[0, 1, 2, 3, 4, 5, 6, 7]",8,7,-1
3618,0,0,0,none,"[0, 1, 2, 3, 4, 5, 6, 7]",8,9,-1
3619,0,0,0,none,"[0, 1, 2, 3, 4, 5, 6, 7]",8,8,-1
3620,2,0,1,mandatory_skip,"[0, 1, 2, 3, 5, 6, 7]",7,5,-1
3621,0,0,0,none,"[0, 1, 2, 3, 4, 5, 6, 7]",8,8,-1
3622,1,1,0,none,"[0, 1, 2, 3, 5, 6, 7]",7,6,-1
3623,0,0,0,none,"[0, 1, 3, 4, 5, 6, 7]",7,7,-1
3624,1,1,0,none,"[0, 1, 2, 3, 4, 5, 6, 7]",8,7,4
3625,0,0,0,none,"[0, 1, 2, 3, 4, 5, 6, 7]",8,8,-1
3626,2,0,1,excess_dwell,"[0, 1, 2, 3, 4, 4, 4, 4, 5, 6, 7]",11,14,-1
3627,1,1,0,none,"[0, 1, 3, 4, 5, 6, 7]",7,3,-1
3628,0,0,0,none,"[0, 1, 2, 3, 4, 5, 6, 7]",8,8,-1
3629,0,0,0,none,"[0, 1, 2, 3, 4, 5, 6, 7]",8,6,-1
3630,0,0,0,none,"[0, 1, 2, 3, 4, 5, 6, 7]",8,7,-1
3631,0,0,0,none,"[0, 1, 2, 3, 4, 5, 6, 7]",8,9,-1
3632,2,0,1,reverse,"[0, 1, 2, 3, 4, 3, 5, 6, 7]",9,11,-1
3633,2,0,1,excess_dwell,"[0, 1, 2, 3, 4, 4, 4, 4, 5, 6, 7]",11,7,-1
3634,0,0,0,none,"[0, 1, 2, 3, 4, 5, 6, 7]",8,8,-1
3635,0,0,0,none,"[0, 1, 2, 3, 4, 5, 6, 7]",8,9,-1
3636,1,1,0,none,"[0, 1, 2, 3, 4, 5, 6, 7]",8,6,-1
3637,2,0,1,unauthorized_jump,"[0, 1, 4, 5, 6, 7]",6,6,-1
3638,0,0,0,none,"[0, 1, 2, 3, 4, 5, 6, 7]",8,8,-1
3639,0,0,0,none,"[0, 1, 3, 4, 5, 6, 7]",7,7,-1
3640,0,0,0,none,"[0, 1, 3, 4, 5, 6, 7]",7,7,-1
3641,0,0,0,none,"[0, 1, 3, 4, 5, 6, 7]",7,7,-1
3642,0,0,0,none,"[0, 1, 2, 3, 4, 5, 6, 7]",8,9,-1
3643,0,0,0,none,"[0, 1, 3, 4, 5, 6, 7]",7,9,-1
3644,0,0,0,none,"[0, 1, 3, 4, 5, 6, 7]",7,7,-1
3645,1,1,0,none,"[0, 1, 2, 3, 4, 5, 6, 7]",8,7,-1
3646,0,0,0,none,"[0, 1, 2, 3, 4, 5, 6, 7]",8,8,-1
3647,1,1,0,none,"[0, 1, 2, 3, 5, 6, 7]",7,7,-1
3648,2,0,1,mandatory_skip,"[0, 1, 2, 3, 4, 5, 7]",7,6,-1
3649,1,1,0,none,"[0, 1, 2, 3, 5, 6, 7]",7,6,6
3650,0,0,0,none,"[0, 1, 2, 3, 4, 5, 6, 7]",8,8,-1
3651,0,0,0,none,"[0, 1, 2, 3, 4, 5, 6, 7]",8,6,-1
3652,0,0,0,none,"[0, 1, 2, 3, 4, 5, 6, 7]",8,8,-1
3653,2,0,1,mandatory_skip,"[0, 1, 2, 3, 4, 5, 7]",7,6,-1
3654,0,0,0,none,"[0, 1, 2, 3, 4, 5, 6, 7]",8,8,-1
3655,1,1,0,none,"[0, 1, 2, 3, 4, 5, 6, 7]",8,5,-1
3656,2,0,1,reverse,"[0, 1, 2, 3, 4, 3, 5, 6, 7]",9,9,-1
3657,0,0,0,none,"[0, 1, 3, 4, 5, 6, 7]",7,6,-1
3658,0,0,0,none,"[0, 1, 2, 3, 4, 5, 6, 7]",8,10,-1
3659,1,1,0,none,"[0, 1, 2, 3, 4, 5, 6, 7]",8,7,-1
3660,0,0,0,none,"[0, 1, 3, 4, 5, 6, 7]",7,7,-1
3661,0,0,0,none,"[0, 1, 2, 3, 5, 6, 7]",7,7,-1
3662,2,0,1,mandatory_skip,"[0, 1, 2, 3, 5, 6, 7]",7,5,-1
3663,1,1,0,none,"[0, 1, 2, 3, 4, 5, 6, 7]",8,7,-1
3664,2,0,1,excess_dwell,"[0, 1, 2, 2, 2, 2, 3, 4, 5, 6, 7]",11,10,-1
3665,1,1,0,none,"[0, 1, 2, 3, 4, 5, 6, 7]",8,5,-1
3666,0,0,0,none,"[0, 1, 2, 3, 4, 5, 6, 7]",8,9,-1
3667,0,0,0,none,"[0, 1, 2, 3, 4, 5, 6, 7]",8,9,-1
3668,2,0,1,excess_dwell,"[0, 1, 2, 3, 4, 4, 4, 4, 5, 6, 7]",11,11,-1
3669,1,1,0,none,"[0, 1, 2, 3, 4, 5, 6, 7]",8,5,2
3670,1,1,0,none,"[0, 1, 2, 3, 4, 5, 6, 7]",8,6,-1
3671,1,1,0,none,"[0, 1, 2, 3, 4, 5, 6, 7]",8,8,-1
3672,2,0,1,reverse,"[0, 1, 2, 3, 4, 3, 5, 6, 7]",9,8,-1
3673,0,0,0,none,"[0, 1, 2, 3, 5, 6, 7]",7,6,-1
3674,2,0,1,mandatory_skip,"[0, 1, 2, 3, 5, 6, 7]",7,8,-1
3675,2,0,1,reverse,"[0, 1, 2, 3, 4, 5, 4, 6, 7]",9,10,-1
3676,0,0,0,none,"[0, 1, 2, 3, 4, 5, 6, 7]",8,6,-1
3677,2,0,1,excess_dwell,"[0, 1, 2, 3, 3, 3, 3, 4, 5, 6, 7]",11,13,-1
3678,0,0,0,none,"[0, 1, 2, 3, 4, 5, 6, 7]",8,10,-1
3679,2,0,1,unauthorized_jump,"[0, 1, 4, 5, 6, 7]",6,6,-1
3680,0,0,0,none,"[0, 1, 2, 3, 4, 5, 6, 7]",8,8,-1
3681,0,0,0,none,"[0, 1, 2, 3, 4, 5, 6, 7]",8,8,-1
3682,2,0,1,unauthorized_jump,"[0, 1, 2, 6, 7]",5,4,-1
3683,1,1,0,none,"[0, 1, 2, 3, 4, 5, 6, 7]",8,10,-1
3684,2,0,1,reverse,"[0, 1, 2, 3, 4, 5, 4, 6, 7]",9,11,-1
3685,2,0,1,excess_dwell,"[0, 1, 2, 2, 2, 2, 3, 4, 5, 6, 7]",11,12,-1
3686,2,0,1,unauthorized_jump,"[0, 1, 2, 3, 6, 7]",6,5,-1
3687,0,0,0,none,"[0, 1, 2, 3, 4, 5, 6, 7]",8,8,-1
3688,0,0,0,none,"[0, 1, 2, 3, 4, 5, 6, 7]",8,8,-1
3689,2,0,1,excess_dwell,"[0, 1, 2, 3, 3, 3, 3, 4, 5, 6, 7]",11,11,-1
3690,0,0,0,none,"[0, 1, 2, 3, 4, 5, 6, 7]",8,8,-1
3691,2,0,1,reverse,"[0, 1, 2, 3, 2, 4, 5, 6, 7]",9,9,-1
3692,2,0,1,mandatory_skip,"[0, 1, 2, 3, 4, 5, 7]",7,7,7
3693,1,1,0,none,"[0, 1, 2, 3, 4, 5, 6, 7]",8,7,6
3694,1,1,0,none,"[0, 1, 2, 3, 4, 5, 6, 7]",8,7,-1
3695,1,1,0,none,"[0, 1, 2, 3, 4, 5, 6, 7]",8,9,-1
3696,0,0,0,none,"[0, 1, 2, 3, 4, 5, 6, 7]",8,8,-1
3697,2,0,1,unauthorized_jump,"[0, 1, 2, 6, 7]",5,4,-1
3698,0,0,0,none,"[0, 1, 2, 3, 4, 5, 6, 7]",8,9,-1
3699,0,0,0,none,"[0, 1, 2, 3, 4, 5, 6, 7]",8,8,-1
3700,0,0,0,none,"[0, 1, 3, 4, 5, 6, 7]",7,8,-1
3701,0,0,0,none,"[0, 1, 2, 3, 4, 5, 6, 7]",8,9,-1
3702,1,1,0,none,"[0, 1, 2, 3, 4, 5, 6, 7]",8,11,-1
3703,0,0,0,none,"[0, 1, 2, 3, 4, 5, 6, 7]",8,7,-1
3704,2,0,1,excess_dwell,"[0, 1, 2, 3, 4, 5, 5, 5, 5, 6, 7]",11,11,-1
3705,0,0,0,none,"[0, 1, 2, 3, 4, 5, 6, 7]",8,6,-1
3706,2,0,1,unauthorized_jump,"[0, 1, 2, 6, 7]",5,4,-1
3707,0,0,0,none,"[0, 1, 2, 3, 4, 5, 6, 7]",8,7,-1
3708,2,0,1,mandatory_skip,"[0, 1, 3, 4, 5, 6, 7]",7,6,-1
3709,2,0,1,unauthorized_jump,"[0, 1, 2, 6, 7]",5,5,-1
3710,0,0,0,none,"[0, 1, 2, 3, 4, 5, 6, 7]",8,9,-1
3711,0,0,0,none,"[0, 1, 2, 3, 4, 5, 6, 7]",8,9,-1
3712,2,0,1,reverse,"[0, 1, 2, 3, 2, 4, 5, 6, 7]",9,9,-1
3713,2,0,1,unauthorized_jump,"[0, 1, 2, 3, 6, 7]",6,7,-1
3714,0,0,0,none,"[0, 1, 2, 3, 4, 5, 6, 7]",8,11,-1
3715,1,1,0,none,"[0, 1, 2, 3, 4, 5, 6, 7]",8,5,4
3716,0,0,0,none,"[0, 1, 2, 3, 4, 5, 6, 7]",8,9,-1
3717,2,0,1,unauthorized_jump,"[0, 1, 2, 5, 6, 7]",6,6,-1
3718,2,0,1,unauthorized_jump,"[0, 1, 2, 5, 6, 7]",6,5,-1
3719,0,0,0,none,"[0, 1, 2, 3, 4, 5, 6, 7]",8,7,-1
3720,2,0,1,reverse,"[0, 1, 2, 3, 4, 3, 5, 6, 7]",9,10,-1
3721,1,1,0,none,"[0, 1, 2, 3, 4, 5, 6, 7]",8,9,-1
3722,2,0,1,reverse,"[0, 1, 2, 3, 2, 4, 5, 6, 7]",9,9,-1
3723,0,0,0,none,"[0, 1, 2, 3, 5, 6, 7]",7,7,-1
3724,2,0,1,reverse,"[0, 1, 2, 1, 3, 4, 5, 6, 7]",9,9,-1
3725,0,0,0,none,"[0, 1, 2, 3, 4, 5, 6, 7]",8,9,-1
3726,1,1,0,none,"[0, 1, 3, 4, 5, 6, 7]",7,8,-1
3727,2,0,1,unauthorized_jump,"[0, 1, 4, 5, 6, 7]",6,4,-1
3728,2,0,1,unauthorized_jump,"[0, 1, 2, 3, 6, 7]",6,8,-1
3729,1,1,0,none,"[0, 1, 3, 4, 5, 6, 7]",7,4,-1
3730,1,1,0,none,"[0, 1, 2, 3, 4, 5, 6, 7]",8,7,2
3731,2,0,1,excess_dwell,"[0, 1, 2, 3, 4, 5, 5, 5, 5, 6, 7]",11,10,-1
3732,0,0,0,none,"[0, 1, 2, 3, 4, 5, 6, 7]",8,9,-1
3733,2,0,1,mandatory_skip,"[0, 1, 3, 4, 5, 6, 7]",7,6,-1
3734,0,0,0,none,"[0, 1, 2, 3, 4, 5, 6, 7]",8,7,-1
3735,1,1,0,none,"[0, 1, 2, 3, 4, 5, 6, 7]",8,9,-1
3736,0,0,0,none,"[0, 1, 2, 3, 4, 5, 6, 7]",8,9,-1
3737,1,1,0,none,"[0, 1, 2, 3, 5, 6, 7]",7,10,-1
3738,1,1,0,none,"[0, 1, 2, 3, 4, 5, 6, 7]",8,8,5
3739,2,0,1,unauthorized_jump,"[0, 1, 2, 5, 6, 7]",6,6,-1
3740,0,0,0,none,"[0, 1, 2, 3, 4, 5, 6, 7]",8,9,-1
3741,1,1,0,none,"[0, 1, 2, 3, 4, 5, 6, 7]",8,7,-1
3742,1,1,0,none,"[0, 1, 2, 3, 4, 5, 6, 7]",8,9,-1
3743,2,0,1,mandatory_skip,"[0, 1, 3, 4, 5, 6, 7]",7,8,-1
3744,1,1,0,none,"[0, 1, 3, 4, 5, 6, 7]",7,5,3
3745,1,1,0,none,"[0, 1, 2, 3, 5, 6, 7]",7,7,-1
3746,2,0,1,reverse,"[0, 1, 2, 3, 2, 4, 5, 6, 7]",9,9,-1
3747,2,0,1,reverse,"[0, 1, 2, 3, 2, 4, 5, 6, 7]",9,10,-1
3748,2,0,1,mandatory_skip,"[0, 1, 2, 3, 5, 6, 7]",7,7,-1
3749,1,1,0,none,"[0, 1, 3, 4, 5, 6, 7]",7,6,-1
3750,0,0,0,none,"[0, 1, 2, 3, 4, 5, 6, 7]",8,8,-1
3751,1,1,0,none,"[0, 1, 2, 3, 4, 5, 6, 7]",8,8,-1
3752,2,0,1,excess_dwell,"[0, 1, 2, 3, 3, 3, 3, 4, 5, 6, 7]",11,12,-1
3753,0,0,0,none,"[0, 1, 2, 3, 4, 5, 6, 7]",8,7,-1
3754,2,0,1,unauthorized_jump,"[0, 1, 2, 6, 7]",5,4,-1
3755,1,1,0,none,"[0, 1, 3, 4, 5, 6, 7]",7,8,-1
3756,1,1,0,none,"[0, 1, 2, 3, 4, 5, 6, 7]",8,8,-1
3757,1,1,0,none,"[0, 1, 2, 3, 4, 5, 6, 7]",8,6,2
3758,2,0,1,reverse,"[0, 1, 2, 3, 4, 3, 5, 6, 7]",9,11,-1
3759,2,0,1,reverse,"[0, 1, 2, 1, 3, 4, 5, 6, 7]",9,8,-1
3760,0,0,0,none,"[0, 1, 3, 4, 5, 6, 7]",7,6,-1
3761,2,0,1,reverse,"[0, 1, 2, 3, 4, 3, 5, 6, 7]",9,8,-1
3762,2,0,1,mandatory_skip,"[0, 1, 2, 3, 4, 5, 7]",7,7,-1
3763,1,1,0,none,"[0, 1, 2, 3, 4, 5, 6, 7]",8,4,-1
3764,2,0,1,reverse,"[0, 1, 2, 3, 4, 5, 4, 6, 7]",9,6,-1
3765,1,1,0,none,"[0, 1, 2, 3, 4, 5, 6, 7]",8,8,-1
3766,1,1,0,none,"[0, 1, 3, 4, 5, 6, 7]",7,10,-1
3767,0,0,0,none,"[0, 1, 2, 3, 4, 5, 6, 7]",8,8,-1
3768,1,1,0,none,"[0, 1, 2, 3, 4, 5, 6, 7]",8,7,5
3769,2,0,1,excess_dwell,"[0, 1, 2, 3, 4, 5, 5, 5, 5, 6, 7]",11,10,-1
3770,2,0,1,mandatory_skip,"[0, 1, 3, 4, 5, 6, 7]",7,7,-1
3771,1,1,0,none,"[0, 1, 2, 3, 5, 6, 7]",7,7,-1
3772,1,1,0,none,"[0, 1, 2, 3, 4, 5, 6, 7]",8,11,-1
3773,1,1,0,none,"[0, 1, 2, 3, 4, 5, 6, 7]",8,8,-1
3774,2,0,1,unauthorized_jump,"[0, 1, 5, 6, 7]",5,6,-1
3775,0,0,0,none,"[0, 1, 2, 3, 4, 5, 6, 7]",8,8,-1
3776,0,0,0,none,"[0, 1, 3, 4, 5, 6, 7]",7,7,-1
3777,1,1,0,none,"[0, 1, 2, 3, 4, 5, 6, 7]",8,6,-1
3778,0,0,0,none,"[0, 1, 2, 3, 4, 5, 6, 7]",8,9,-1
3779,0,0,0,none,"[0, 1, 2, 3, 5, 6, 7]",7,5,0
3780,2,0,1,mandatory_skip,"[0, 1, 2, 3, 4, 5, 7]",7,7,-1
3781,1,1,0,none,"[0, 1, 2, 3, 4, 5, 6, 7]",8,8,0
3782,2,0,1,reverse,"[0, 1, 2, 3, 2, 4, 5, 6, 7]",9,12,-1
3783,2,0,1,unauthorized_jump,"[0, 1, 2, 3, 7]",5,8,-1
3784,2,0,1,excess_dwell,"[0, 1, 2, 2, 2, 2, 3, 4, 5, 6, 7]",11,14,-1
3785,1,1,0,none,"[0, 1, 2, 3, 4, 5, 6, 7]",8,11,-1
3786,0,0,0,none,"[0, 1, 2, 3, 4, 5, 6, 7]",8,5,-1
3787,0,0,0,none,"[0, 1, 3, 4, 5, 6, 7]",7,6,-1
3788,1,1,0,none,"[0, 1, 2, 3, 5, 6, 7]",7,6,-1
3789,2,0,1,excess_dwell,"[0, 1, 2, 3, 4, 4, 4, 4, 5, 6, 7]",11,8,-1
3790,2,0,1,mandatory_skip,"[0, 1, 2, 3, 4, 5, 7]",7,9,-1
3791,0,0,0,none,"[0, 1, 2, 3, 5, 6, 7]",7,8,-1
3792,0,0,0,none,"[0, 1, 2, 3, 4, 5, 6, 7]",8,9,-1
3793,1,1,0,none,"[0, 1, 2, 3, 4, 5, 6, 7]",8,5,4
3794,2,0,1,excess_dwell,"[0, 1, 2, 3, 3, 3, 3, 4, 5, 6, 7]",11,13,-1
3795,2,0,1,reverse,"[0, 1, 2, 3, 2, 4, 5, 6, 7]",9,9,-1
3796,2,0,1,unauthorized_jump,"[0, 1, 2, 3, 6, 7]",6,6,-1
3797,2,0,1,unauthorized_jump,"[0, 1, 2, 5, 6, 7]",6,6,-1
3798,0,0,0,none,"[0, 1, 2, 3, 4, 5, 6, 7]",8,8,-1
3799,1,1,0,none,"[0, 1, 2, 3, 4, 5, 6, 7]",8,10,-1
3800,0,0,0,none,"[0, 1, 2, 3, 4, 5, 6, 7]",8,7,-1
3801,1,1,0,none,"[0, 1, 3, 4, 5, 6, 7]",7,4,-1
3802,2,0,1,unauthorized_jump,"[0, 1, 4, 5, 6, 7]",6,6,-1
3803,1,1,0,none,"[0, 1, 3, 4, 5, 6, 7]",7,6,-1
3804,1,1,0,none,"[0, 1, 2, 3, 4, 5, 6, 7]",8,9,-1
3805,0,0,0,none,"[0, 1, 2, 3, 4, 5, 6, 7]",8,8,-1
3806,2,0,1,reverse,"[0, 1, 2, 3, 4, 5, 4, 6, 7]",9,9,-1
3807,1,1,0,none,"[0, 1, 2, 3, 4, 5, 6, 7]",8,6,6
3808,1,1,0,none,"[0, 1, 3, 4, 5, 6, 7]",7,4,-1
3809,1,1,0,none,"[0, 1, 2, 3, 4, 5, 6, 7]",8,8,-1
3810,0,0,0,none,"[0, 1, 2, 3, 5, 6, 7]",7,9,-1
3811,0,0,0,none,"[0, 1, 2, 3, 4, 5, 6, 7]",8,5,-1
3812,2,0,1,unauthorized_jump,"[0, 1, 2, 3, 6, 7]",6,5,-1
3813,2,0,1,mandatory_skip,"[0, 1, 2, 3, 4, 5, 7]",7,5,-1
3814,2,0,1,mandatory_skip,"[0, 1, 2, 3, 5, 6, 7]",7,8,-1
3815,0,0,0,none,"[0, 1, 2, 3, 4, 5, 6, 7]",8,7,-1
3816,1,1,0,none,"[0, 1, 2, 3, 4, 5, 6, 7]",8,8,4
3817,2,0,1,unauthorized_jump,"[0, 1, 4, 5, 6, 7]",6,4,-1
3818,0,0,0,none,"[0, 1, 2, 3, 5, 6, 7]",7,8,-1
3819,0,0,0,none,"[0, 1, 2, 3, 4, 5, 6, 7]",8,8,-1
3820,1,1,0,none,"[0, 1, 2, 3, 4, 5, 6, 7]",8,5,4
3821,1,1,0,none,"[0, 1, 3, 4, 5, 6, 7]",7,10,-1
3822,1,1,0,none,"[0, 1, 2, 3, 4, 5, 6, 7]",8,8,-1
3823,0,0,0,none,"[0, 1, 2, 3, 4, 5, 6, 7]",8,9,-1
3824,1,1,0,none,"[0, 1, 2, 3, 5, 6, 7]",7,7,-1
3825,1,1,0,none,"[0, 1, 2, 3, 4, 5, 6, 7]",8,12,-1
3826,2,0,1,excess_dwell,"[0, 1, 2, 3, 4, 4, 4, 4, 5, 6, 7]",11,11,-1
3827,0,0,0,none,"[0, 1, 2, 3, 4, 5, 6, 7]",8,8,-1
3828,0,0,0,none,"[0, 1, 3, 4, 5, 6, 7]",7,6,-1
3829,0,0,0,none,"[0, 1, 2, 3, 5, 6, 7]",7,8,-1
3830,2,0,1,reverse,"[0, 1, 2, 3, 2, 4, 5, 6, 7]",9,8,-1
3831,1,1,0,none,"[0, 1, 2, 3, 4, 5, 6, 7]",8,9,-1
3832,0,0,0,none,"[0, 1, 2, 3, 4, 5, 6, 7]",8,8,-1
3833,2,0,1,unauthorized_jump,"[0, 1, 4, 5, 6, 7]",6,5,-1
3834,1,1,0,none,"[0, 1, 2, 3, 5, 6, 7]",7,7,-1
3835,0,0,0,none,"[0, 1, 2, 3, 4, 5, 6, 7]",8,8,-1
3836,0,0,0,none,"[0, 1, 2, 3, 4, 5, 6, 7]",8,9,-1
3837,0,0,0,none,"[0, 1, 2, 3, 4, 5, 6, 7]",8,7,-1
3838,1,1,0,none,"[0, 1, 2, 3, 4, 5, 6, 7]",8,9,-1
3839,1,1,0,none,"[0, 1, 3, 4, 5, 6, 7]",7,7,-1
3840,2,0,1,unauthorized_jump,"[0, 1, 2, 6, 7]",5,4,-1
3841,2,0,1,reverse,"[0, 1, 2, 3, 4, 5, 4, 6, 7]",9,8,6
3842,1,1,0,none,"[0, 1, 2, 3, 5, 6, 7]",7,6,-1
3843,1,1,0,none,"[0, 1, 2, 3, 5, 6, 7]",7,7,-1
3844,2,0,1,unauthorized_jump,"[0, 1, 5, 6, 7]",5,5,-1
3845,0,0,0,none,"[0, 1, 2, 3, 4, 5, 6, 7]",8,7,-1
3846,2,0,1,mandatory_skip,"[0, 1, 3, 4, 5, 6, 7]",7,6,-1
3847,1,1,0,none,"[0, 1, 2, 3, 4, 5, 6, 7]",8,9,-1
3848,0,0,0,none,"[0, 1, 2, 3, 4, 5, 6, 7]",8,8,-1
3849,0,0,0,none,"[0, 1, 2, 3, 4, 5, 6, 7]",8,9,-1
3850,0,0,0,none,"[0, 1, 2, 3, 5, 6, 7]",7,6,-1
3851,0,0,0,none,"[0, 1, 2, 3, 4, 5, 6, 7]",8,7,-1
3852,0,0,0,none,"[0, 1, 2, 3, 4, 5, 6, 7]",8,9,-1
3853,0,0,0,none,"[0, 1, 2, 3, 4, 5, 6, 7]",8,9,-1
3854,0,0,0,none,"[0, 1, 2, 3, 4, 5, 6, 7]",8,9,-1
3855,1,1,0,none,"[0, 1, 2, 3, 5, 6, 7]",7,5,-1
3856,0,0,0,none,"[0, 1, 2, 3, 4, 5, 6, 7]",8,8,-1
3857,0,0,0,none,"[0, 1, 3, 4, 5, 6, 7]",7,6,-1
3858,2,0,1,excess_dwell,"[0, 1, 2, 2, 2, 2, 3, 4, 5, 6, 7]",11,10,-1
3859,1,1,0,none,"[0, 1, 2, 3, 4, 5, 6, 7]",8,5,7
3860,0,0,0,none,"[0, 1, 2, 3, 5, 6, 7]",7,5,-1
3861,0,0,0,none,"[0, 1, 2, 3, 4, 5, 6, 7]",8,7,-1
3862,0,0,0,none,"[0, 1, 2, 3, 4, 5, 6, 7]",8,7,-1
3863,0,0,0,none,"[0, 1, 2, 3, 4, 5, 6, 7]",8,8,-1
3864,1,1,0,none,"[0, 1, 2, 3, 4, 5, 6, 7]",8,8,-1
3865,0,0,0,none,"[0, 1, 2, 3, 4, 5, 6, 7]",8,8,-1
3866,1,1,0,none,"[0, 1, 2, 3, 4, 5, 6, 7]",8,5,-1
3867,1,1,0,none,"[0, 1, 3, 4, 5, 6, 7]",7,7,-1
3868,2,0,1,mandatory_skip,"[0, 1, 2, 3, 5, 6, 7]",7,7,-1
3869,0,0,0,none,"[0, 1, 3, 4, 5, 6, 7]",7,7,-1
3870,1,1,0,none,"[0, 1, 2, 3, 4, 5, 6, 7]",8,7,-1
3871,1,1,0,none,"[0, 1, 2, 3, 4, 5, 6, 7]",8,9,-1
3872,1,1,0,none,"[0, 1, 2, 3, 4, 5, 6, 7]",8,9,-1
3873,2,0,1,unauthorized_jump,"[0, 1, 5, 6, 7]",5,4,-1
3874,1,1,0,none,"[0, 1, 2, 3, 4, 5, 6, 7]",8,7,-1
3875,0,0,0,none,"[0, 1, 2, 3, 4, 5, 6, 7]",8,8,-1
3876,0,0,0,none,"[0, 1, 2, 3, 4, 5, 6, 7]",8,8,-1
3877,2,0,1,unauthorized_jump,"[0, 1, 4, 5, 6, 7]",6,4,-1
3878,0,0,0,none,"[0, 1, 3, 4, 5, 6, 7]",7,6,-1
3879,2,0,1,reverse,"[0, 1, 2, 3, 4, 3, 5, 6, 7]",9,14,-1
3880,0,0,0,none,"[0, 1, 2, 3, 4, 5, 6, 7]",8,8,-1
3881,2,0,1,unauthorized_jump,"[0, 1, 2, 6, 7]",5,4,-1
3882,0,0,0,none,"[0, 1, 2, 3, 4, 5, 6, 7]",8,8,-1
3883,2,0,1,reverse,"[0, 1, 2, 3, 4, 5, 4, 6, 7]",9,7,-1
3884,2,0,1,unauthorized_jump,"[0, 1, 2, 3, 6, 7]",6,5,-1
3885,2,0,1,reverse,"[0, 1, 2, 3, 2, 4, 5, 6, 7]",9,8,-1
3886,0,0,0,none,"[0, 1, 2, 3, 4, 5, 6, 7]",8,7,-1
3887,2,0,1,reverse,"[0, 1, 2, 3, 2, 4, 5, 6, 7]",9,8,-1
3888,1,1,0,none,"[0, 1, 2, 3, 4, 5, 6, 7]",8,8,-1
3889,1,1,0,none,"[0, 1, 2, 3, 4, 5, 6, 7]",8,7,1
3890,2,0,1,unauthorized_jump,"[0, 1, 5, 6, 7]",5,6,-1
3891,1,1,0,none,"[0, 1, 3, 4, 5, 6, 7]",7,6,-1
3892,0,0,0,none,"[0, 1, 2, 3, 4, 5, 6, 7]",8,8,-1
3893,1,1,0,none,"[0, 1, 3, 4, 5, 6, 7]",7,7,-1
3894,2,0,1,mandatory_skip,"[0, 1, 2, 3, 5, 6, 7]",7,7,-1
3895,1,1,0,none,"[0, 1, 2, 3, 4, 5, 6, 7]",8,6,1
3896,0,0,0,none,"[0, 1, 2, 3, 4, 5, 6, 7]",8,9,-1
3897,1,1,0,none,"[0, 1, 2, 3, 4, 5, 6, 7]",8,6,-1
3898,0,0,0,none,"[0, 1, 2, 3, 4, 5, 6, 7]",8,7,-1
3899,2,0,1,mandatory_skip,"[0, 1, 3, 4, 5, 6, 7]",7,9,-1
3900,0,0,0,none,"[0, 1, 2, 3, 4, 5, 6, 7]",8,7,-1
3901,1,1,0,none,"[0, 1, 3, 4, 5, 6, 7]",7,5,-1
3902,1,1,0,none,"[0, 1, 2, 3, 4, 5, 6, 7]",8,7,-1
3903,1,1,0,none,"[0, 1, 2, 3, 4, 5, 6, 7]",8,8,-1
3904,0,0,0,none,"[0, 1, 3, 4, 5, 6, 7]",7,6,-1
3905,2,0,1,mandatory_skip,"[0, 1, 2, 3, 5, 6, 7]",7,6,-1
3906,1,1,0,none,"[0, 1, 2, 3, 4, 5, 6, 7]",8,7,-1
3907,0,0,0,none,"[0, 1, 3, 4, 5, 6, 7]",7,7,-1
3908,0,0,0,none,"[0, 1, 3, 4, 5, 6, 7]",7,7,-1
3909,0,0,0,none,"[0, 1, 2, 3, 4, 5, 6, 7]",8,8,-1
3910,2,0,1,reverse,"[0, 1, 2, 1, 3, 4, 5, 6, 7]",9,8,-1
3911,0,0,0,none,"[0, 1, 2, 3, 4, 5, 6, 7]",8,8,-1
3912,2,0,1,unauthorized_jump,"[0, 1, 4, 5, 6, 7]",6,6,-1
3913,0,0,0,none,"[0, 1, 2, 3, 4, 5, 6, 7]",8,8,-1
3914,0,0,0,none,"[0, 1, 2, 3, 4, 5, 6, 7]",8,9,-1
3915,0,0,0,none,"[0, 1, 2, 3, 4, 5, 6, 7]",8,10,-1
3916,2,0,1,reverse,"[0, 1, 2, 3, 4, 3, 5, 6, 7]",9,10,-1
3917,0,0,0,none,"[0, 1, 2, 3, 4, 5, 6, 7]",8,8,-1
3918,0,0,0,none,"[0, 1, 2, 3, 5, 6, 7]",7,7,-1
3919,0,0,0,none,"[0, 1, 2, 3, 4, 5, 6, 7]",8,7,-1
3920,0,0,0,none,"[0, 1, 2, 3, 4, 5, 6, 7]",8,8,-1
3921,0,0,0,none,"[0, 1, 2, 3, 4, 5, 6, 7]",8,8,-1
3922,0,0,0,none,"[0, 1, 2, 3, 4, 5, 6, 7]",8,7,-1
3923,0,0,0,none,"[0, 1, 2, 3, 4, 5, 6, 7]",8,9,-1
3924,1,1,0,none,"[0, 1, 2, 3, 4, 5, 6, 7]",8,3,1
3925,1,1,0,none,"[0, 1, 2, 3, 4, 5, 6, 7]",8,4,-1
3926,2,0,1,unauthorized_jump,"[0, 1, 4, 5, 6, 7]",6,7,-1
3927,1,1,0,none,"[0, 1, 2, 3, 4, 5, 6, 7]",8,9,4
3928,2,0,1,reverse,"[0, 1, 2, 1, 3, 4, 5, 6, 7]",9,9,-1
3929,1,1,0,none,"[0, 1, 2, 3, 4, 5, 6, 7]",8,8,7
3930,0,0,0,none,"[0, 1, 2, 3, 4, 5, 6, 7]",8,7,-1
3931,2,0,1,mandatory_skip,"[0, 1, 3, 4, 5, 6, 7]",7,7,-1
3932,1,1,0,none,"[0, 1, 2, 3, 4, 5, 6, 7]",8,6,3
3933,1,1,0,none,"[0, 1, 2, 3, 4, 5, 6, 7]",8,6,6
3934,2,0,1,reverse,"[0, 1, 2, 3, 4, 3, 5, 6, 7]",9,10,-1
3935,2,0,1,excess_dwell,"[0, 1, 2, 3, 4, 5, 5, 5, 5, 6, 7]",11,12,-1
3936,0,0,0,none,"[0, 1, 3, 4, 5, 6, 7]",7,5,-1
3937,2,0,1,mandatory_skip,"[0, 1, 3, 4, 5, 6, 7]",7,6,-1
3938,0,0,0,none,"[0, 1, 2, 3, 4, 5, 6, 7]",8,8,-1
3939,1,1,0,none,"[0, 1, 2, 3, 4, 5, 6, 7]",8,6,-1
3940,1,1,0,none,"[0, 1, 2, 3, 4, 5, 6, 7]",8,6,4
3941,1,1,0,none,"[0, 1, 2, 3, 4, 5, 6, 7]",8,9,-1
3942,0,0,0,none,"[0, 1, 2, 3, 4, 5, 6, 7]",8,7,-1
3943,0,0,0,none,"[0, 1, 2, 3, 4, 5, 6, 7]",8,6,-1
3944,1,1,0,none,"[0, 1, 2, 3, 4, 5, 6, 7]",8,5,-1
3945,1,1,0,none,"[0, 1, 2, 3, 4, 5, 6, 7]",8,7,-1
3946,2,0,1,mandatory_skip,"[0, 1, 2, 3, 4, 5, 7]",7,6,-1
3947,2,0,1,reverse,"[0, 1, 2, 3, 4, 3, 5, 6, 7]",9,9,-1
3948,2,0,1,mandatory_skip,"[0, 1, 2, 3, 4, 5, 7]",7,7,-1
3949,2,0,1,excess_dwell,"[0, 1, 2, 3, 4, 4, 4, 4, 5, 6, 7]",11,11,-1
3950,1,1,0,none,"[0, 1, 2, 3, 5, 6, 7]",7,7,-1
3951,0,0,0,none,"[0, 1, 2, 3, 4, 5, 6, 7]",8,10,-1
3952,0,0,0,none,"[0, 1, 2, 3, 4, 5, 6, 7]",8,11,-1
3953,0,0,0,none,"[0, 1, 2, 3, 4, 5, 6, 7]",8,7,-1
3954,0,0,0,none,"[0, 1, 3, 4, 5, 6, 7]",7,7,-1
3955,0,0,0,none,"[0, 1, 2, 3, 4, 5, 6, 7]",8,7,-1
3956,2,0,1,mandatory_skip,"[0, 1, 2, 3, 4, 5, 7]",7,6,-1
3957,0,0,0,none,"[0, 1, 2, 3, 4, 5, 6, 7]",8,6,-1
3958,1,1,0,none,"[0, 1, 2, 3, 4, 5, 6, 7]",8,8,-1
3959,0,0,0,none,"[0, 1, 2, 3, 4, 5, 6, 7]",8,8,-1
3960,0,0,0,none,"[0, 1, 3, 4, 5, 6, 7]",7,7,-1
3961,1,1,0,none,"[0, 1, 2, 3, 4, 5, 6, 7]",8,6,-1
3962,0,0,0,none,"[0, 1, 2, 3, 4, 5, 6, 7]",8,7,-1
3963,2,0,1,excess_dwell,"[0, 1, 2, 3, 3, 3, 3, 4, 5, 6, 7]",11,11,-1
3964,0,0,0,none,"[0, 1, 2, 3, 4, 5, 6, 7]",8,8,-1
3965,0,0,0,none,"[0, 1, 2, 3, 5, 6, 7]",7,7,-1
3966,0,0,0,none,"[0, 1, 3, 4, 5, 6, 7]",7,7,-1
3967,2,0,1,unauthorized_jump,"[0, 1, 2, 3, 6, 7]",6,6,-1
3968,2,0,1,mandatory_skip,"[0, 1, 2, 3, 5, 6, 7]",7,8,-1
3969,2,0,1,unauthorized_jump,"[0, 1, 2, 3, 7]",5,5,-1
3970,1,1,0,none,"[0, 1, 2, 3, 4, 5, 6, 7]",8,9,-1
3971,2,0,1,unauthorized_jump,"[0, 1, 2, 3, 7]",5,4,-1
3972,2,0,1,reverse,"[0, 1, 2, 3, 4, 5, 4, 6, 7]",9,11,-1
3973,2,0,1,excess_dwell,"[0, 1, 2, 3, 4, 5, 5, 5, 5, 6, 7]",11,11,-1
3974,1,1,0,none,"[0, 1, 2, 3, 5, 6, 7]",7,7,-1
3975,0,0,0,none,"[0, 1, 3, 4, 5, 6, 7]",7,5,-1
3976,2,0,1,unauthorized_jump,"[0, 1, 2, 6, 7]",5,4,-1
3977,2,0,1,reverse,"[0, 1, 2, 3, 2, 4, 5, 6, 7]",9,10,-1
3978,0,0,0,none,"[0, 1, 2, 3, 5, 6, 7]",7,7,-1
3979,2,0,1,mandatory_skip,"[0, 1, 3, 4, 5, 6, 7]",7,6,-1
3980,1,1,0,none,"[0, 1, 2, 3, 4, 5, 6, 7]",8,7,-1
3981,0,0,0,none,"[0, 1, 2, 3, 4, 5, 6, 7]",8,9,-1
3982,1,1,0,none,"[0, 1, 2, 3, 4, 5, 6, 7]",8,10,-1
3983,2,0,1,excess_dwell,"[0, 1, 2, 3, 3, 3, 3, 4, 5, 6, 7]",11,10,-1
3984,1,1,0,none,"[0, 1, 3, 4, 5, 6, 7]",7,7,7
3985,0,0,0,none,"[0, 1, 2, 3, 4, 5, 6, 7]",8,7,-1
3986,0,0,0,none,"[0, 1, 2, 3, 4, 5, 6, 7]",8,7,-1
3987,1,1,0,none,"[0, 1, 2, 3, 4, 5, 6, 7]",8,6,-1
3988,0,0,0,none,"[0, 1, 2, 3, 4, 5, 6, 7]",8,8,-1
3989,0,0,0,none,"[0, 1, 2, 3, 4, 5, 6, 7]",8,7,-1
3990,1,1,0,none,"[0, 1, 2, 3, 4, 5, 6, 7]",8,7,-1
3991,0,0,0,none,"[0, 1, 2, 3, 4, 5, 6, 7]",8,8,-1
3992,0,0,0,none,"[0, 1, 2, 3, 4, 5, 6, 7]",8,8,-1
3993,0,0,0,none,"[0, 1, 2, 3, 4, 5, 6, 7]",8,7,-1
3994,0,0,0,none,"[0, 1, 2, 3, 4, 5, 6, 7]",8,10,-1
3995,1,1,0,none,"[0, 1, 2, 3, 4, 5, 6, 7]",8,9,-1
3996,2,0,1,reverse,"[0, 1, 2, 3, 2, 4, 5, 6, 7]",9,7,2
3997,0,0,0,none,"[0, 1, 2, 3, 4, 5, 6, 7]",8,8,-1
3998,1,1,0,none,"[0, 1, 2, 3, 4, 5, 6, 7]",8,6,7
3999,1,1,0,none,"[0, 1, 2, 3, 4, 5, 6, 7]",8,5,-1
4000,2,0,1,mandatory_skip,"[0, 1, 2, 3, 4, 5, 7]",7,6,2
4001,2,0,1,excess_dwell,"[0, 1, 2, 3, 4, 5, 5, 5, 5, 6, 7]",11,7,-1
4002,0,0,0,none,"[0, 1, 2, 3, 4, 5, 6, 7]",8,8,-1
4003,2,0,1,mandatory_skip,"[0, 1, 2, 3, 5, 6, 7]",7,8,-1
4004,2,0,1,unauthorized_jump,"[0, 1, 2, 3, 7]",5,4,-1
4005,2,0,1,reverse,"[0, 1, 2, 3, 4, 3, 5, 6, 7]",9,11,-1
4006,0,0,0,none,"[0, 1, 2, 3, 5, 6, 7]",7,9,-1
4007,2,0,1,mandatory_skip,"[0, 1, 2, 3, 4, 5, 7]",7,7,-1
4008,2,0,1,unauthorized_jump,"[0, 1, 2, 6, 7]",5,3,-1
4009,1,1,0,none,"[0, 1, 2, 3, 4, 5, 6, 7]",8,4,-1
4010,2,0,1,excess_dwell,"[0, 1, 2, 3, 4, 5, 5, 5, 5, 6, 7]",11,10,-1
4011,1,1,0,none,"[0, 1, 2, 3, 4, 5, 6, 7]",8,8,-1
4012,1,1,0,none,"[0, 1, 2, 3, 4, 5, 6, 7]",8,11,-1
4013,1,1,0,none,"[0, 1, 3, 4, 5, 6, 7]",7,4,7
4014,0,0,0,none,"[0, 1, 2, 3, 5, 6, 7]",7,8,-1
4015,0,0,0,none,"[0, 1, 2, 3, 4, 5, 6, 7]",8,8,-1
4016,2,0,1,unauthorized_jump,"[0, 1, 4, 5, 6, 7]",6,5,-1
4017,0,0,0,none,"[0, 1, 2, 3, 4, 5, 6, 7]",8,9,-1
4018,0,0,0,none,"[0, 1, 2, 3, 4, 5, 6, 7]",8,8,-1
4019,0,0,0,none,"[0, 1, 2, 3, 4, 5, 6, 7]",8,7,-1
4020,0,0,0,none,"[0, 1, 2, 3, 4, 5, 6, 7]",8,6,-1
4021,0,0,0,none,"[0, 1, 2, 3, 4, 5, 6, 7]",8,8,-1
4022,1,1,0,none,"[0, 1, 2, 3, 4, 5, 6, 7]",8,9,-1
4023,0,0,0,none,"[0, 1, 2, 3, 4, 5, 6, 7]",8,8,-1
4024,0,0,0,none,"[0, 1, 3, 4, 5, 6, 7]",7,7,-1
4025,2,0,1,reverse,"[0, 1, 2, 3, 4, 3, 5, 6, 7]",9,9,-1
4026,1,1,0,none,"[0, 1, 2, 3, 5, 6, 7]",7,7,7
4027,0,0,0,none,"[0, 1, 2, 3, 4, 5, 6, 7]",8,9,-1
4028,1,1,0,none,"[0, 1, 2, 3, 4, 5, 6, 7]",8,6,7
4029,0,0,0,none,"[0, 1, 2, 3, 4, 5, 6, 7]",8,9,-1
4030,0,0,0,none,"[0, 1, 3, 4, 5, 6, 7]",7,7,-1
4031,0,0,0,none,"[0, 1, 2, 3, 4, 5, 6, 7]",8,8,-1
4032,0,0,0,none,"[0, 1, 2, 3, 4, 5, 6, 7]",8,8,-1
4033,1,1,0,none,"[0, 1, 2, 3, 4, 5, 6, 7]",8,8,-1
4034,2,0,1,reverse,"[0, 1, 2, 3, 4, 3, 5, 6, 7]",9,8,-1
4035,2,0,1,mandatory_skip,"[0, 1, 3, 4, 5, 6, 7]",7,7,-1
4036,2,0,1,mandatory_skip,"[0, 1, 2, 3, 5, 6, 7]",7,6,-1
4037,0,0,0,none,"[0, 1, 3, 4, 5, 6, 7]",7,7,-1
4038,2,0,1,reverse,"[0, 1, 2, 3, 4, 5, 4, 6, 7]",9,7,-1
4039,0,0,0,none,"[0, 1, 3, 4, 5, 6, 7]",7,8,-1
4040,2,0,1,mandatory_skip,"[0, 1, 3, 4, 5, 6, 7]",7,7,-1
4041,2,0,1,unauthorized_jump,"[0, 1, 2, 5, 6, 7]",6,6,-1
4042,0,0,0,none,"[0, 1, 2, 3, 5, 6, 7]",7,9,-1
4043,1,1,0,none,"[0, 1, 2, 3, 4, 5, 6, 7]",8,10,-1
4044,0,0,0,none,"[0, 1, 2, 3, 5, 6, 7]",7,9,-1
4045,1,1,0,none,"[0, 1, 2, 3, 4, 5, 6, 7]",8,7,-1
4046,0,0,0,none,"[0, 1, 3, 4, 5, 6, 7]",7,7,-1
4047,2,0,1,unauthorized_jump,"[0, 1, 2, 6, 7]",5,4,-1
4048,0,0,0,none,"[0, 1, 2, 3, 4, 5, 6, 7]",8,8,-1
4049,0,0,0,none,"[0, 1, 2, 3, 4, 5, 6, 7]",8,8,-1
4050,0,0,0,none,"[0, 1, 3, 4, 5, 6, 7]",7,9,-1
4051,2,0,1,unauthorized_jump,"[0, 1, 4, 5, 6, 7]",6,6,-1
4052,0,0,0,none,"[0, 1, 2, 3, 4, 5, 6, 7]",8,9,-1
4053,1,1,0,none,"[0, 1, 2, 3, 4, 5, 6, 7]",8,10,-1
4054,2,0,1,unauthorized_jump,"[0, 1, 2, 3, 7]",5,5,-1
4055,2,0,1,unauthorized_jump,"[0, 1, 5, 6, 7]",5,6,-1
4056,0,0,0,none,"[0, 1, 2, 3, 4, 5, 6, 7]",8,7,-1
4057,1,1,0,none,"[0, 1, 2, 3, 4, 5, 6, 7]",8,7,-1
4058,1,1,0,none,"[0, 1, 2, 3, 4, 5, 6, 7]",8,10,-1
4059,0,0,0,none,"[0, 1, 2, 3, 4, 5, 6, 7]",8,10,-1
4060,1,1,0,none,"[0, 1, 2, 3, 4, 5, 6, 7]",8,10,-1
4061,1,1,0,none,"[0, 1, 2, 3, 4, 5, 6, 7]",8,9,4
4062,2,0,1,reverse,"[0, 1, 2, 3, 4, 3, 5, 6, 7]",9,8,-1
4063,0,0,0,none,"[0, 1, 2, 3, 4, 5, 6, 7]",8,8,-1
4064,0,0,0,none,"[0, 1, 2, 3, 4, 5, 6, 7]",8,9,-1
4065,2,0,1,unauthorized_jump,"[0, 1, 2, 3, 6, 7]",6,5,-1
4066,2,0,1,excess_dwell,"[0, 1, 2, 2, 2, 2, 3, 4, 5, 6, 7]",11,11,-1
4067,1,1,0,none,"[0, 1, 2, 3, 4, 5, 6, 7]",8,8,-1
4068,0,0,0,none,"[0, 1, 2, 3, 4, 5, 6, 7]",8,8,-1
4069,1,1,0,none,"[0, 1, 3, 4, 5, 6, 7]",7,7,-1
4070,2,0,1,unauthorized_jump,"[0, 1, 2, 3, 6, 7]",6,6,-1
4071,0,0,0,none,"[0, 1, 2, 3, 4, 5, 6, 7]",8,8,-1
4072,0,0,0,none,"[0, 1, 2, 3, 4, 5, 6, 7]",8,8,-1
4073,2,0,1,reverse,"[0, 1, 2, 1, 3, 4, 5, 6, 7]",9,10,-1
4074,0,0,0,none,"[0, 1, 2, 3, 4, 5, 6, 7]",8,8,-1
4075,1,1,0,none,"[0, 1, 2, 3, 4, 5, 6, 7]",8,10,-1
4076,0,0,0,none,"[0, 1, 2, 3, 4, 5, 6, 7]",8,8,-1
4077,2,0,1,excess_dwell,"[0, 1, 2, 2, 2, 2, 3, 4, 5, 6, 7]",11,11,-1
4078,2,0,1,unauthorized_jump,"[0, 1, 2, 3, 7]",5,4,-1
4079,1,1,0,none,"[0, 1, 2, 3, 4, 5, 6, 7]",8,8,1
4080,0,0,0,none,"[0, 1, 2, 3, 5, 6, 7]",7,6,-1
4081,1,1,0,none,"[0, 1, 2, 3, 4, 5, 6, 7]",8,5,-1
4082,2,0,1,unauthorized_jump,"[0, 1, 5, 6, 7]",5,5,-1
4083,1,1,0,none,"[0, 1, 2, 3, 4, 5, 6, 7]",8,5,6
4084,0,0,0,none,"[0, 1, 2, 3, 4, 5, 6, 7]",8,6,-1
4085,2,0,1,mandatory_skip,"[0, 1, 3, 4, 5, 6, 7]",7,8,-1
4086,2,0,1,excess_dwell,"[0, 1, 2, 3, 4, 5, 5, 5, 5, 6, 7]",11,10,-1
4087,1,1,0,none,"[0, 1, 3, 4, 5, 6, 7]",7,7,-1
4088,0,0,0,none,"[0, 1, 2, 3, 4, 5, 6, 7]",8,8,-1
4089,0,0,0,none,"[0, 1, 2, 3, 4, 5, 6, 7]",8,8,-1
4090,1,1,0,none,"[0, 1, 2, 3, 4, 5, 6, 7]",8,9,-1
4091,2,0,1,mandatory_skip,"[0, 1, 3, 4, 5, 6, 7]",7,7,-1
4092,2,0,1,unauthorized_jump,"[0, 1, 5, 6, 7]",5,5,-1
4093,0,0,0,none,"[0, 1, 2, 3, 4, 5, 6, 7]",8,8,-1
4094,0,0,0,none,"[0, 1, 3, 4, 5, 6, 7]",7,7,-1
4095,1,1,0,none,"[0, 1, 3, 4, 5, 6, 7]",7,4,-1
4096,0,0,0,none,"[0, 1, 2, 3, 5, 6, 7]",7,7,-1
4097,0,0,0,none,"[0, 1, 2, 3, 4, 5, 6, 7]",8,9,-1
4098,1,1,0,none,"[0, 1, 2, 3, 4, 5, 6, 7]",8,8,-1
4099,2,0,1,unauthorized_jump,"[0, 1, 2, 3, 6, 7]",6,5,-1
4100,1,1,0,none,"[0, 1, 2, 3, 5, 6, 7]",7,4,3
4101,1,1,0,none,"[0, 1, 2, 3, 4, 5, 6, 7]",8,8,-1
4102,0,0,0,none,"[0, 1, 2, 3, 4, 5, 6, 7]",8,8,-1
4103,2,0,1,mandatory_skip,"[0, 1, 2, 3, 4, 5, 7]",7,7,-1
4104,0,0,0,none,"[0, 1, 2, 3, 4, 5, 6, 7]",8,8,-1
4105,2,0,1,reverse,"[0, 1, 2, 3, 4, 5, 4, 6, 7]",9,8,-1
4106,0,0,0,none,"[0, 1, 2, 3, 4, 5, 6, 7]",8,9,-1
4107,2,0,1,unauthorized_jump,"[0, 1, 2, 6, 7]",5,4,-1
4108,0,0,0,none,"[0, 1, 2, 3, 4, 5, 6, 7]",8,8,-1
4109,0,0,0,none,"[0, 1, 2, 3, 4, 5, 6, 7]",8,7,-1
4110,0,0,0,none,"[0, 1, 2, 3, 4, 5, 6, 7]",8,8,-1
4111,0,0,0,none,"[0, 1, 2, 3, 4, 5, 6, 7]",8,9,-1
4112,1,1,0,none,"[0, 1, 3, 4, 5, 6, 7]",7,5,-1
4113,0,0,0,none,"[0, 1, 2, 3, 4, 5, 6, 7]",8,8,-1
4114,0,0,0,none,"[0, 1, 2, 3, 4, 5, 6, 7]",8,7,-1
4115,0,0,0,none,"[0, 1, 2, 3, 5, 6, 7]",7,7,-1
4116,2,0,1,mandatory_skip,"[0, 1, 2, 3, 4, 5, 7]",7,9,-1
4117,0,0,0,none,"[0, 1, 2, 3, 4, 5, 6, 7]",8,7,-1
4118,2,0,1,unauthorized_jump,"[0, 1, 2, 3, 7]",5,5,-1
4119,0,0,0,none,"[0, 1, 2, 3, 4, 5, 6, 7]",8,9,-1
4120,1,1,0,none,"[0, 1, 2, 3, 4, 5, 6, 7]",8,5,2
4121,1,1,0,none,"[0, 1, 2, 3, 4, 5, 6, 7]",8,8,-1
4122,1,1,0,none,"[0, 1, 2, 3, 4, 5, 6, 7]",8,4,6
4123,2,0,1,excess_dwell,"[0, 1, 2, 3, 4, 5, 5, 5, 5, 6, 7]",11,9,-1
4124,1,1,0,none,"[0, 1, 2, 3, 5, 6, 7]",7,8,-1
4125,2,0,1,unauthorized_jump,"[0, 1, 2, 3, 7]",5,4,-1
4126,1,1,0,none,"[0, 1, 2, 3, 4, 5, 6, 7]",8,6,-1
4127,2,0,1,mandatory_skip,"[0, 1, 3, 4, 5, 6, 7]",7,6,-1
4128,2,0,1,unauthorized_jump,"[0, 1, 2, 3, 6, 7]",6,5,-1
4129,0,0,0,none,"[0, 1, 3, 4, 5, 6, 7]",7,4,-1
4130,0,0,0,none,"[0, 1, 2, 3, 4, 5, 6, 7]",8,8,-1
4131,1,1,0,none,"[0, 1, 2, 3, 4, 5, 6, 7]",8,7,-1
4132,0,0,0,none,"[0, 1, 2, 3, 4, 5, 6, 7]",8,8,-1
4133,0,0,0,none,"[0, 1, 2, 3, 4, 5, 6, 7]",8,10,-1
4134,1,1,0,none,"[0, 1, 2, 3, 4, 5, 6, 7]",8,8,4
4135,2,0,1,unauthorized_jump,"[0, 1, 2, 5, 6, 7]",6,6,-1
4136,1,1,0,none,"[0, 1, 2, 3, 5, 6, 7]",7,5,4
4137,0,0,0,none,"[0, 1, 2, 3, 4, 5, 6, 7]",8,6,-1
4138,1,1,0,none,"[0, 1, 2, 3, 4, 5, 6, 7]",8,8,1
4139,1,1,0,none,"[0, 1, 2, 3, 5, 6, 7]",7,7,-1
4140,2,0,1,excess_dwell,"[0, 1, 2, 2, 2, 2, 3, 4, 5, 6, 7]",11,11,-1
4141,1,1,0,none,"[0, 1, 3, 4, 5, 6, 7]",7,8,-1
4142,1,1,0,none,"[0, 1, 2, 3, 4, 5, 6, 7]",8,5,-1
4143,0,0,0,none,"[0, 1, 2, 3, 4, 5, 6, 7]",8,8,-1
4144,0,0,0,none,"[0, 1, 2, 3, 4, 5, 6, 7]",8,7,-1
4145,1,1,0,none,"[0, 1, 2, 3, 4, 5, 6, 7]",8,9,-1
4146,2,0,1,unauthorized_jump,"[0, 1, 4, 5, 6, 7]",6,7,-1
4147,0,0,0,none,"[0, 1, 2, 3, 4, 5, 6, 7]",8,7,-1
4148,1,1,0,none,"[0, 1, 2, 3, 4, 5, 6, 7]",8,9,-1
4149,0,0,0,none,"[0, 1, 2, 3, 5, 6, 7]",7,6,-1
4150,1,1,0,none,"[0, 1, 2, 3, 4, 5, 6, 7]",8,5,4
4151,0,0,0,none,"[0, 1, 2, 3, 4, 5, 6, 7]",8,8,-1
4152,1,1,0,none,"[0, 1, 3, 4, 5, 6, 7]",7,5,-1
4153,1,1,0,none,"[0, 1, 2, 3, 4, 5, 6, 7]",8,10,-1
4154,1,1,0,none,"[0, 1, 2, 3, 5, 6, 7]",7,6,-1
4155,2,0,1,reverse,"[0, 1, 2, 3, 4, 5, 4, 6, 7]",9,10,-1
4156,1,1,0,none,"[0, 1, 2, 3, 4, 5, 6, 7]",8,7,-1
4157,2,0,1,unauthorized_jump,"[0, 1, 2, 5, 6, 7]",6,5,-1
4158,0,0,0,none,"[0, 1, 2, 3, 5, 6, 7]",7,7,-1
4159,2,0,1,excess_dwell,"[0, 1, 2, 3, 3, 3, 3, 4, 5, 6, 7]",11,11,-1
4160,2,0,1,excess_dwell,"[0, 1, 2, 3, 4, 5, 5, 5, 5, 6, 7]",11,11,-1
4161,2,0,1,excess_dwell,"[0, 1, 2, 3, 3, 3, 3, 4, 5, 6, 7]",11,10,-1
4162,1,1,0,none,"[0, 1, 2, 3, 4, 5, 6, 7]",8,5,1
4163,0,0,0,none,"[0, 1, 2, 3, 4, 5, 6, 7]",8,8,-1
4164,1,1,0,none,"[0, 1, 2, 3, 4, 5, 6, 7]",8,7,-1
4165,2,0,1,excess_dwell,"[0, 1, 2, 3, 4, 5, 5, 5, 5, 6, 7]",11,8,-1
4166,2,0,1,unauthorized_jump,"[0, 1, 2, 3, 7]",5,5,-1
4167,0,0,0,none,"[0, 1, 2, 3, 4, 5, 6, 7]",8,8,-1
4168,0,0,0,none,"[0, 1, 2, 3, 4, 5, 6, 7]",8,7,-1
4169,1,1,0,none,"[0, 1, 2, 3, 4, 5, 6, 7]",8,6,-1
4170,2,0,1,excess_dwell,"[0, 1, 2, 3, 4, 5, 5, 5, 5, 6, 7]",11,14,-1
4171,0,0,0,none,"[0, 1, 2, 3, 4, 5, 6, 7]",8,9,-1
4172,1,1,0,none,"[0, 1, 2, 3, 4, 5, 6, 7]",8,4,-1
4173,0,0,0,none,"[0, 1, 2, 3, 4, 5, 6, 7]",8,8,-1
4174,2,0,1,excess_dwell,"[0, 1, 2, 3, 3, 3, 3, 4, 5, 6, 7]",11,11,-1
4175,1,1,0,none,"[0, 1, 2, 3, 4, 5, 6, 7]",8,11,-1
4176,2,0,1,excess_dwell,"[0, 1, 2, 3, 3, 3, 3, 4, 5, 6, 7]",11,12,-1
4177,0,0,0,none,"[0, 1, 3, 4, 5, 6, 7]",7,7,-1
4178,0,0,0,none,"[0, 1, 2, 3, 4, 5, 6, 7]",8,8,-1
4179,0,0,0,none,"[0, 1, 2, 3, 4, 5, 6, 7]",8,11,-1
4180,0,0,0,none,"[0, 1, 2, 3, 4, 5, 6, 7]",8,8,-1
4181,0,0,0,none,"[0, 1, 2, 3, 4, 5, 6, 7]",8,8,-1
4182,0,0,0,none,"[0, 1, 2, 3, 4, 5, 6, 7]",8,6,-1
4183,1,1,0,none,"[0, 1, 2, 3, 4, 5, 6, 7]",8,6,-1
4184,2,0,1,reverse,"[0, 1, 2, 1, 3, 4, 5, 6, 7]",9,9,-1
4185,0,0,0,none,"[0, 1, 2, 3, 5, 6, 7]",7,6,-1
4186,1,1,0,none,"[0, 1, 2, 3, 5, 6, 7]",7,7,-1
4187,1,1,0,none,"[0, 1, 2, 3, 4, 5, 6, 7]",8,10,-1
4188,1,1,0,none,"[0, 1, 2, 3, 5, 6, 7]",7,6,-1
4189,2,0,1,excess_dwell,"[0, 1, 2, 3, 3, 3, 3, 4, 5, 6, 7]",11,13,-1
4190,0,0,0,none,"[0, 1, 2, 3, 4, 5, 6, 7]",8,10,-1
4191,0,0,0,none,"[0, 1, 2, 3, 4, 5, 6, 7]",8,8,-1
4192,0,0,0,none,"[0, 1, 2, 3, 4, 5, 6, 7]",8,8,-1
4193,0,0,0,none,"[0, 1, 2, 3, 4, 5, 6, 7]",8,9,-1
4194,1,1,0,none,"[0, 1, 2, 3, 4, 5, 6, 7]",8,3,-1
4195,0,0,0,none,"[0, 1, 2, 3, 4, 5, 6, 7]",8,8,-1
4196,0,0,0,none,"[0, 1, 2, 3, 4, 5, 6, 7]",8,8,-1
4197,0,0,0,none,"[0, 1, 2, 3, 4, 5, 6, 7]",8,7,-1
4198,2,0,1,mandatory_skip,"[0, 1, 3, 4, 5, 6, 7]",7,9,-1
4199,1,1,0,none,"[0, 1, 2, 3, 4, 5, 6, 7]",8,7,5
4200,0,0,0,none,"[0, 1, 2, 3, 4, 5, 6, 7]",8,7,-1
4201,2,0,1,excess_dwell,"[0, 1, 2, 3, 4, 5, 5, 5, 5, 6, 7]",11,10,-1
4202,0,0,0,none,"[0, 1, 2, 3, 4, 5, 6, 7]",8,12,-1
4203,2,0,1,mandatory_skip,"[0, 1, 2, 3, 4, 5, 7]",7,8,-1
4204,1,1,0,none,"[0, 1, 3, 4, 5, 6, 7]",7,6,-1
4205,0,0,0,none,"[0, 1, 3, 4, 5, 6, 7]",7,6,-1
4206,2,0,1,excess_dwell,"[0, 1, 2, 3, 4, 5, 5, 5, 5, 6, 7]",11,11,-1
4207,1,1,0,none,"[0, 1, 2, 3, 5, 6, 7]",7,7,5
4208,1,1,0,none,"[0, 1, 2, 3, 4, 5, 6, 7]",8,8,-1
4209,0,0,0,none,"[0, 1, 2, 3, 4, 5, 6, 7]",8,8,-1
4210,2,0,1,reverse,"[0, 1, 2, 3, 2, 4, 5, 6, 7]",9,7,-1
4211,1,1,0,none,"[0, 1, 3, 4, 5, 6, 7]",7,8,-1
4212,0,0,0,none,"[0, 1, 3, 4, 5, 6, 7]",7,6,-1
4213,0,0,0,none,"[0, 1, 2, 3, 4, 5, 6, 7]",8,8,-1
4214,2,0,1,reverse,"[0, 1, 2, 3, 2, 4, 5, 6, 7]",9,8,-1
4215,0,0,0,none,"[0, 1, 2, 3, 4, 5, 6, 7]",8,9,-1
4216,2,0,1,excess_dwell,"[0, 1, 2, 3, 4, 5, 5, 5, 5, 6, 7]",11,10,-1
4217,1,1,0,none,"[0, 1, 2, 3, 4, 5, 6, 7]",8,8,0
4218,0,0,0,none,"[0, 1, 2, 3, 4, 5, 6, 7]",8,9,-1
4219,2,0,1,mandatory_skip,"[0, 1, 3, 4, 5, 6, 7]",7,6,-1
4220,2,0,1,unauthorized_jump,"[0, 1, 4, 5, 6, 7]",6,6,-1
4221,0,0,0,none,"[0, 1, 2, 3, 4, 5, 6, 7]",8,7,-1
4222,0,0,0,none,"[0, 1, 2, 3, 4, 5, 6, 7]",8,8,-1
4223,1,1,0,none,"[0, 1, 3, 4, 5, 6, 7]",7,9,-1
4224,0,0,0,none,"[0, 1, 2, 3, 4, 5, 6, 7]",8,6,-1
4225,2,0,1,mandatory_skip,"[0, 1, 2, 3, 5, 6, 7]",7,8,-1
4226,2,0,1,unauthorized_jump,"[0, 1, 2, 5, 6, 7]",6,6,-1
4227,2,0,1,unauthorized_jump,"[0, 1, 5, 6, 7]",5,5,-1
4228,2,0,1,mandatory_skip,"[0, 1, 3, 4, 5, 6, 7]",7,8,-1
4229,1,1,0,none,"[0, 1, 2, 3, 5, 6, 7]",7,4,2
4230,2,0,1,unauthorized_jump,"[0, 1, 2, 5, 6, 7]",6,7,-1
4231,2,0,1,unauthorized_jump,"[0, 1, 2, 5, 6, 7]",6,5,-1
4232,2,0,1,mandatory_skip,"[0, 1, 3, 4, 5, 6, 7]",7,6,-1
4233,1,1,0,none,"[0, 1, 3, 4, 5, 6, 7]",7,7,-1
4234,0,0,0,none,"[0, 1, 2, 3, 4, 5, 6, 7]",8,6,-1
4235,2,0,1,reverse,"[0, 1, 2, 3, 4, 3, 5, 6, 7]",9,7,-1
4236,0,0,0,none,"[0, 1, 2, 3, 4, 5, 6, 7]",8,10,-1
4237,0,0,0,none,"[0, 1, 2, 3, 4, 5, 6, 7]",8,9,-1
4238,2,0,1,excess_dwell,"[0, 1, 2, 3, 3, 3, 3, 4, 5, 6, 7]",11,13,-1
4239,2,0,1,mandatory_skip,"[0, 1, 2, 3, 4, 5, 7]",7,5,-1
4240,1,1,0,none,"[0, 1, 2, 3, 4, 5, 6, 7]",8,4,-1
4241,1,1,0,none,"[0, 1, 2, 3, 5, 6, 7]",7,7,-1
4242,0,0,0,none,"[0, 1, 2, 3, 4, 5, 6, 7]",8,7,-1
4243,1,1,0,none,"[0, 1, 2, 3, 4, 5, 6, 7]",8,10,-1
4244,2,0,1,unauthorized_jump,"[0, 1, 5, 6, 7]",5,3,-1
4245,1,1,0,none,"[0, 1, 2, 3, 4, 5, 6, 7]",8,9,2
4246,0,0,0,none,"[0, 1, 2, 3, 4, 5, 6, 7]",8,10,-1
4247,0,0,0,none,"[0, 1, 2, 3, 4, 5, 6, 7]",8,8,-1
4248,1,1,0,none,"[0, 1, 2, 3, 4, 5, 6, 7]",8,5,2
4249,2,0,1,mandatory_skip,"[0, 1, 2, 3, 5, 6, 7]",7,6,-1
4250,0,0,0,none,"[0, 1, 2, 3, 4, 5, 6, 7]",8,8,-1
4251,2,0,1,reverse,"[0, 1, 2, 3, 4, 3, 5, 6, 7]",9,8,-1
4252,1,1,0,none,"[0, 1, 2, 3, 4, 5, 6, 7]",8,7,-1
4253,0,0,0,none,"[0, 1, 2, 3, 4, 5, 6, 7]",8,9,-1
4254,1,1,0,none,"[0, 1, 2, 3, 4, 5, 6, 7]",8,10,-1
4255,2,0,1,excess_dwell,"[0, 1, 2, 3, 3, 3, 3, 4, 5, 6, 7]",11,9,-1
4256,2,0,1,mandatory_skip,"[0, 1, 3, 4, 5, 6, 7]",7,7,-1
4257,2,0,1,excess_dwell,"[0, 1, 2, 3, 4, 4, 4, 4, 5, 6, 7]",11,10,-1
4258,2,0,1,reverse,"[0, 1, 2, 3, 2, 4, 5, 6, 7]",9,8,-1
4259,2,0,1,reverse,"[0, 1, 2, 3, 2, 4, 5, 6, 7]",9,9,-1
4260,0,0,0,none,"[0, 1, 2, 3, 5, 6, 7]",7,6,3
4261,0,0,0,none,"[0, 1, 2, 3, 4, 5, 6, 7]",8,7,-1
4262,1,1,0,none,"[0, 1, 2, 3, 4, 5, 6, 7]",8,11,-1
4263,0,0,0,none,"[0, 1, 2, 3, 4, 5, 6, 7]",8,8,-1
4264,2,0,1,mandatory_skip,"[0, 1, 3, 4, 5, 6, 7]",7,7,-1
4265,2,0,1,reverse,"[0, 1, 2, 3, 4, 3, 5, 6, 7]",9,10,-1
4266,2,0,1,reverse,"[0, 1, 2, 1, 3, 4, 5, 6, 7]",9,9,-1
4267,0,0,0,none,"[0, 1, 2, 3, 4, 5, 6, 7]",8,8,-1
4268,0,0,0,none,"[0, 1, 2, 3, 4, 5, 6, 7]",8,7,-1
4269,1,1,0,none,"[0, 1, 2, 3, 4, 5, 6, 7]",8,9,-1
4270,0,0,0,none,"[0, 1, 3, 4, 5, 6, 7]",7,7,-1
4271,0,0,0,none,"[0, 1, 3, 4, 5, 6, 7]",7,8,-1
4272,1,1,0,none,"[0, 1, 2, 3, 5, 6, 7]",7,9,-1
4273,1,1,0,none,"[0, 1, 2, 3, 4, 5, 6, 7]",8,6,-1
4274,2,0,1,reverse,"[0, 1, 2, 3, 4, 5, 4, 6, 7]",9,8,-1
4275,1,1,0,none,"[0, 1, 2, 3, 4, 5, 6, 7]",8,10,-1
4276,1,1,0,none,"[0, 1, 2, 3, 4, 5, 6, 7]",8,6,-1
4277,2,0,1,mandatory_skip,"[0, 1, 2, 3, 4, 5, 7]",7,6,-1
4278,1,1,0,none,"[0, 1, 2, 3, 4, 5, 6, 7]",8,8,-1
4279,0,0,0,none,"[0, 1, 2, 3, 5, 6, 7]",7,8,-1
4280,0,0,0,none,"[0, 1, 2, 3, 4, 5, 6, 7]",8,6,-1
4281,1,1,0,none,"[0, 1, 3, 4, 5, 6, 7]",7,6,-1
4282,2,0,1,excess_dwell,"[0, 1, 2, 3, 4, 5, 5, 5, 5, 6, 7]",11,11,-1
4283,0,0,0,none,"[0, 1, 2, 3, 4, 5, 6, 7]",8,8,-1
4284,2,0,1,excess_dwell,"[0, 1, 2, 3, 3, 3, 3, 4, 5, 6, 7]",11,8,-1
4285,2,0,1,unauthorized_jump,"[0, 1, 2, 6, 7]",5,5,-1
4286,1,1,0,none,"[0, 1, 2, 3, 4, 5, 6, 7]",8,5,6
4287,1,1,0,none,"[0, 1, 2, 3, 4, 5, 6, 7]",8,7,-1
4288,0,0,0,none,"[0, 1, 3, 4, 5, 6, 7]",7,8,-1
4289,1,1,0,none,"[0, 1, 2, 3, 4, 5, 6, 7]",8,6,6
4290,0,0,0,none,"[0, 1, 2, 3, 4, 5, 6, 7]",8,7,-1
4291,0,0,0,none,"[0, 1, 2, 3, 4, 5, 6, 7]",8,8,-1
4292,0,0,0,none,"[0, 1, 2, 3, 4, 5, 6, 7]",8,9,-1
4293,2,0,1,mandatory_skip,"[0, 1, 3, 4, 5, 6, 7]",7,5,-1
4294,2,0,1,reverse,"[0, 1, 2, 3, 2, 4, 5, 6, 7]",9,10,-1
4295,1,1,0,none,"[0, 1, 2, 3, 4, 5, 6, 7]",8,9,-1
4296,0,0,0,none,"[0, 1, 2, 3, 4, 5, 6, 7]",8,8,-1
4297,2,0,1,reverse,"[0, 1, 2, 1, 3, 4, 5, 6, 7]",9,8,-1
4298,1,1,0,none,"[0, 1, 3, 4, 5, 6, 7]",7,7,-1
4299,2,0,1,reverse,"[0, 1, 2, 3, 4, 5, 4, 6, 7]",9,9,-1
4300,1,1,0,none,"[0, 1, 2, 3, 4, 5, 6, 7]",8,7,-1
4301,2,0,1,excess_dwell,"[0, 1, 2, 2, 2, 2, 3, 4, 5, 6, 7]",11,10,-1
4302,2,0,1,excess_dwell,"[0, 1, 2, 3, 3, 3, 3, 4, 5, 6, 7]",11,12,-1
4303,2,0,1,excess_dwell,"[0, 1, 2, 2, 2, 2, 3, 4, 5, 6, 7]",11,10,-1
4304,0,0,0,none,"[0, 1, 2, 3, 4, 5, 6, 7]",8,8,-1
4305,2,0,1,unauthorized_jump,"[0, 1, 2, 5, 6, 7]",6,6,-1
4306,0,0,0,none,"[0, 1, 2, 3, 4, 5, 6, 7]",8,8,-1
4307,1,1,0,none,"[0, 1, 2, 3, 4, 5, 6, 7]",8,11,-1
4308,1,1,0,none,"[0, 1, 2, 3, 4, 5, 6, 7]",8,6,-1
4309,2,0,1,mandatory_skip,"[0, 1, 2, 3, 4, 5, 7]",7,6,-1
4310,1,1,0,none,"[0, 1, 2, 3, 4, 5, 6, 7]",8,5,-1
4311,1,1,0,none,"[0, 1, 2, 3, 4, 5, 6, 7]",8,8,-1
4312,0,0,0,none,"[0, 1, 2, 3, 4, 5, 6, 7]",8,6,-1
4313,0,0,0,none,"[0, 1, 2, 3, 4, 5, 6, 7]",8,9,-1
4314,0,0,0,none,"[0, 1, 2, 3, 4, 5, 6, 7]",8,7,-1
4315,0,0,0,none,"[0, 1, 2, 3, 4, 5, 6, 7]",8,8,-1
4316,0,0,0,none,"[0, 1, 2, 3, 4, 5, 6, 7]",8,7,-1
4317,2,0,1,reverse,"[0, 1, 2, 3, 4, 5, 4, 6, 7]",9,9,-1
4318,0,0,0,none,"[0, 1, 3, 4, 5, 6, 7]",7,7,-1
4319,2,0,1,unauthorized_jump,"[0, 1, 5, 6, 7]",5,6,-1
4320,2,0,1,unauthorized_jump,"[0, 1, 2, 3, 6, 7]",6,6,-1
4321,1,1,0,none,"[0, 1, 2, 3, 4, 5, 6, 7]",8,4,-1
4322,0,0,0,none,"[0, 1, 2, 3, 4, 5, 6, 7]",8,9,-1
4323,2,0,1,unauthorized_jump,"[0, 1, 2, 5, 6, 7]",6,5,-1
4324,0,0,0,none,"[0, 1, 2, 3, 4, 5, 6, 7]",8,8,-1
4325,1,1,0,none,"[0, 1, 2, 3, 4, 5, 6, 7]",8,10,-1
4326,2,0,1,excess_dwell,"[0, 1, 2, 3, 4, 4, 4, 4, 5, 6, 7]",11,11,-1
4327,0,0,0,none,"[0, 1, 2, 3, 5, 6, 7]",7,9,-1
4328,2,0,1,unauthorized_jump,"[0, 1, 2, 6, 7]",5,5,-1
4329,0,0,0,none,"[0, 1, 2, 3, 4, 5, 6, 7]",8,8,-1
4330,0,0,0,none,"[0, 1, 2, 3, 4, 5, 6, 7]",8,8,-1
4331,1,1,0,none,"[0, 1, 3, 4, 5, 6, 7]",7,5,-1
4332,1,1,0,none,"[0, 1, 2, 3, 4, 5, 6, 7]",8,7,-1
4333,2,0,1,excess_dwell,"[0, 1, 2, 2, 2, 2, 3, 4, 5, 6, 7]",11,12,-1
4334,1,1,0,none,"[0, 1, 2, 3, 5, 6, 7]",7,6,5
4335,0,0,0,none,"[0, 1, 2, 3, 4, 5, 6, 7]",8,5,-1
4336,2,0,1,unauthorized_jump,"[0, 1, 5, 6, 7]",5,5,-1
4337,1,1,0,none,"[0, 1, 3, 4, 5, 6, 7]",7,7,6
4338,2,0,1,reverse,"[0, 1, 2, 1, 3, 4, 5, 6, 7]",9,8,-1
4339,0,0,0,none,"[0, 1, 2, 3, 4, 5, 6, 7]",8,9,-1
4340,0,0,0,none,"[0, 1, 2, 3, 4, 5, 6, 7]",8,7,-1
4341,0,0,0,none,"[0, 1, 3, 4, 5, 6, 7]",7,8,-1
4342,2,0,1,mandatory_skip,"[0, 1, 2, 3, 4, 5, 7]",7,7,-1
4343,0,0,0,none,"[0, 1, 3, 4, 5, 6, 7]",7,8,-1
4344,0,0,0,none,"[0, 1, 2, 3, 4, 5, 6, 7]",8,7,-1
4345,2,0,1,mandatory_skip,"[0, 1, 2, 3, 4, 5, 7]",7,7,-1
4346,1,1,0,none,"[0, 1, 2, 3, 4, 5, 6, 7]",8,5,-1
4347,2,0,1,reverse,"[0, 1, 2, 1, 3, 4, 5, 6, 7]",9,9,-1
4348,2,0,1,mandatory_skip,"[0, 1, 3, 4, 5, 6, 7]",7,7,-1
4349,2,0,1,unauthorized_jump,"[0, 1, 2, 3, 7]",5,5,-1
4350,2,0,1,unauthorized_jump,"[0, 1, 2, 3, 6, 7]",6,6,-1
4351,2,0,1,excess_dwell,"[0, 1, 2, 3, 4, 4, 4, 4, 5, 6, 7]",11,10,-1
4352,1,1,0,none,"[0, 1, 3, 4, 5, 6, 7]",7,6,6
4353,1,1,0,none,"[0, 1, 2, 3, 4, 5, 6, 7]",8,7,-1
4354,2,0,1,excess_dwell,"[0, 1, 2, 3, 4, 5, 5, 5, 5, 6, 7]",11,10,-1
4355,2,0,1,unauthorized_jump,"[0, 1, 2, 3, 7]",5,4,-1
4356,1,1,0,none,"[0, 1, 2, 3, 4, 5, 6, 7]",8,6,-1
4357,1,1,0,none,"[0, 1, 2, 3, 4, 5, 6, 7]",8,4,4
4358,0,0,0,none,"[0, 1, 2, 3, 4, 5, 6, 7]",8,9,-1
4359,2,0,1,unauthorized_jump,"[0, 1, 4, 5, 6, 7]",6,5,-1
4360,2,0,1,excess_dwell,"[0, 1, 2, 2, 2, 2, 3, 4, 5, 6, 7]",11,11,-1
4361,1,1,0,none,"[0, 1, 2, 3, 4, 5, 6, 7]",8,8,-1
4362,1,1,0,none,"[0, 1, 3, 4, 5, 6, 7]",7,8,-1
4363,0,0,0,none,"[0, 1, 2, 3, 4, 5, 6, 7]",8,6,-1
4364,1,1,0,none,"[0, 1, 2, 3, 4, 5, 6, 7]",8,6,3
4365,1,1,0,none,"[0, 1, 2, 3, 4, 5, 6, 7]",8,9,-1
4366,1,1,0,none,"[0, 1, 3, 4, 5, 6, 7]",7,6,-1
4367,1,1,0,none,"[0, 1, 2, 3, 4, 5, 6, 7]",8,7,-1
4368,2,0,1,excess_dwell,"[0, 1, 2, 3, 3, 3, 3, 4, 5, 6, 7]",11,10,-1
4369,0,0,0,none,"[0, 1, 2, 3, 4, 5, 6, 7]",8,6,-1
4370,2,0,1,excess_dwell,"[0, 1, 2, 3, 4, 5, 5, 5, 5, 6, 7]",11,11,-1
4371,1,1,0,none,"[0, 1, 2, 3, 4, 5, 6, 7]",8,5,-1
4372,1,1,0,none,"[0, 1, 2, 3, 4, 5, 6, 7]",8,6,-1
4373,0,0,0,none,"[0, 1, 2, 3, 4, 5, 6, 7]",8,8,-1
4374,0,0,0,none,"[0, 1, 3, 4, 5, 6, 7]",7,6,-1
4375,0,0,0,none,"[0, 1, 2, 3, 4, 5, 6, 7]",8,9,-1
4376,0,0,0,none,"[0, 1, 2, 3, 4, 5, 6, 7]",8,9,-1
4377,2,0,1,excess_dwell,"[0, 1, 2, 2, 2, 2, 3, 4, 5, 6, 7]",11,10,-1
4378,0,0,0,none,"[0, 1, 3, 4, 5, 6, 7]",7,8,-1
4379,1,1,0,none,"[0, 1, 2, 3, 4, 5, 6, 7]",8,10,-1
4380,1,1,0,none,"[0, 1, 2, 3, 4, 5, 6, 7]",8,7,-1
4381,2,0,1,excess_dwell,"[0, 1, 2, 3, 4, 4, 4, 4, 5, 6, 7]",11,12,-1
4382,2,0,1,mandatory_skip,"[0, 1, 2, 3, 5, 6, 7]",7,8,-1
4383,0,0,0,none,"[0, 1, 2, 3, 5, 6, 7]",7,8,-1
4384,0,0,0,none,"[0, 1, 3, 4, 5, 6, 7]",7,7,-1
4385,1,1,0,none,"[0, 1, 2, 3, 4, 5, 6, 7]",8,7,-1
4386,0,0,0,none,"[0, 1, 2, 3, 4, 5, 6, 7]",8,7,-1
4387,2,0,1,unauthorized_jump,"[0, 1, 2, 5, 6, 7]",6,7,-1
4388,0,0,0,none,"[0, 1, 2, 3, 4, 5, 6, 7]",8,6,-1
4389,0,0,0,none,"[0, 1, 3, 4, 5, 6, 7]",7,7,-1
4390,0,0,0,none,"[0, 1, 2, 3, 4, 5, 6, 7]",8,8,-1
4391,2,0,1,excess_dwell,"[0, 1, 2, 3, 4, 4, 4, 4, 5, 6, 7]",11,10,-1
4392,2,0,1,excess_dwell,"[0, 1, 2, 3, 4, 5, 5, 5, 5, 6, 7]",11,13,-1
4393,2,0,1,excess_dwell,"[0, 1, 2, 3, 4, 5, 5, 5, 5, 6, 7]",11,14,-1
4394,2,0,1,mandatory_skip,"[0, 1, 2, 3, 5, 6, 7]",7,8,-1
4395,0,0,0,none,"[0, 1, 3, 4, 5, 6, 7]",7,7,-1
4396,0,0,0,none,"[0, 1, 2, 3, 4, 5, 6, 7]",8,8,-1
4397,1,1,0,none,"[0, 1, 2, 3, 4, 5, 6, 7]",8,7,-1
4398,2,0,1,unauthorized_jump,"[0, 1, 5, 6, 7]",5,5,-1
4399,2,0,1,mandatory_skip,"[0, 1, 2, 3, 5, 6, 7]",7,7,-1
4400,1,1,0,none,"[0, 1, 3, 4, 5, 6, 7]",7,9,-1
4401,2,0,1,reverse,"[0, 1, 2, 3, 4, 3, 5, 6, 7]",9,10,-1
4402,0,0,0,none,"[0, 1, 2, 3, 4, 5, 6, 7]",8,10,-1
4403,2,0,1,mandatory_skip,"[0, 1, 2, 3, 4, 5, 7]",7,7,-1
4404,2,0,1,unauthorized_jump,"[0, 1, 5, 6, 7]",5,4,-1
4405,1,1,0,none,"[0, 1, 2, 3, 4, 5, 6, 7]",8,9,-1
4406,0,0,0,none,"[0, 1, 2, 3, 4, 5, 6, 7]",8,7,-1
4407,1,1,0,none,"[0, 1, 3, 4, 5, 6, 7]",7,5,-1
4408,2,0,1,excess_dwell,"[0, 1, 2, 3, 3, 3, 3, 4, 5, 6, 7]",11,8,-1
4409,0,0,0,none,"[0, 1, 2, 3, 4, 5, 6, 7]",8,9,-1
4410,2,0,1,excess_dwell,"[0, 1, 2, 2, 2, 2, 3, 4, 5, 6, 7]",11,9,-1
4411,2,0,1,reverse,"[0, 1, 2, 3, 2, 4, 5, 6, 7]",9,9,-1
4412,0,0,0,none,"[0, 1, 2, 3, 4, 5, 6, 7]",8,8,-1
4413,1,1,0,none,"[0, 1, 2, 3, 4, 5, 6, 7]",8,7,3
4414,0,0,0,none,"[0, 1, 2, 3, 4, 5, 6, 7]",8,9,-1
4415,2,0,1,reverse,"[0, 1, 2, 3, 4, 3, 5, 6, 7]",9,8,-1
4416,1,1,0,none,"[0, 1, 2, 3, 4, 5, 6, 7]",8,6,2
4417,1,1,0,none,"[0, 1, 2, 3, 5, 6, 7]",7,10,-1
4418,2,0,1,reverse,"[0, 1, 2, 3, 4, 5, 4, 6, 7]",9,8,-1
4419,2,0,1,reverse,"[0, 1, 2, 1, 3, 4, 5, 6, 7]",9,9,-1
4420,0,0,0,none,"[0, 1, 2, 3, 4, 5, 6, 7]",8,6,-1
4421,2,0,1,reverse,"[0, 1, 2, 1, 3, 4, 5, 6, 7]",9,9,-1
4422,2,0,1,unauthorized_jump,"[0, 1, 4, 5, 6, 7]",6,5,-1
4423,2,0,1,unauthorized_jump,"[0, 1, 4, 5, 6, 7]",6,6,-1
4424,1,1,0,none,"[0, 1, 2, 3, 4, 5, 6, 7]",8,8,-1
4425,0,0,0,none,"[0, 1, 2, 3, 4, 5, 6, 7]",8,8,-1
4426,1,1,0,none,"[0, 1, 2, 3, 4, 5, 6, 7]",8,6,2
4427,1,1,0,none,"[0, 1, 2, 3, 4, 5, 6, 7]",8,8,-1
4428,2,0,1,reverse,"[0, 1, 2, 3, 4, 5, 4, 6, 7]",9,10,-1
4429,0,0,0,none,"[0, 1, 2, 3, 4, 5, 6, 7]",8,9,-1
4430,1,1,0,none,"[0, 1, 2, 3, 4, 5, 6, 7]",8,5,1
4431,0,0,0,none,"[0, 1, 2, 3, 4, 5, 6, 7]",8,8,-1
4432,2,0,1,excess_dwell,"[0, 1, 2, 3, 4, 4, 4, 4, 5, 6, 7]",11,9,-1
4433,2,0,1,mandatory_skip,"[0, 1, 2, 3, 4, 5, 7]",7,7,-1
4434,0,0,0,none,"[0, 1, 3, 4, 5, 6, 7]",7,9,-1
4435,2,0,1,unauthorized_jump,"[0, 1, 4, 5, 6, 7]",6,6,-1
4436,0,0,0,none,"[0, 1, 2, 3, 4, 5, 6, 7]",8,7,-1
4437,0,0,0,none,"[0, 1, 3, 4, 5, 6, 7]",7,6,-1
4438,0,0,0,none,"[0, 1, 2, 3, 4, 5, 6, 7]",8,7,-1
4439,0,0,0,none,"[0, 1, 2, 3, 4, 5, 6, 7]",8,7,-1
4440,2,0,1,reverse,"[0, 1, 2, 3, 2, 4, 5, 6, 7]",9,8,-1
4441,0,0,0,none,"[0, 1, 2, 3, 4, 5, 6, 7]",8,8,-1
4442,0,0,0,none,"[0, 1, 2, 3, 4, 5, 6, 7]",8,8,-1
4443,2,0,1,mandatory_skip,"[0, 1, 2, 3, 4, 5, 7]",7,7,-1
4444,2,0,1,mandatory_skip,"[0, 1, 3, 4, 5, 6, 7]",7,4,-1
4445,0,0,0,none,"[0, 1, 2, 3, 4, 5, 6, 7]",8,7,-1
4446,0,0,0,none,"[0, 1, 2, 3, 4, 5, 6, 7]",8,5,-1
4447,1,1,0,none,"[0, 1, 2, 3, 4, 5, 6, 7]",8,5,-1
4448,0,0,0,none,"[0, 1, 2, 3, 4, 5, 6, 7]",8,7,-1
4449,1,1,0,none,"[0, 1, 2, 3, 4, 5, 6, 7]",8,6,-1
4450,1,1,0,none,"[0, 1, 3, 4, 5, 6, 7]",7,6,-1
4451,2,0,1,mandatory_skip,"[0, 1, 2, 3, 4, 5, 7]",7,6,-1
4452,0,0,0,none,"[0, 1, 2, 3, 5, 6, 7]",7,7,-1
4453,1,1,0,none,"[0, 1, 2, 3, 4, 5, 6, 7]",8,10,-1
4454,2,0,1,excess_dwell,"[0, 1, 2, 3, 4, 4, 4, 4, 5, 6, 7]",11,12,-1
4455,1,1,0,none,"[0, 1, 2, 3, 4, 5, 6, 7]",8,6,-1
4456,2,0,1,unauthorized_jump,"[0, 1, 2, 6, 7]",5,5,-1
4457,2,0,1,mandatory_skip,"[0, 1, 2, 3, 4, 5, 7]",7,7,-1
4458,0,0,0,none,"[0, 1, 2, 3, 4, 5, 6, 7]",8,9,-1
4459,2,0,1,mandatory_skip,"[0, 1, 2, 3, 4, 5, 7]",7,7,-1
4460,1,1,0,none,"[0, 1, 2, 3, 4, 5, 6, 7]",8,8,-1
4461,1,1,0,none,"[0, 1, 2, 3, 5, 6, 7]",7,5,-1
4462,0,0,0,none,"[0, 1, 2, 3, 4, 5, 6, 7]",8,10,-1
4463,2,0,1,excess_dwell,"[0, 1, 2, 2, 2, 2, 3, 4, 5, 6, 7]",11,10,-1
4464,2,0,1,unauthorized_jump,"[0, 1, 2, 6, 7]",5,5,-1
4465,2,0,1,mandatory_skip,"[0, 1, 2, 3, 5, 6, 7]",7,8,-1
4466,0,0,0,none,"[0, 1, 2, 3, 5, 6, 7]",7,7,-1
4467,2,0,1,mandatory_skip,"[0, 1, 2, 3, 5, 6, 7]",7,6,-1
4468,1,1,0,none,"[0, 1, 2, 3, 4, 5, 6, 7]",8,6,-1
4469,1,1,0,none,"[0, 1, 2, 3, 4, 5, 6, 7]",8,6,7
4470,0,0,0,none,"[0, 1, 2, 3, 5, 6, 7]",7,7,-1
4471,1,1,0,none,"[0, 1, 2, 3, 4, 5, 6, 7]",8,6,-1
4472,0,0,0,none,"[0, 1, 2, 3, 4, 5, 6, 7]",8,9,-1
4473,2,0,1,reverse,"[0, 1, 2, 3, 4, 5, 4, 6, 7]",9,7,-1
4474,2,0,1,reverse,"[0, 1, 2, 1, 3, 4, 5, 6, 7]",9,8,-1
4475,0,0,0,none,"[0, 1, 3, 4, 5, 6, 7]",7,8,-1
4476,2,0,1,reverse,"[0, 1, 2, 3, 2, 4, 5, 6, 7]",9,11,-1
4477,2,0,1,excess_dwell,"[0, 1, 2, 3, 4, 4, 4, 4, 5, 6, 7]",11,13,-1
4478,1,1,0,none,"[0, 1, 2, 3, 5, 6, 7]",7,4,-1
4479,1,1,0,none,"[0, 1, 2, 3, 4, 5, 6, 7]",8,8,-1
4480,2,0,1,excess_dwell,"[0, 1, 2, 3, 4, 5, 5, 5, 5, 6, 7]",11,11,-1
4481,2,0,1,reverse,"[0, 1, 2, 1, 3, 4, 5, 6, 7]",9,9,-1
4482,1,1,0,none,"[0, 1, 3, 4, 5, 6, 7]",7,7,-1
4483,1,1,0,none,"[0, 1, 2, 3, 4, 5, 6, 7]",8,5,-1
4484,0,0,0,none,"[0, 1, 2, 3, 4, 5, 6, 7]",8,6,-1
4485,2,0,1,reverse,"[0, 1, 2, 3, 4, 5, 4, 6, 7]",9,9,-1
4486,2,0,1,mandatory_skip,"[0, 1, 2, 3, 4, 5, 7]",7,8,-1
4487,2,0,1,reverse,"[0, 1, 2, 3, 4, 3, 5, 6, 7]",9,10,-1
4488,1,1,0,none,"[0, 1, 2, 3, 4, 5, 6, 7]",8,9,-1
4489,0,0,0,none,"[0, 1, 2, 3, 4, 5, 6, 7]",8,9,-1
4490,0,0,0,none,"[0, 1, 2, 3, 4, 5, 6, 7]",8,8,-1
4491,0,0,0,none,"[0, 1, 2, 3, 4, 5, 6, 7]",8,8,-1
4492,1,1,0,none,"[0, 1, 2, 3, 4, 5, 6, 7]",8,7,-1
4493,0,0,0,none,"[0, 1, 2, 3, 4, 5, 6, 7]",8,8,-1
4494,2,0,1,reverse,"[0, 1, 2, 1, 3, 4, 5, 6, 7]",9,8,-1
4495,0,0,0,none,"[0, 1, 2, 3, 4, 5, 6, 7]",8,8,-1
4496,1,1,0,none,"[0, 1, 2, 3, 4, 5, 6, 7]",8,4,4
4497,2,0,1,reverse,"[0, 1, 2, 3, 4, 3, 5, 6, 7]",9,10,-1
4498,0,0,0,none,"[0, 1, 2, 3, 4, 5, 6, 7]",8,7,-1
4499,2,0,1,excess_dwell,"[0, 1, 2, 3, 3, 3, 3, 4, 5, 6, 7]",11,13,-1
4500,0,0,0,none,"[0, 1, 2, 3, 4, 5, 6, 7]",8,8,-1
4501,2,0,1,unauthorized_jump,"[0, 1, 2, 5, 6, 7]",6,6,4
4502,2,0,1,unauthorized_jump,"[0, 1, 2, 3, 7]",5,5,-1
4503,2,0,1,mandatory_skip,"[0, 1, 2, 3, 4, 5, 7]",7,7,-1
4504,2,0,1,reverse,"[0, 1, 2, 3, 2, 4, 5, 6, 7]",9,9,-1
4505,0,0,0,none,"[0, 1, 2, 3, 4, 5, 6, 7]",8,8,-1
4506,0,0,0,none,"[0, 1, 2, 3, 4, 5, 6, 7]",8,7,-1
4507,2,0,1,mandatory_skip,"[0, 1, 2, 3, 4, 5, 7]",7,8,-1
4508,0,0,0,none,"[0, 1, 2, 3, 4, 5, 6, 7]",8,7,-1
4509,2,0,1,excess_dwell,"[0, 1, 2, 3, 3, 3, 3, 4, 5, 6, 7]",11,10,-1
4510,1,1,0,none,"[0, 1, 2, 3, 4, 5, 6, 7]",8,8,-1
4511,1,1,0,none,"[0, 1, 2, 3, 4, 5, 6, 7]",8,6,-1
4512,0,0,0,none,"[0, 1, 2, 3, 4, 5, 6, 7]",8,8,-1
4513,0,0,0,none,"[0, 1, 3, 4, 5, 6, 7]",7,7,-1
4514,1,1,0,none,"[0, 1, 3, 4, 5, 6, 7]",7,5,5
4515,2,0,1,unauthorized_jump,"[0, 1, 2, 6, 7]",5,5,-1
4516,2,0,1,reverse,"[0, 1, 2, 3, 4, 5, 4, 6, 7]",9,11,-1
4517,2,0,1,excess_dwell,"[0, 1, 2, 3, 4, 4, 4, 4, 5, 6, 7]",11,10,-1
4518,0,0,0,none,"[0, 1, 2, 3, 4, 5, 6, 7]",8,9,-1
4519,2,0,1,reverse,"[0, 1, 2, 3, 4, 5, 4, 6, 7]",9,9,-1
4520,0,0,0,none,"[0, 1, 2, 3, 4, 5, 6, 7]",8,8,-1
4521,2,0,1,reverse,"[0, 1, 2, 1, 3, 4, 5, 6, 7]",9,9,-1
4522,0,0,0,none,"[0, 1, 3, 4, 5, 6, 7]",7,7,-1
4523,2,0,1,excess_dwell,"[0, 1, 2, 3, 3, 3, 3, 4, 5, 6, 7]",11,10,-1
4524,0,0,0,none,"[0, 1, 2, 3, 4, 5, 6, 7]",8,9,-1
4525,1,1,0,none,"[0, 1, 2, 3, 4, 5, 6, 7]",8,4,-1
4526,1,1,0,none,"[0, 1, 2, 3, 4, 5, 6, 7]",8,4,1
4527,0,0,0,none,"[0, 1, 2, 3, 4, 5, 6, 7]",8,9,-1
4528,1,1,0,none,"[0, 1, 2, 3, 4, 5, 6, 7]",8,7,-1
4529,2,0,1,excess_dwell,"[0, 1, 2, 3, 4, 5, 5, 5, 5, 6, 7]",11,11,-1
4530,0,0,0,none,"[0, 1, 2, 3, 4, 5, 6, 7]",8,7,-1
4531,1,1,0,none,"[0, 1, 2, 3, 4, 5, 6, 7]",8,6,-1
4532,1,1,0,none,"[0, 1, 3, 4, 5, 6, 7]",7,7,-1
4533,1,1,0,none,"[0, 1, 2, 3, 5, 6, 7]",7,6,-1
4534,1,1,0,none,"[0, 1, 2, 3, 4, 5, 6, 7]",8,8,-1
4535,0,0,0,none,"[0, 1, 2, 3, 5, 6, 7]",7,7,-1
4536,0,0,0,none,"[0, 1, 2, 3, 4, 5, 6, 7]",8,8,-1
4537,0,0,0,none,"[0, 1, 3, 4, 5, 6, 7]",7,7,4
4538,2,0,1,mandatory_skip,"[0, 1, 3, 4, 5, 6, 7]",7,8,-1
4539,0,0,0,none,"[0, 1, 2, 3, 4, 5, 6, 7]",8,9,-1
4540,0,0,0,none,"[0, 1, 2, 3, 4, 5, 6, 7]",8,8,-1
4541,0,0,0,none,"[0, 1, 2, 3, 4, 5, 6, 7]",8,7,-1
4542,0,0,0,none,"[0, 1, 2, 3, 5, 6, 7]",7,7,-1
4543,2,0,1,mandatory_skip,"[0, 1, 3, 4, 5, 6, 7]",7,7,-1
4544,2,0,1,excess_dwell,"[0, 1, 2, 3, 4, 4, 4, 4, 5, 6, 7]",11,10,-1
4545,0,0,0,none,"[0, 1, 2, 3, 5, 6, 7]",7,8,-1
4546,0,0,0,none,"[0, 1, 2, 3, 4, 5, 6, 7]",8,8,-1
4547,1,1,0,none,"[0, 1, 2, 3, 4, 5, 6, 7]",8,7,-1
4548,0,0,0,none,"[0, 1, 2, 3, 4, 5, 6, 7]",8,6,-1
4549,1,1,0,none,"[0, 1, 2, 3, 4, 5, 6, 7]",8,8,3
4550,2,0,1,excess_dwell,"[0, 1, 2, 3, 4, 5, 5, 5, 5, 6, 7]",11,14,-1
4551,1,1,0,none,"[0, 1, 3, 4, 5, 6, 7]",7,5,-1
4552,2,0,1,excess_dwell,"[0, 1, 2, 2, 2, 2, 3, 4, 5, 6, 7]",11,7,-1
4553,0,0,0,none,"[0, 1, 2, 3, 4, 5, 6, 7]",8,8,-1
4554,0,0,0,none,"[0, 1, 2, 3, 4, 5, 6, 7]",8,6,-1
4555,2,0,1,unauthorized_jump,"[0, 1, 2, 3, 7]",5,6,-1
4556,0,0,0,none,"[0, 1, 2, 3, 4, 5, 6, 7]",8,11,-1
4557,1,1,0,none,"[0, 1, 3, 4, 5, 6, 7]",7,6,-1
4558,2,0,1,excess_dwell,"[0, 1, 2, 3, 4, 5, 5, 5, 5, 6, 7]",11,13,7
4559,0,0,0,none,"[0, 1, 2, 3, 5, 6, 7]",7,7,-1
4560,1,1,0,none,"[0, 1, 2, 3, 4, 5, 6, 7]",8,9,-1
4561,1,1,0,none,"[0, 1, 2, 3, 4, 5, 6, 7]",8,9,-1
4562,2,0,1,excess_dwell,"[0, 1, 2, 3, 4, 5, 5, 5, 5, 6, 7]",11,13,-1
4563,2,0,1,reverse,"[0, 1, 2, 1, 3, 4, 5, 6, 7]",9,10,-1
4564,0,0,0,none,"[0, 1, 2, 3, 4, 5, 6, 7]",8,7,-1
4565,0,0,0,none,"[0, 1, 3, 4, 5, 6, 7]",7,8,-1
4566,0,0,0,none,"[0, 1, 2, 3, 4, 5, 6, 7]",8,7,-1
4567,1,1,0,none,"[0, 1, 2, 3, 4, 5, 6, 7]",8,8,-1
4568,2,0,1,unauthorized_jump,"[0, 1, 2, 3, 7]",5,6,-1
4569,1,1,0,none,"[0, 1, 2, 3, 4, 5, 6, 7]",8,6,-1
4570,2,0,1,reverse,"[0, 1, 2, 3, 4, 5, 4, 6, 7]",9,8,-1
4571,0,0,0,none,"[0, 1, 2, 3, 4, 5, 6, 7]",8,8,-1
4572,2,0,1,unauthorized_jump,"[0, 1, 2, 3, 6, 7]",6,6,-1
4573,1,1,0,none,"[0, 1, 2, 3, 4, 5, 6, 7]",8,9,-1
4574,1,1,0,none,"[0, 1, 2, 3, 4, 5, 6, 7]",8,7,-1
4575,0,0,0,none,"[0, 1, 2, 3, 4, 5, 6, 7]",8,7,-1
4576,0,0,0,none,"[0, 1, 2, 3, 4, 5, 6, 7]",8,9,-1
4577,0,0,0,none,"[0, 1, 2, 3, 4, 5, 6, 7]",8,10,-1
4578,0,0,0,none,"[0, 1, 2, 3, 4, 5, 6, 7]",8,8,-1
4579,1,1,0,none,"[0, 1, 2, 3, 4, 5, 6, 7]",8,6,-1
4580,0,0,0,none,"[0, 1, 2, 3, 4, 5, 6, 7]",8,7,-1
4581,2,0,1,unauthorized_jump,"[0, 1, 2, 3, 7]",5,5,-1
4582,2,0,1,excess_dwell,"[0, 1, 2, 3, 4, 4, 4, 4, 5, 6, 7]",11,9,-1
4583,1,1,0,none,"[0, 1, 2, 3, 4, 5, 6, 7]",8,8,-1
4584,1,1,0,none,"[0, 1, 2, 3, 4, 5, 6, 7]",8,7,-1
4585,2,0,1,unauthorized_jump,"[0, 1, 2, 3, 6, 7]",6,6,-1
4586,1,1,0,none,"[0, 1, 2, 3, 4, 5, 6, 7]",8,8,-1
4587,0,0,0,none,"[0, 1, 3, 4, 5, 6, 7]",7,8,-1
4588,0,0,0,none,"[0, 1, 2, 3, 4, 5, 6, 7]",8,7,-1
4589,2,0,1,mandatory_skip,"[0, 1, 2, 3, 5, 6, 7]",7,8,-1
4590,1,1,0,none,"[0, 1, 3, 4, 5, 6, 7]",7,4,-1
4591,2,0,1,excess_dwell,"[0, 1, 2, 3, 4, 4, 4, 4, 5, 6, 7]",11,10,-1
4592,2,0,1,unauthorized_jump,"[0, 1, 4, 5, 6, 7]",6,6,-1
4593,1,1,0,none,"[0, 1, 2, 3, 4, 5, 6, 7]",8,10,-1
4594,0,0,0,none,"[0, 1, 2, 3, 5, 6, 7]",7,10,-1
4595,2,0,1,reverse,"[0, 1, 2, 1, 3, 4, 5, 6, 7]",9,9,-1
4596,0,0,0,none,"[0, 1, 2, 3, 4, 5, 6, 7]",8,7,-1
4597,2,0,1,reverse,"[0, 1, 2, 3, 4, 5, 4, 6, 7]",9,10,-1
4598,2,0,1,unauthorized_jump,"[0, 1, 2, 6, 7]",5,5,-1
4599,2,0,1,reverse,"[0, 1, 2, 3, 4, 3, 5, 6, 7]",9,9,-1
4600,1,1,0,none,"[0, 1, 2, 3, 4, 5, 6, 7]",8,6,-1
4601,2,0,1,mandatory_skip,"[0, 1, 3, 4, 5, 6, 7]",7,7,-1
4602,0,0,0,none,"[0, 1, 2, 3, 4, 5, 6, 7]",8,8,-1
4603,0,0,0,none,"[0, 1, 2, 3, 4, 5, 6, 7]",8,9,-1
4604,2,0,1,unauthorized_jump,"[0, 1, 2, 3, 7]",5,5,-1
4605,1,1,0,none,"[0, 1, 2, 3, 5, 6, 7]",7,8,-1
4606,2,0,1,excess_dwell,"[0, 1, 2, 2, 2, 2, 3, 4, 5, 6, 7]",11,11,-1
4607,2,0,1,excess_dwell,"[0, 1, 2, 3, 3, 3, 3, 4, 5, 6, 7]",11,12,-1
4608,2,0,1,unauthorized_jump,"[0, 1, 2, 5, 6, 7]",6,5,-1
4609,1,1,0,none,"[0, 1, 2, 3, 4, 5, 6, 7]",8,5,-1
4610,1,1,0,none,"[0, 1, 2, 3, 4, 5, 6, 7]",8,7,-1
4611,0,0,0,none,"[0, 1, 2, 3, 4, 5, 6, 7]",8,7,-1
4612,2,0,1,reverse,"[0, 1, 2, 1, 3, 4, 5, 6, 7]",9,8,-1
4613,1,1,0,none,"[0, 1, 2, 3, 4, 5, 6, 7]",8,10,5
4614,0,0,0,none,"[0, 1, 3, 4, 5, 6, 7]",7,7,-1
4615,1,1,0,none,"[0, 1, 2, 3, 4, 5, 6, 7]",8,7,-1
4616,0,0,0,none,"[0, 1, 2, 3, 4, 5, 6, 7]",8,8,-1
4617,2,0,1,reverse,"[0, 1, 2, 1, 3, 4, 5, 6, 7]",9,10,-1
4618,1,1,0,none,"[0, 1, 2, 3, 4, 5, 6, 7]",8,7,6
4619,2,0,1,mandatory_skip,"[0, 1, 2, 3, 4, 5, 7]",7,7,-1
4620,0,0,0,none,"[0, 1, 2, 3, 4, 5, 6, 7]",8,9,-1
4621,0,0,0,none,"[0, 1, 2, 3, 4, 5, 6, 7]",8,9,-1
4622,0,0,0,none,"[0, 1, 2, 3, 5, 6, 7]",7,6,-1
4623,1,1,0,none,"[0, 1, 2, 3, 4, 5, 6, 7]",8,6,-1
4624,1,1,0,none,"[0, 1, 2, 3, 4, 5, 6, 7]",8,8,-1
4625,1,1,0,none,"[0, 1, 2, 3, 4, 5, 6, 7]",8,8,-1
4626,2,0,1,excess_dwell,"[0, 1, 2, 3, 4, 4, 4, 4, 5, 6, 7]",11,11,-1
4627,0,0,0,none,"[0, 1, 2, 3, 4, 5, 6, 7]",8,10,-1
4628,0,0,0,none,"[0, 1, 3, 4, 5, 6, 7]",7,6,-1
4629,0,0,0,none,"[0, 1, 2, 3, 5, 6, 7]",7,6,-1
4630,0,0,0,none,"[0, 1, 2, 3, 5, 6, 7]",7,8,-1
4631,1,1,0,none,"[0, 1, 2, 3, 4, 5, 6, 7]",8,6,-1
4632,1,1,0,none,"[0, 1, 2, 3, 4, 5, 6, 7]",8,5,-1
4633,1,1,0,none,"[0, 1, 2, 3, 4, 5, 6, 7]",8,7,-1
4634,0,0,0,none,"[0, 1, 2, 3, 4, 5, 6, 7]",8,9,-1
4635,2,0,1,reverse,"[0, 1, 2, 3, 4, 3, 5, 6, 7]",9,9,-1
4636,0,0,0,none,"[0, 1, 3, 4, 5, 6, 7]",7,9,-1
4637,1,1,0,none,"[0, 1, 3, 4, 5, 6, 7]",7,7,-1
4638,0,0,0,none,"[0, 1, 2, 3, 4, 5, 6, 7]",8,8,-1
4639,2,0,1,unauthorized_jump,"[0, 1, 4, 5, 6, 7]",6,5,-1
4640,2,0,1,excess_dwell,"[0, 1, 2, 3, 3, 3, 3, 4, 5, 6, 7]",11,12,-1
4641,0,0,0,none,"[0, 1, 3, 4, 5, 6, 7]",7,8,-1
4642,0,0,0,none,"[0, 1, 3, 4, 5, 6, 7]",7,7,-1
4643,1,1,0,none,"[0, 1, 2, 3, 4, 5, 6, 7]",8,8,-1
4644,1,1,0,none,"[0, 1, 2, 3, 4, 5, 6, 7]",8,9,-1
4645,1,1,0,none,"[0, 1, 2, 3, 4, 5, 6, 7]",8,3,-1
4646,0,0,0,none,"[0, 1, 2, 3, 4, 5, 6, 7]",8,8,-1
4647,0,0,0,none,"[0, 1, 2, 3, 4, 5, 6, 7]",8,7,-1
4648,0,0,0,none,"[0, 1, 2, 3, 4, 5, 6, 7]",8,9,-1
4649,1,1,0,none,"[0, 1, 2, 3, 5, 6, 7]",7,6,-1
4650,2,0,1,mandatory_skip,"[0, 1, 3, 4, 5, 6, 7]",7,7,-1
4651,2,0,1,unauthorized_jump,"[0, 1, 2, 5, 6, 7]",6,6,-1
4652,0,0,0,none,"[0, 1, 2, 3, 4, 5, 6, 7]",8,7,-1
4653,2,0,1,excess_dwell,"[0, 1, 2, 2, 2, 2, 3, 4, 5, 6, 7]",11,11,-1
4654,2,0,1,unauthorized_jump,"[0, 1, 2, 3, 6, 7]",6,6,-1
4655,0,0,0,none,"[0, 1, 2, 3, 5, 6, 7]",7,8,-1
4656,0,0,0,none,"[0, 1, 2, 3, 4, 5, 6, 7]",8,10,-1
4657,1,1,0,none,"[0, 1, 2, 3, 4, 5, 6, 7]",8,9,-1
4658,1,1,0,none,"[0, 1, 2, 3, 5, 6, 7]",7,6,-1
4659,0,0,0,none,"[0, 1, 2, 3, 4, 5, 6, 7]",8,7,-1
4660,0,0,0,none,"[0, 1, 2, 3, 4, 5, 6, 7]",8,5,-1
4661,0,0,0,none,"[0, 1, 2, 3, 4, 5, 6, 7]",8,7,-1
4662,0,0,0,none,"[0, 1, 2, 3, 4, 5, 6, 7]",8,8,-1
4663,0,0,0,none,"[0, 1, 2, 3, 4, 5, 6, 7]",8,9,-1
4664,0,0,0,none,"[0, 1, 3, 4, 5, 6, 7]",7,7,-1
4665,0,0,0,none,"[0, 1, 2, 3, 5, 6, 7]",7,5,-1
4666,0,0,0,none,"[0, 1, 2, 3, 4, 5, 6, 7]",8,7,-1
4667,0,0,0,none,"[0, 1, 2, 3, 4, 5, 6, 7]",8,8,-1
4668,1,1,0,none,"[0, 1, 2, 3, 5, 6, 7]",7,7,-1
4669,0,0,0,none,"[0, 1, 2, 3, 4, 5, 6, 7]",8,9,-1
4670,1,1,0,none,"[0, 1, 3, 4, 5, 6, 7]",7,4,-1
4671,0,0,0,none,"[0, 1, 3, 4, 5, 6, 7]",7,9,-1
4672,1,1,0,none,"[0, 1, 3, 4, 5, 6, 7]",7,6,-1
4673,1,1,0,none,"[0, 1, 2, 3, 5, 6, 7]",7,4,-1
4674,2,0,1,mandatory_skip,"[0, 1, 3, 4, 5, 6, 7]",7,7,-1
4675,1,1,0,none,"[0, 1, 2, 3, 4, 5, 6, 7]",8,8,-1
4676,1,1,0,none,"[0, 1, 2, 3, 4, 5, 6, 7]",8,8,-1
4677,1,1,0,none,"[0, 1, 2, 3, 4, 5, 6, 7]",8,5,-1
4678,0,0,0,none,"[0, 1, 2, 3, 4, 5, 6, 7]",8,7,-1
4679,1,1,0,none,"[0, 1, 3, 4, 5, 6, 7]",7,7,-1
4680,1,1,0,none,"[0, 1, 2, 3, 4, 5, 6, 7]",8,5,1
4681,0,0,0,none,"[0, 1, 3, 4, 5, 6, 7]",7,7,-1
4682,2,0,1,unauthorized_jump,"[0, 1, 5, 6, 7]",5,5,-1
4683,2,0,1,mandatory_skip,"[0, 1, 2, 3, 4, 5, 7]",7,8,-1
4684,1,1,0,none,"[0, 1, 2, 3, 4, 5, 6, 7]",8,8,-1
4685,0,0,0,none,"[0, 1, 2, 3, 4, 5, 6, 7]",8,8,-1
4686,0,0,0,none,"[0, 1, 2, 3, 4, 5, 6, 7]",8,9,-1
4687,1,1,0,none,"[0, 1, 2, 3, 4, 5, 6, 7]",8,6,-1
4688,1,1,0,none,"[0, 1, 2, 3, 4, 5, 6, 7]",8,6,-1
4689,2,0,1,excess_dwell,"[0, 1, 2, 3, 3, 3, 3, 4, 5, 6, 7]",11,10,-1
4690,1,1,0,none,"[0, 1, 2, 3, 4, 5, 6, 7]",8,8,-1
4691,0,0,0,none,"[0, 1, 2, 3, 4, 5, 6, 7]",8,7,-1
4692,2,0,1,unauthorized_jump,"[0, 1, 4, 5, 6, 7]",6,5,-1
4693,1,1,0,none,"[0, 1, 2, 3, 4, 5, 6, 7]",8,8,-1
4694,1,1,0,none,"[0, 1, 2, 3, 5, 6, 7]",7,7,-1
4695,1,1,0,none,"[0, 1, 2, 3, 4, 5, 6, 7]",8,13,-1
4696,0,0,0,none,"[0, 1, 2, 3, 4, 5, 6, 7]",8,9,-1
4697,0,0,0,none,"[0, 1, 2, 3, 4, 5, 6, 7]",8,7,-1
4698,0,0,0,none,"[0, 1, 2, 3, 4, 5, 6, 7]",8,9,-1
4699,0,0,0,none,"[0, 1, 2, 3, 4, 5, 6, 7]",8,8,-1
4700,0,0,0,none,"[0, 1, 2, 3, 4, 5, 6, 7]",8,8,-1
4701,2,0,1,excess_dwell,"[0, 1, 2, 2, 2, 2, 3, 4, 5, 6, 7]",11,10,-1
4702,1,1,0,none,"[0, 1, 2, 3, 5, 6, 7]",7,5,3
4703,1,1,0,none,"[0, 1, 2, 3, 5, 6, 7]",7,3,2
4704,0,0,0,none,"[0, 1, 2, 3, 4, 5, 6, 7]",8,6,-1
4705,2,0,1,unauthorized_jump,"[0, 1, 5, 6, 7]",5,6,-1
4706,0,0,0,none,"[0, 1, 2, 3, 4, 5, 6, 7]",8,5,0
4707,2,0,1,mandatory_skip,"[0, 1, 2, 3, 5, 6, 7]",7,7,-1
4708,0,0,0,none,"[0, 1, 2, 3, 4, 5, 6, 7]",8,6,6
4709,2,0,1,mandatory_skip,"[0, 1, 2, 3, 4, 5, 7]",7,7,-1
4710,2,0,1,excess_dwell,"[0, 1, 2, 3, 4, 4, 4, 4, 5, 6, 7]",11,13,6
4711,2,0,1,mandatory_skip,"[0, 1, 2, 3, 4, 5, 7]",7,5,-1
4712,1,1,0,none,"[0, 1, 2, 3, 4, 5, 6, 7]",8,8,-1
4713,2,0,1,reverse,"[0, 1, 2, 3, 4, 3, 5, 6, 7]",9,8,-1
4714,0,0,0,none,"[0, 1, 2, 3, 4, 5, 6, 7]",8,7,-1
4715,0,0,0,none,"[0, 1, 2, 3, 4, 5, 6, 7]",8,10,-1
4716,1,1,0,none,"[0, 1, 2, 3, 4, 5, 6, 7]",8,7,-1
4717,1,1,0,none,"[0, 1, 2, 3, 4, 5, 6, 7]",8,8,-1
4718,1,1,0,none,"[0, 1, 2, 3, 5, 6, 7]",7,6,-1
4719,0,0,0,none,"[0, 1, 2, 3, 4, 5, 6, 7]",8,8,-1
4720,1,1,0,none,"[0, 1, 2, 3, 4, 5, 6, 7]",8,6,5
4721,1,1,0,none,"[0, 1, 2, 3, 5, 6, 7]",7,7,1
4722,0,0,0,none,"[0, 1, 2, 3, 4, 5, 6, 7]",8,7,-1
4723,0,0,0,none,"[0, 1, 2, 3, 4, 5, 6, 7]",8,8,-1
4724,0,0,0,none,"[0, 1, 2, 3, 4, 5, 6, 7]",8,8,-1
4725,1,1,0,none,"[0, 1, 2, 3, 4, 5, 6, 7]",8,8,-1
4726,1,1,0,none,"[0, 1, 2, 3, 4, 5, 6, 7]",8,6,-1
4727,1,1,0,none,"[0, 1, 2, 3, 4, 5, 6, 7]",8,8,-1
4728,0,0,0,none,"[0, 1, 2, 3, 4, 5, 6, 7]",8,7,-1
4729,2,0,1,excess_dwell,"[0, 1, 2, 2, 2, 2, 3, 4, 5, 6, 7]",11,11,-1
4730,2,0,1,mandatory_skip,"[0, 1, 3, 4, 5, 6, 7]",7,8,-1
4731,1,1,0,none,"[0, 1, 2, 3, 4, 5, 6, 7]",8,7,0
4732,1,1,0,none,"[0, 1, 2, 3, 4, 5, 6, 7]",8,8,-1
4733,2,0,1,reverse,"[0, 1, 2, 1, 3, 4, 5, 6, 7]",9,9,-1
4734,1,1,0,none,"[0, 1, 2, 3, 4, 5, 6, 7]",8,9,5
4735,2,0,1,reverse,"[0, 1, 2, 3, 2, 4, 5, 6, 7]",9,10,-1
4736,0,0,0,none,"[0, 1, 2, 3, 4, 5, 6, 7]",8,9,-1
4737,0,0,0,none,"[0, 1, 2, 3, 5, 6, 7]",7,8,-1
4738,2,0,1,mandatory_skip,"[0, 1, 2, 3, 4, 5, 7]",7,7,-1
4739,0,0,0,none,"[0, 1, 3, 4, 5, 6, 7]",7,7,-1
4740,1,1,0,none,"[0, 1, 2, 3, 4, 5, 6, 7]",8,9,-1
4741,2,0,1,reverse,"[0, 1, 2, 3, 4, 3, 5, 6, 7]",9,9,-1
4742,2,0,1,unauthorized_jump,"[0, 1, 2, 3, 7]",5,5,-1
4743,1,1,0,none,"[0, 1, 3, 4, 5, 6, 7]",7,6,-1
4744,0,0,0,none,"[0, 1, 2, 3, 4, 5, 6, 7]",8,8,-1
4745,0,0,0,none,"[0, 1, 3, 4, 5, 6, 7]",7,8,-1
4746,2,0,1,excess_dwell,"[0, 1, 2, 3, 3, 3, 3, 4, 5, 6, 7]",11,11,-1
4747,1,1,0,none,"[0, 1, 2, 3, 4, 5, 6, 7]",8,7,7
4748,1,1,0,none,"[0, 1, 2, 3, 4, 5, 6, 7]",8,7,-1
4749,0,0,0,none,"[0, 1, 2, 3, 4, 5, 6, 7]",8,7,-1
4750,1,1,0,none,"[0, 1, 2, 3, 4, 5, 6, 7]",8,8,-1
4751,2,0,1,unauthorized_jump,"[0, 1, 2, 5, 6, 7]",6,5,-1
4752,1,1,0,none,"[0, 1, 2, 3, 4, 5, 6, 7]",8,3,-1
4753,1,1,0,none,"[0, 1, 2, 3, 4, 5, 6, 7]",8,8,4
4754,0,0,0,none,"[0, 1, 2, 3, 4, 5, 6, 7]",8,9,-1
4755,2,0,1,reverse,"[0, 1, 2, 3, 4, 3, 5, 6, 7]",9,9,-1
4756,2,0,1,excess_dwell,"[0, 1, 2, 2, 2, 2, 3, 4, 5, 6, 7]",11,13,-1
4757,1,1,0,none,"[0, 1, 2, 3, 4, 5, 6, 7]",8,8,-1
4758,0,0,0,none,"[0, 1, 2, 3, 4, 5, 6, 7]",8,9,-1
4759,0,0,0,none,"[0, 1, 2, 3, 4, 5, 6, 7]",8,7,-1
4760,2,0,1,excess_dwell,"[0, 1, 2, 3, 4, 4, 4, 4, 5, 6, 7]",11,12,-1
4761,2,0,1,unauthorized_jump,"[0, 1, 5, 6, 7]",5,4,-1
4762,0,0,0,none,"[0, 1, 2, 3, 4, 5, 6, 7]",8,9,-1
4763,2,0,1,unauthorized_jump,"[0, 1, 2, 5, 6, 7]",6,6,-1
4764,1,1,0,none,"[0, 1, 2, 3, 4, 5, 6, 7]",8,10,-1
4765,0,0,0,none,"[0, 1, 3, 4, 5, 6, 7]",7,8,-1
4766,0,0,0,none,"[0, 1, 2, 3, 4, 5, 6, 7]",8,8,-1
4767,1,1,0,none,"[0, 1, 2, 3, 4, 5, 6, 7]",8,9,-1
4768,0,0,0,none,"[0, 1, 2, 3, 4, 5, 6, 7]",8,8,-1
4769,2,0,1,mandatory_skip,"[0, 1, 2, 3, 4, 5, 7]",7,6,-1
4770,0,0,0,none,"[0, 1, 2, 3, 4, 5, 6, 7]",8,9,-1
4771,0,0,0,none,"[0, 1, 2, 3, 4, 5, 6, 7]",8,8,-1
4772,0,0,0,none,"[0, 1, 2, 3, 4, 5, 6, 7]",8,8,-1
4773,0,0,0,none,"[0, 1, 2, 3, 4, 5, 6, 7]",8,8,-1
4774,0,0,0,none,"[0, 1, 3, 4, 5, 6, 7]",7,7,-1
4775,2,0,1,reverse,"[0, 1, 2, 3, 2, 4, 5, 6, 7]",9,9,-1
4776,2,0,1,excess_dwell,"[0, 1, 2, 2, 2, 2, 3, 4, 5, 6, 7]",11,11,-1
4777,2,0,1,unauthorized_jump,"[0, 1, 4, 5, 6, 7]",6,6,-1
4778,0,0,0,none,"[0, 1, 2, 3, 4, 5, 6, 7]",8,7,-1
4779,0,0,0,none,"[0, 1, 2, 3, 5, 6, 7]",7,6,-1
4780,0,0,0,none,"[0, 1, 2, 3, 4, 5, 6, 7]",8,10,-1
4781,0,0,0,none,"[0, 1, 2, 3, 4, 5, 6, 7]",8,8,-1
4782,1,1,0,none,"[0, 1, 3, 4, 5, 6, 7]",7,4,-1
4783,0,0,0,none,"[0, 1, 2, 3, 4, 5, 6, 7]",8,8,-1
4784,0,0,0,none,"[0, 1, 2, 3, 5, 6, 7]",7,7,-1
4785,2,0,1,excess_dwell,"[0, 1, 2, 3, 4, 4, 4, 4, 5, 6, 7]",11,12,-1
4786,2,0,1,excess_dwell,"[0, 1, 2, 3, 4, 5, 5, 5, 5, 6, 7]",11,9,-1
4787,0,0,0,none,"[0, 1, 3, 4, 5, 6, 7]",7,6,-1
4788,1,1,0,none,"[0, 1, 2, 3, 4, 5, 6, 7]",8,8,-1
4789,1,1,0,none,"[0, 1, 2, 3, 4, 5, 6, 7]",8,4,-1
4790,0,0,0,none,"[0, 1, 2, 3, 4, 5, 6, 7]",8,6,-1
4791,0,0,0,none,"[0, 1, 2, 3, 4, 5, 6, 7]",8,9,-1
4792,2,0,1,excess_dwell,"[0, 1, 2, 3, 4, 4, 4, 4, 5, 6, 7]",11,10,-1
4793,1,1,0,none,"[0, 1, 2, 3, 4, 5, 6, 7]",8,8,6
4794,1,1,0,none,"[0, 1, 2, 3, 5, 6, 7]",7,6,-1
4795,2,0,1,reverse,"[0, 1, 2, 3, 2, 4, 5, 6, 7]",9,10,-1
4796,0,0,0,none,"[0, 1, 2, 3, 4, 5, 6, 7]",8,7,-1
4797,1,1,0,none,"[0, 1, 3, 4, 5, 6, 7]",7,8,-1
4798,2,0,1,reverse,"[0, 1, 2, 1, 3, 4, 5, 6, 7]",9,9,-1
4799,1,1,0,none,"[0, 1, 2, 3, 4, 5, 6, 7]",8,5,-1
4800,1,1,0,none,"[0, 1, 2, 3, 4, 5, 6, 7]",8,6,-1
4801,0,0,0,none,"[0, 1, 2, 3, 4, 5, 6, 7]",8,9,-1
4802,0,0,0,none,"[0, 1, 3, 4, 5, 6, 7]",7,7,-1
4803,0,0,0,none,"[0, 1, 2, 3, 4, 5, 6, 7]",8,7,-1
4804,0,0,0,none,"[0, 1, 2, 3, 4, 5, 6, 7]",8,8,-1
4805,0,0,0,none,"[0, 1, 2, 3, 4, 5, 6, 7]",8,9,-1
4806,0,0,0,none,"[0, 1, 3, 4, 5, 6, 7]",7,6,-1
4807,1,1,0,none,"[0, 1, 2, 3, 4, 5, 6, 7]",8,9,-1
4808,0,0,0,none,"[0, 1, 2, 3, 5, 6, 7]",7,6,-1
4809,0,0,0,none,"[0, 1, 2, 3, 4, 5, 6, 7]",8,7,-1
4810,2,0,1,excess_dwell,"[0, 1, 2, 3, 4, 4, 4, 4, 5, 6, 7]",11,9,-1
4811,2,0,1,excess_dwell,"[0, 1, 2, 3, 4, 4, 4, 4, 5, 6, 7]",11,10,-1
4812,0,0,0,none,"[0, 1, 2, 3, 4, 5, 6, 7]",8,8,-1
4813,0,0,0,none,"[0, 1, 2, 3, 4, 5, 6, 7]",8,10,-1
4814,2,0,1,excess_dwell,"[0, 1, 2, 2, 2, 2, 3, 4, 5, 6, 7]",11,11,-1
4815,0,0,0,none,"[0, 1, 2, 3, 4, 5, 6, 7]",8,10,-1
4816,1,1,0,none,"[0, 1, 2, 3, 5, 6, 7]",7,7,-1
4817,2,0,1,reverse,"[0, 1, 2, 3, 4, 5, 4, 6, 7]",9,10,-1
4818,2,0,1,unauthorized_jump,"[0, 1, 2, 3, 6, 7]",6,6,1
4819,0,0,0,none,"[0, 1, 2, 3, 4, 5, 6, 7]",8,7,6
4820,1,1,0,none,"[0, 1, 2, 3, 4, 5, 6, 7]",8,6,2
4821,0,0,0,none,"[0, 1, 2, 3, 4, 5, 6, 7]",8,7,-1
4822,2,0,1,mandatory_skip,"[0, 1, 3, 4, 5, 6, 7]",7,7,-1
4823,1,1,0,none,"[0, 1, 2, 3, 4, 5, 6, 7]",8,6,-1
4824,0,0,0,none,"[0, 1, 2, 3, 5, 6, 7]",7,7,-1
4825,2,0,1,reverse,"[0, 1, 2, 1, 3, 4, 5, 6, 7]",9,9,-1
4826,2,0,1,excess_dwell,"[0, 1, 2, 3, 4, 4, 4, 4, 5, 6, 7]",11,10,-1
4827,0,0,0,none,"[0, 1, 3, 4, 5, 6, 7]",7,7,-1
4828,2,0,1,unauthorized_jump,"[0, 1, 2, 3, 6, 7]",6,7,-1
4829,0,0,0,none,"[0, 1, 3, 4, 5, 6, 7]",7,9,-1
4830,1,1,0,none,"[0, 1, 2, 3, 4, 5, 6, 7]",8,8,-1
4831,1,1,0,none,"[0, 1, 2, 3, 4, 5, 6, 7]",8,8,-1
4832,2,0,1,unauthorized_jump,"[0, 1, 5, 6, 7]",5,6,-1
4833,0,0,0,none,"[0, 1, 2, 3, 4, 5, 6, 7]",8,9,-1
4834,2,0,1,excess_dwell,"[0, 1, 2, 3, 3, 3, 3, 4, 5, 6, 7]",11,12,-1
4835,0,0,0,none,"[0, 1, 2, 3, 4, 5, 6, 7]",8,6,-1
4836,0,0,0,none,"[0, 1, 3, 4, 5, 6, 7]",7,6,-1
4837,1,1,0,none,"[0, 1, 2, 3, 5, 6, 7]",7,10,-1
4838,0,0,0,none,"[0, 1, 2, 3, 4, 5, 6, 7]",8,7,-1
4839,0,0,0,none,"[0, 1, 2, 3, 4, 5, 6, 7]",8,8,-1
4840,2,0,1,excess_dwell,"[0, 1, 2, 2, 2, 2, 3, 4, 5, 6, 7]",11,13,-1
4841,2,0,1,reverse,"[0, 1, 2, 1, 3, 4, 5, 6, 7]",9,9,-1
4842,0,0,0,none,"[0, 1, 2, 3, 4, 5, 6, 7]",8,9,-1
4843,0,0,0,none,"[0, 1, 3, 4, 5, 6, 7]",7,8,-1
4844,1,1,0,none,"[0, 1, 3, 4, 5, 6, 7]",7,7,-1
4845,1,1,0,none,"[0, 1, 2, 3, 4, 5, 6, 7]",8,8,-1
4846,0,0,0,none,"[0, 1, 2, 3, 4, 5, 6, 7]",8,7,-1
4847,1,1,0,none,"[0, 1, 2, 3, 4, 5, 6, 7]",8,5,-1
4848,2,0,1,reverse,"[0, 1, 2, 3, 2, 4, 5, 6, 7]",9,8,-1
4849,2,0,1,reverse,"[0, 1, 2, 3, 2, 4, 5, 6, 7]",9,9,-1
4850,2,0,1,unauthorized_jump,"[0, 1, 2, 3, 6, 7]",6,6,-1
4851,2,0,1,excess_dwell,"[0, 1, 2, 3, 4, 4, 4, 4, 5, 6, 7]",11,14,-1
4852,0,0,0,none,"[0, 1, 2, 3, 4, 5, 6, 7]",8,8,-1
4853,2,0,1,mandatory_skip,"[0, 1, 2, 3, 4, 5, 7]",7,6,-1
4854,1,1,0,none,"[0, 1, 2, 3, 4, 5, 6, 7]",8,5,7
4855,2,0,1,excess_dwell,"[0, 1, 2, 3, 4, 4, 4, 4, 5, 6, 7]",11,12,-1
4856,2,0,1,excess_dwell,"[0, 1, 2, 2, 2, 2, 3, 4, 5, 6, 7]",11,11,-1
4857,2,0,1,excess_dwell,"[0, 1, 2, 3, 3, 3, 3, 4, 5, 6, 7]",11,11,-1
4858,0,0,0,none,"[0, 1, 2, 3, 4, 5, 6, 7]",8,8,-1
4859,0,0,0,none,"[0, 1, 2, 3, 5, 6, 7]",7,9,-1
4860,0,0,0,none,"[0, 1, 3, 4, 5, 6, 7]",7,7,-1
4861,0,0,0,none,"[0, 1, 2, 3, 4, 5, 6, 7]",8,8,-1
4862,2,0,1,reverse,"[0, 1, 2, 1, 3, 4, 5, 6, 7]",9,10,-1
4863,1,1,0,none,"[0, 1, 2, 3, 4, 5, 6, 7]",8,7,-1
4864,2,0,1,unauthorized_jump,"[0, 1, 2, 3, 6, 7]",6,7,-1
4865,0,0,0,none,"[0, 1, 3, 4, 5, 6, 7]",7,8,-1
4866,1,1,0,none,"[0, 1, 2, 3, 4, 5, 6, 7]",8,4,1
4867,0,0,0,none,"[0, 1, 2, 3, 4, 5, 6, 7]",8,9,-1
4868,1,1,0,none,"[0, 1, 2, 3, 4, 5, 6, 7]",8,5,-1
4869,0,0,0,none,"[0, 1, 2, 3, 4, 5, 6, 7]",8,9,-1
4870,1,1,0,none,"[0, 1, 2, 3, 4, 5, 6, 7]",8,4,1
4871,0,0,0,none,"[0, 1, 2, 3, 4, 5, 6, 7]",8,8,-1
4872,2,0,1,mandatory_skip,"[0, 1, 3, 4, 5, 6, 7]",7,8,-1
4873,1,1,0,none,"[0, 1, 2, 3, 4, 5, 6, 7]",8,8,-1
4874,0,0,0,none,"[0, 1, 2, 3, 4, 5, 6, 7]",8,8,-1
4875,1,1,0,none,"[0, 1, 2, 3, 4, 5, 6, 7]",8,7,-1
4876,2,0,1,reverse,"[0, 1, 2, 3, 2, 4, 5, 6, 7]",9,11,-1
4877,1,1,0,none,"[0, 1, 2, 3, 4, 5, 6, 7]",8,5,7
4878,0,0,0,none,"[0, 1, 2, 3, 4, 5, 6, 7]",8,8,-1
4879,0,0,0,none,"[0, 1, 2, 3, 4, 5, 6, 7]",8,7,-1
4880,0,0,0,none,"[0, 1, 2, 3, 4, 5, 6, 7]",8,8,-1
4881,1,1,0,none,"[0, 1, 2, 3, 4, 5, 6, 7]",8,4,4
4882,0,0,0,none,"[0, 1, 3, 4, 5, 6, 7]",7,4,-1
4883,1,1,0,none,"[0, 1, 2, 3, 4, 5, 6, 7]",8,5,-1
4884,0,0,0,none,"[0, 1, 3, 4, 5, 6, 7]",7,6,-1
4885,2,0,1,reverse,"[0, 1, 2, 3, 2, 4, 5, 6, 7]",9,8,-1
4886,1,1,0,none,"[0, 1, 3, 4, 5, 6, 7]",7,5,-1
4887,1,1,0,none,"[0, 1, 3, 4, 5, 6, 7]",7,7,-1
4888,2,0,1,mandatory_skip,"[0, 1, 2, 3, 4, 5, 7]",7,8,-1
4889,1,1,0,none,"[0, 1, 3, 4, 5, 6, 7]",7,6,0
4890,1,1,0,none,"[0, 1, 2, 3, 4, 5, 6, 7]",8,8,6
4891,2,0,1,excess_dwell,"[0, 1, 2, 3, 4, 5, 5, 5, 5, 6, 7]",11,12,-1
4892,2,0,1,excess_dwell,"[0, 1, 2, 3, 3, 3, 3, 4, 5, 6, 7]",11,11,-1
4893,2,0,1,unauthorized_jump,"[0, 1, 4, 5, 6, 7]",6,6,-1
4894,0,0,0,none,"[0, 1, 3, 4, 5, 6, 7]",7,7,-1
4895,1,1,0,none,"[0, 1, 2, 3, 4, 5, 6, 7]",8,10,-1
4896,0,0,0,none,"[0, 1, 3, 4, 5, 6, 7]",7,6,-1
4897,0,0,0,none,"[0, 1, 2, 3, 5, 6, 7]",7,7,-1
4898,1,1,0,none,"[0, 1, 2, 3, 4, 5, 6, 7]",8,8,-1
4899,1,1,0,none,"[0, 1, 3, 4, 5, 6, 7]",7,8,-1
4900,1,1,0,none,"[0, 1, 2, 3, 4, 5, 6, 7]",8,7,-1
4901,1,1,0,none,"[0, 1, 2, 3, 4, 5, 6, 7]",8,7,-1
4902,1,1,0,none,"[0, 1, 2, 3, 4, 5, 6, 7]",8,5,6
4903,1,1,0,none,"[0, 1, 2, 3, 5, 6, 7]",7,6,-1
4904,2,0,1,unauthorized_jump,"[0, 1, 2, 6, 7]",5,4,-1
4905,0,0,0,none,"[0, 1, 2, 3, 4, 5, 6, 7]",8,7,-1
4906,0,0,0,none,"[0, 1, 2, 3, 4, 5, 6, 7]",8,6,-1
4907,1,1,0,none,"[0, 1, 3, 4, 5, 6, 7]",7,5,-1
4908,1,1,0,none,"[0, 1, 2, 3, 4, 5, 6, 7]",8,8,-1
4909,0,0,0,none,"[0, 1, 2, 3, 4, 5, 6, 7]",8,7,-1
4910,0,0,0,none,"[0, 1, 3, 4, 5, 6, 7]",7,6,-1
4911,0,0,0,none,"[0, 1, 2, 3, 4, 5, 6, 7]",8,10,-1
4912,0,0,0,none,"[0, 1, 2, 3, 4, 5, 6, 7]",8,9,-1
4913,1,1,0,none,"[0, 1, 2, 3, 4, 5, 6, 7]",8,9,-1
4914,2,0,1,unauthorized_jump,"[0, 1, 2, 6, 7]",5,4,-1
4915,1,1,0,none,"[0, 1, 2, 3, 4, 5, 6, 7]",8,7,-1
4916,2,0,1,mandatory_skip,"[0, 1, 3, 4, 5, 6, 7]",7,9,-1
4917,0,0,0,none,"[0, 1, 2, 3, 4, 5, 6, 7]",8,5,-1
4918,0,0,0,none,"[0, 1, 2, 3, 5, 6, 7]",7,6,-1
4919,0,0,0,none,"[0, 1, 3, 4, 5, 6, 7]",7,7,-1
4920,0,0,0,none,"[0, 1, 2, 3, 4, 5, 6, 7]",8,9,-1
4921,2,0,1,unauthorized_jump,"[0, 1, 4, 5, 6, 7]",6,6,-1
4922,0,0,0,none,"[0, 1, 2, 3, 4, 5, 6, 7]",8,7,-1
4923,0,0,0,none,"[0, 1, 2, 3, 4, 5, 6, 7]",8,8,-1
4924,2,0,1,mandatory_skip,"[0, 1, 3, 4, 5, 6, 7]",7,5,6
4925,0,0,0,none,"[0, 1, 2, 3, 4, 5, 6, 7]",8,8,-1
4926,0,0,0,none,"[0, 1, 2, 3, 4, 5, 6, 7]",8,8,-1
4927,0,0,0,none,"[0, 1, 2, 3, 4, 5, 6, 7]",8,6,-1
4928,1,1,0,none,"[0, 1, 2, 3, 4, 5, 6, 7]",8,7,-1
4929,0,0,0,none,"[0, 1, 2, 3, 4, 5, 6, 7]",8,7,-1
4930,2,0,1,reverse,"[0, 1, 2, 3, 2, 4, 5, 6, 7]",9,8,-1
4931,0,0,0,none,"[0, 1, 2, 3, 4, 5, 6, 7]",8,6,-1
4932,0,0,0,none,"[0, 1, 2, 3, 4, 5, 6, 7]",8,8,-1
4933,1,1,0,none,"[0, 1, 2, 3, 4, 5, 6, 7]",8,10,-1
4934,2,0,1,mandatory_skip,"[0, 1, 3, 4, 5, 6, 7]",7,6,-1
4935,1,1,0,none,"[0, 1, 3, 4, 5, 6, 7]",7,6,-1
4936,2,0,1,reverse,"[0, 1, 2, 1, 3, 4, 5, 6, 7]",9,8,-1
4937,1,1,0,none,"[0, 1, 2, 3, 4, 5, 6, 7]",8,7,-1
4938,0,0,0,none,"[0, 1, 2, 3, 4, 5, 6, 7]",8,7,-1
4939,0,0,0,none,"[0, 1, 2, 3, 4, 5, 6, 7]",8,7,-1
4940,1,1,0,none,"[0, 1, 2, 3, 4, 5, 6, 7]",8,10,4
4941,2,0,1,excess_dwell,"[0, 1, 2, 3, 4, 5, 5, 5, 5, 6, 7]",11,11,-1
4942,0,0,0,none,"[0, 1, 2, 3, 4, 5, 6, 7]",8,9,-1
4943,2,0,1,excess_dwell,"[0, 1, 2, 3, 3, 3, 3, 4, 5, 6, 7]",11,13,-1
4944,1,1,0,none,"[0, 1, 2, 3, 4, 5, 6, 7]",8,7,6
4945,2,0,1,excess_dwell,"[0, 1, 2, 3, 4, 4, 4, 4, 5, 6, 7]",11,11,-1
4946,2,0,1,mandatory_skip,"[0, 1, 2, 3, 4, 5, 7]",7,8,-1
4947,0,0,0,none,"[0, 1, 2, 3, 5, 6, 7]",7,7,-1
4948,1,1,0,none,"[0, 1, 2, 3, 5, 6, 7]",7,6,-1
4949,2,0,1,excess_dwell,"[0, 1, 2, 3, 3, 3, 3, 4, 5, 6, 7]",11,11,-1
4950,2,0,1,unauthorized_jump,"[0, 1, 2, 6, 7]",5,6,-1
4951,0,0,0,none,"[0, 1, 2, 3, 4, 5, 6, 7]",8,7,-1
4952,0,0,0,none,"[0, 1, 2, 3, 4, 5, 6, 7]",8,9,-1
4953,1,1,0,none,"[0, 1, 3, 4, 5, 6, 7]",7,6,-1
4954,0,0,0,none,"[0, 1, 2, 3, 4, 5, 6, 7]",8,8,-1
4955,0,0,0,none,"[0, 1, 2, 3, 4, 5, 6, 7]",8,9,-1
4956,1,1,0,none,"[0, 1, 3, 4, 5, 6, 7]",7,8,-1
4957,2,0,1,reverse,"[0, 1, 2, 3, 2, 4, 5, 6, 7]",9,9,-1
4958,0,0,0,none,"[0, 1, 2, 3, 4, 5, 6, 7]",8,7,-1
4959,2,0,1,unauthorized_jump,"[0, 1, 2, 5, 6, 7]",6,6,-1
4960,0,0,0,none,"[0, 1, 2, 3, 4, 5, 6, 7]",8,8,-1
4961,2,0,1,mandatory_skip,"[0, 1, 2, 3, 4, 5, 7]",7,5,-1
4962,0,0,0,none,"[0, 1, 2, 3, 4, 5, 6, 7]",8,8,-1
4963,1,1,0,none,"[0, 1, 3, 4, 5, 6, 7]",7,8,-1
4964,2,0,1,reverse,"[0, 1, 2, 3, 2, 4, 5, 6, 7]",9,7,-1
4965,0,0,0,none,"[0, 1, 3, 4, 5, 6, 7]",7,8,-1
4966,0,0,0,none,"[0, 1, 2, 3, 5, 6, 7]",7,7,-1
4967,2,0,1,excess_dwell,"[0, 1, 2, 3, 4, 4, 4, 4, 5, 6, 7]",11,12,-1
4968,0,0,0,none,"[0, 1, 2, 3, 4, 5, 6, 7]",8,8,-1
4969,0,0,0,none,"[0, 1, 2, 3, 5, 6, 7]",7,7,-1
4970,2,0,1,unauthorized_jump,"[0, 1, 5, 6, 7]",5,5,-1
4971,1,1,0,none,"[0, 1, 2, 3, 4, 5, 6, 7]",8,7,5
4972,2,0,1,excess_dwell,"[0, 1, 2, 3, 3, 3, 3, 4, 5, 6, 7]",11,11,-1
4973,2,0,1,mandatory_skip,"[0, 1, 2, 3, 4, 5, 7]",7,7,-1
4974,0,0,0,none,"[0, 1, 3, 4, 5, 6, 7]",7,6,-1
4975,0,0,0,none,"[0, 1, 2, 3, 4, 5, 6, 7]",8,6,3
4976,0,0,0,none,"[0, 1, 2, 3, 4, 5, 6, 7]",8,8,3
4977,0,0,0,none,"[0, 1, 2, 3, 4, 5, 6, 7]",8,7,-1
4978,0,0,0,none,"[0, 1, 2, 3, 4, 5, 6, 7]",8,10,-1
4979,2,0,1,unauthorized_jump,"[0, 1, 4, 5, 6, 7]",6,7,-1
4980,0,0,0,none,"[0, 1, 2, 3, 4, 5, 6, 7]",8,8,-1
4981,0,0,0,none,"[0, 1, 3, 4, 5, 6, 7]",7,7,-1
4982,1,1,0,none,"[0, 1, 3, 4, 5, 6, 7]",7,8,-1
4983,1,1,0,none,"[0, 1, 2, 3, 5, 6, 7]",7,8,-1
4984,1,1,0,none,"[0, 1, 2, 3, 4, 5, 6, 7]",8,7,7
4985,1,1,0,none,"[0, 1, 2, 3, 4, 5, 6, 7]",8,4,5
4986,0,0,0,none,"[0, 1, 2, 3, 4, 5, 6, 7]",8,9,-1
4987,0,0,0,none,"[0, 1, 3, 4, 5, 6, 7]",7,6,-1
4988,2,0,1,unauthorized_jump,"[0, 1, 2, 6, 7]",5,3,-1
4989,0,0,0,none,"[0, 1, 3, 4, 5, 6, 7]",7,9,-1
4990,0,0,0,none,"[0, 1, 2, 3, 4, 5, 6, 7]",8,8,-1
4991,1,1,0,none,"[0, 1, 2, 3, 4, 5, 6, 7]",8,5,-1
4992,1,1,0,none,"[0, 1, 2, 3, 4, 5, 6, 7]",8,9,-1
4993,2,0,1,reverse,"[0, 1, 2, 3, 4, 3, 5, 6, 7]",9,9,-1
4994,0,0,0,none,"[0, 1, 2, 3, 4, 5, 6, 7]",8,7,-1
4995,2,0,1,mandatory_skip,"[0, 1, 3, 4, 5, 6, 7]",7,5,-1
4996,1,1,0,none,"[0, 1, 2, 3, 4, 5, 6, 7]",8,7,-1
4997,1,1,0,none,"[0, 1, 2, 3, 4, 5, 6, 7]",8,8,3
4998,1,1,0,none,"[0, 1, 2, 3, 5, 6, 7]",7,6,-1
4999,0,0,0,none,"[0, 1, 2, 3, 4, 5, 6, 7]",8,8,-1
